<?xml version="1.0" encoding="utf-8"?>
<annotations>
  <version>1.1</version>
  <meta>
    <task>
      <id>4943</id>
      <name>0619_01(최종검수)</name>
      <size>94</size>
      <mode>annotation</mode>
      <overlap>0</overlap>
      <bugtracker></bugtracker>
      <flipped>False</flipped>
      <created>2019-11-22 02:56:29.486235+03:00</created>
      <updated>2019-11-23 01:31:30.191889+03:00</updated>
      <start_frame>0</start_frame>
      <stop_frame>0</stop_frame>
      <frame_filter>0</frame_filter>
      <labels>
        <label>
          <name>wheelchair</name>
          <attributes>
          </attributes>
        </label>
        <label>
          <name>truck</name>
          <attributes>
          </attributes>
        </label>
        <label>
          <name>tree_trunk</name>
          <attributes>
          </attributes>
        </label>
        <label>
          <name>traffic_sign</name>
          <attributes>
          </attributes>
        </label>
        <label>
          <name>traffic_light</name>
          <attributes>
          </attributes>
        </label>
        <label>
          <name>table</name>
          <attributes>
          </attributes>
        </label>
        <label>
          <name>stroller</name>
          <attributes>
          </attributes>
        </label>
        <label>
          <name>stop</name>
          <attributes>
          </attributes>
        </label>
        <label>
          <name>scooter</name>
          <attributes>
          </attributes>
        </label>
        <label>
          <name>potted_plant</name>
          <attributes>
          </attributes>
        </label>
        <label>
          <name>pole</name>
          <attributes>
          </attributes>
        </label>
        <label>
          <name>person</name>
          <attributes>
          </attributes>
        </label>
        <label>
          <name>parking_meter</name>
          <attributes>
          </attributes>
        </label>
        <label>
          <name>movable_signage</name>
          <attributes>
          </attributes>
        </label>
        <label>
          <name>motorcycle</name>
          <attributes>
          </attributes>
        </label>
        <label>
          <name>kiosk</name>
          <attributes>
          </attributes>
        </label>
        <label>
          <name>fire_hydrant</name>
          <attributes>
          </attributes>
        </label>
        <label>
          <name>dog</name>
          <attributes>
          </attributes>
        </label>
        <label>
          <name>chair</name>
          <attributes>
          </attributes>
        </label>
        <label>
          <name>cat</name>
          <attributes>
          </attributes>
        </label>
        <label>
          <name>carrier</name>
          <attributes>
          </attributes>
        </label>
        <label>
          <name>car</name>
          <attributes>
          </attributes>
        </label>
        <label>
          <name>bus</name>
          <attributes>
          </attributes>
        </label>
        <label>
          <name>bollard</name>
          <attributes>
          </attributes>
        </label>
        <label>
          <name>bicycle</name>
          <attributes>
          </attributes>
        </label>
        <label>
          <name>bench</name>
          <attributes>
          </attributes>
        </label>
        <label>
          <name>barricade</name>
          <attributes>
          </attributes>
        </label>
      </labels>
      <segments>
        <segment>
          <id>4742</id>
          <start>0</start>
          <stop>93</stop>
          <url>http://112.169.146.227:8080/?id=4742</url>
        </segment>
      </segments>
      <owner>
        <username>aiadmin</username>
        <email>aiadmin@testworks.co.kr</email>
      </owner>
    </task>
    <dumped>2019-11-29 03:45:25.649889+03:00</dumped>
  </meta>
  <image id="0" name="MP_SEL_000401.jpg" width="1920" height="1080">
    <box label="traffic_sign" occluded="1" xtl="1383.30" ytl="41.00" xbr="1463.80" ybr="118.80" z_order="0">
    </box>
    <box label="pole" occluded="1" xtl="1116.80" ytl="0.00" xbr="1147.17" ybr="472.20" z_order="0">
    </box>
    <box label="car" occluded="1" xtl="1365.60" ytl="422.50" xbr="1524.40" ybr="536.50" z_order="0">
    </box>
    <box label="tree_trunk" occluded="0" xtl="1214.00" ytl="149.20" xbr="1249.40" ybr="554.40" z_order="0">
    </box>
    <box label="bus" occluded="1" xtl="1230.90" ytl="325.29" xbr="1390.40" ybr="510.29" z_order="0">
    </box>
    <box label="tree_trunk" occluded="0" xtl="1139.26" ytl="308.89" xbr="1170.10" ybr="519.06" z_order="0">
    </box>
    <box label="traffic_sign" occluded="0" xtl="1391.30" ytl="377.20" xbr="1428.50" ybr="400.10" z_order="0">
    </box>
    <box label="pole" occluded="1" xtl="1193.80" ytl="262.60" xbr="1208.30" ybr="479.30" z_order="0">
    </box>
    <box label="bus" occluded="1" xtl="1484.00" ytl="191.90" xbr="1920.00" ybr="661.90" z_order="0">
    </box>
    <box label="traffic_sign" occluded="1" xtl="1233.52" ytl="169.70" xbr="1390.90" ybr="252.00" z_order="0">
    </box>
    <box label="tree_trunk" occluded="1" xtl="1629.70" ytl="0.00" xbr="1885.30" ybr="853.50" z_order="0">
    </box>
    <box label="traffic_sign" occluded="1" xtl="1238.20" ytl="280.80" xbr="1298.30" ybr="335.40" z_order="0">
    </box>
  </image>
  <image id="1" name="MP_SEL_000402.jpg" width="1920" height="1080">
    <box label="car" occluded="1" xtl="847.00" ytl="327.40" xbr="998.80" ybr="412.67" z_order="0">
    </box>
    <box label="bollard" occluded="0" xtl="952.20" ytl="403.60" xbr="967.90" ybr="464.50" z_order="0">
    </box>
    <box label="pole" occluded="1" xtl="1281.10" ytl="0.00" xbr="1349.70" ybr="509.28" z_order="0">
    </box>
    <box label="traffic_sign" occluded="0" xtl="282.16" ytl="228.16" xbr="334.47" ybr="257.30" z_order="0">
    </box>
    <box label="traffic_sign" occluded="1" xtl="742.50" ytl="201.90" xbr="780.70" ybr="242.20" z_order="0">
    </box>
    <box label="traffic_light" occluded="0" xtl="351.90" ytl="131.30" xbr="424.80" ybr="150.70" z_order="0">
    </box>
    <box label="traffic_sign" occluded="0" xtl="497.50" ytl="115.10" xbr="545.30" ybr="163.40" z_order="0">
    </box>
    <box label="pole" occluded="0" xtl="1462.00" ytl="36.40" xbr="1527.90" ybr="523.70" z_order="0">
    </box>
    <box label="person" occluded="0" xtl="828.20" ytl="328.50" xbr="852.00" ybr="405.00" z_order="0">
    </box>
    <box label="traffic_sign" occluded="1" xtl="447.70" ytl="0.00" xbr="503.11" ybr="41.62" z_order="0">
    </box>
    <box label="bollard" occluded="0" xtl="883.36" ytl="393.62" xbr="895.50" ybr="453.70" z_order="0">
    </box>
    <box label="car" occluded="0" xtl="282.50" ytl="347.00" xbr="422.00" ybr="421.60" z_order="0">
    </box>
    <box label="bollard" occluded="0" xtl="1065.20" ytl="415.94" xbr="1079.70" ybr="481.80" z_order="0">
    </box>
    <box label="traffic_sign" occluded="1" xtl="622.00" ytl="173.03" xbr="738.20" ybr="250.20" z_order="0">
    </box>
    <box label="bus" occluded="0" xtl="476.86" ytl="292.10" xbr="675.20" ybr="414.50" z_order="0">
    </box>
    <box label="person" occluded="0" xtl="796.60" ytl="342.09" xbr="819.50" ybr="406.70" z_order="0">
    </box>
    <box label="car" occluded="1" xtl="0.00" ytl="444.05" xbr="401.30" ybr="882.55" z_order="0">
    </box>
    <box label="tree_trunk" occluded="0" xtl="861.32" ytl="114.60" xbr="911.60" ybr="435.50" z_order="0">
    </box>
    <box label="pole" occluded="1" xtl="677.10" ytl="2.30" xbr="712.10" ybr="425.50" z_order="0">
    </box>
    <box label="person" occluded="1" xtl="1882.00" ytl="414.89" xbr="1920.00" ybr="541.20" z_order="0">
    </box>
    <box label="traffic_sign" occluded="0" xtl="1297.52" ytl="107.10" xbr="1340.10" ybr="177.60" z_order="0">
    </box>
    <box label="person" occluded="1" xtl="835.30" ytl="130.90" xbr="865.80" ybr="405.80" z_order="0">
    </box>
    <box label="person" occluded="1" xtl="1404.70" ytl="0.00" xbr="1441.80" ybr="517.00" z_order="0">
    </box>
    <box label="car" occluded="0" xtl="42.22" ytl="341.20" xbr="297.47" ybr="444.12" z_order="0">
    </box>
    <box label="person" occluded="1" xtl="845.00" ytl="334.00" xbr="871.80" ybr="407.60" z_order="0">
    </box>
    <box label="traffic_light" occluded="0" xtl="1175.10" ytl="211.70" xbr="1205.00" ybr="275.00" z_order="0">
    </box>
    <box label="pole" occluded="1" xtl="731.00" ytl="1.60" xbr="772.40" ybr="432.60" z_order="0">
    </box>
    <box label="pole" occluded="1" xtl="1214.19" ytl="0.00" xbr="1234.75" ybr="508.46" z_order="0">
    </box>
    <box label="person" occluded="0" xtl="1353.40" ytl="371.00" xbr="1416.80" ybr="497.00" z_order="0">
    </box>
  </image>
  <image id="2" name="MP_SEL_000403.jpg" width="1920" height="1080">
    <box label="pole" occluded="1" xtl="900.10" ytl="0.00" xbr="917.73" ybr="408.00" z_order="0">
    </box>
    <box label="tree_trunk" occluded="1" xtl="795.10" ytl="129.81" xbr="853.00" ybr="506.30" z_order="0">
    </box>
    <box label="tree_trunk" occluded="1" xtl="675.00" ytl="156.22" xbr="692.44" ybr="261.79" z_order="0">
    </box>
    <box label="tree_trunk" occluded="1" xtl="656.57" ytl="107.40" xbr="666.45" ybr="269.30" z_order="0">
    </box>
    <box label="truck" occluded="1" xtl="574.42" ytl="232.10" xbr="648.50" ybr="300.90" z_order="0">
    </box>
    <box label="car" occluded="1" xtl="750.00" ytl="310.10" xbr="854.10" ybr="400.80" z_order="0">
    </box>
    <box label="person" occluded="0" xtl="963.09" ytl="250.28" xbr="979.56" ybr="290.30" z_order="0">
    </box>
    <box label="traffic_sign" occluded="0" xtl="1179.40" ytl="239.57" xbr="1202.90" ybr="305.10" z_order="0">
    </box>
    <box label="tree_trunk" occluded="0" xtl="933.58" ytl="178.30" xbr="951.03" ybr="321.08" z_order="0">
    </box>
    <box label="person" occluded="0" xtl="158.90" ytl="277.94" xbr="185.20" ybr="359.20" z_order="0">
    </box>
    <box label="tree_trunk" occluded="0" xtl="177.50" ytl="178.50" xbr="209.40" ybr="362.20" z_order="0">
    </box>
    <box label="traffic_sign" occluded="0" xtl="497.63" ytl="90.72" xbr="616.05" ybr="170.20" z_order="0">
    </box>
    <box label="traffic_sign" occluded="0" xtl="878.70" ytl="204.32" xbr="910.20" ybr="237.20" z_order="0">
    </box>
    <box label="tree_trunk" occluded="1" xtl="231.31" ytl="2.07" xbr="501.31" ybr="965.55" z_order="0">
    </box>
    <box label="car" occluded="1" xtl="623.80" ytl="270.90" xbr="697.30" ybr="321.70" z_order="0">
    </box>
    <box label="car" occluded="1" xtl="814.15" ytl="292.43" xbr="900.86" ybr="381.43" z_order="0">
    </box>
    <box label="bus" occluded="1" xtl="368.20" ytl="220.20" xbr="566.00" ybr="364.30" z_order="0">
    </box>
    <box label="tree_trunk" occluded="0" xtl="918.51" ytl="196.94" xbr="942.31" ybr="361.93" z_order="0">
    </box>
    <box label="pole" occluded="1" xtl="700.97" ytl="0.00" xbr="776.36" ybr="572.57" z_order="0">
    </box>
    <box label="tree_trunk" occluded="0" xtl="0.00" ytl="189.50" xbr="31.21" ybr="385.57" z_order="0">
    </box>
    <box label="tree_trunk" occluded="1" xtl="1541.54" ytl="295.00" xbr="1658.32" ybr="1077.89" z_order="0">
    </box>
    <box label="pole" occluded="1" xtl="638.28" ytl="92.41" xbr="652.51" ybr="290.20" z_order="0">
    </box>
  </image>
  <image id="3" name="MP_SEL_000404.jpg" width="1920" height="1080">
    <box label="car" occluded="1" xtl="436.80" ytl="16.00" xbr="551.10" ybr="84.90" z_order="0">
    </box>
    <box label="car" occluded="0" xtl="465.00" ytl="9.00" xbr="742.60" ybr="241.50" z_order="0">
    </box>
    <box label="car" occluded="1" xtl="2.00" ytl="13.00" xbr="164.00" ybr="131.00" z_order="0">
    </box>
    <box label="car" occluded="1" xtl="637.30" ytl="2.00" xbr="838.00" ybr="175.40" z_order="0">
    </box>
    <box label="car" occluded="0" xtl="321.00" ytl="13.00" xbr="441.70" ybr="82.70" z_order="0">
    </box>
    <box label="car" occluded="1" xtl="1586.26" ytl="206.40" xbr="1920.00" ybr="766.91" z_order="0">
    </box>
    <box label="pole" occluded="1" xtl="853.03" ytl="0.00" xbr="895.29" ybr="247.44" z_order="0">
    </box>
  </image>
  <image id="4" name="MP_SEL_000405.jpg" width="1920" height="1080">
    <box label="pole" occluded="1" xtl="677.45" ytl="216.93" xbr="696.64" ybr="471.86" z_order="0">
    </box>
    <box label="car" occluded="1" xtl="519.10" ytl="520.00" xbr="836.00" ybr="787.20" z_order="0">
    </box>
    <box label="car" occluded="1" xtl="1.30" ytl="482.70" xbr="679.40" ybr="1080.00" z_order="0">
    </box>
    <box label="traffic_sign" occluded="0" xtl="743.60" ytl="181.17" xbr="919.65" ybr="372.20" z_order="0">
    </box>
    <box label="car" occluded="1" xtl="771.50" ytl="516.60" xbr="941.00" ybr="691.10" z_order="0">
    </box>
    <box label="pole" occluded="0" xtl="817.81" ytl="375.10" xbr="853.33" ybr="953.28" z_order="0">
    </box>
    <box label="traffic_sign" occluded="0" xtl="738.10" ytl="0.00" xbr="903.07" ybr="175.60" z_order="0">
    </box>
    <box label="tree_trunk" occluded="1" xtl="629.80" ytl="328.84" xbr="677.40" ybr="496.80" z_order="0">
    </box>
  </image>
  <image id="5" name="MP_SEL_000406.jpg" width="1920" height="1080">
    <box label="traffic_sign" occluded="0" xtl="905.60" ytl="323.20" xbr="925.97" ybr="360.70" z_order="0">
    </box>
    <box label="car" occluded="1" xtl="1055.80" ytl="404.00" xbr="1215.90" ybr="540.90" z_order="0">
    </box>
    <box label="car" occluded="1" xtl="997.20" ytl="402.00" xbr="1086.80" ybr="486.50" z_order="0">
    </box>
    <box label="car" occluded="0" xtl="1148.90" ytl="430.80" xbr="1621.30" ybr="749.00" z_order="0">
    </box>
    <box label="car" occluded="1" xtl="966.22" ytl="399.94" xbr="1013.23" ybr="437.03" z_order="0">
    </box>
    <box label="car" occluded="1" xtl="1087.70" ytl="436.40" xbr="1314.80" ybr="610.30" z_order="0">
    </box>
  </image>
  <image id="6" name="MP_SEL_000407.jpg" width="1920" height="1080">
    <box label="person" occluded="1" xtl="1716.30" ytl="0.00" xbr="1762.90" ybr="108.00" z_order="0">
    </box>
    <box label="car" occluded="1" xtl="1402.00" ytl="1.00" xbr="1707.10" ybr="98.90" z_order="0">
    </box>
    <box label="car" occluded="1" xtl="1122.50" ytl="0.00" xbr="1339.90" ybr="155.80" z_order="0">
    </box>
    <box label="car" occluded="1" xtl="104.20" ytl="3.00" xbr="659.20" ybr="228.00" z_order="0">
    </box>
    <box label="car" occluded="1" xtl="609.79" ytl="0.00" xbr="1006.95" ybr="148.00" z_order="0">
    </box>
    <box label="car" occluded="1" xtl="1085.40" ytl="0.00" xbr="1215.70" ybr="43.60" z_order="0">
    </box>
  </image>
  <image id="7" name="MP_SEL_000408.jpg" width="1920" height="1080">
    <box label="pole" occluded="0" xtl="892.50" ytl="0.03" xbr="926.70" ybr="674.00" z_order="0">
    </box>
    <box label="pole" occluded="1" xtl="851.87" ytl="100.88" xbr="889.37" ybr="708.78" z_order="0">
    </box>
    <box label="car" occluded="1" xtl="1155.40" ytl="521.00" xbr="1601.00" ybr="851.00" z_order="0">
    </box>
    <box label="traffic_sign" occluded="0" xtl="837.30" ytl="307.20" xbr="896.30" ybr="423.40" z_order="0">
    </box>
    <box label="car" occluded="1" xtl="1404.60" ytl="433.60" xbr="1920.00" ybr="1080.00" z_order="0">
    </box>
    <box label="car" occluded="0" xtl="993.20" ytl="556.20" xbr="1094.60" ybr="631.00" z_order="0">
    </box>
  </image>
  <image id="8" name="MP_SEL_000409.jpg" width="1920" height="1080">
    <box label="bollard" occluded="1" xtl="887.70" ytl="0.00" xbr="951.62" ybr="123.10" z_order="0">
    </box>
    <box label="pole" occluded="1" xtl="190.22" ytl="0.00" xbr="494.33" ybr="934.00" z_order="0">
    </box>
    <box label="bollard" occluded="0" xtl="1010.83" ytl="62.20" xbr="1079.50" ybr="165.70" z_order="0">
    </box>
    <box label="movable_signage" occluded="1" xtl="413.36" ytl="0.00" xbr="540.01" ybr="271.26" z_order="0">
    </box>
    <box label="chair" occluded="1" xtl="411.70" ytl="1.37" xbr="642.68" ybr="236.72" z_order="0">
    </box>
  </image>
  <image id="9" name="MP_SEL_000410.jpg" width="1920" height="1080">
    <box label="movable_signage" occluded="0" xtl="38.36" ytl="411.06" xbr="192.97" ybr="828.84" z_order="0">
    </box>
    <box label="chair" occluded="1" xtl="125.00" ytl="468.00" xbr="413.60" ybr="759.40" z_order="0">
    </box>
    <box label="bollard" occluded="0" xtl="553.00" ytl="380.03" xbr="627.01" ybr="510.70" z_order="0">
    </box>
    <box label="bollard" occluded="0" xtl="806.57" ytl="400.59" xbr="876.47" ybr="580.14" z_order="0">
    </box>
    <box label="bollard" occluded="0" xtl="924.44" ytl="539.02" xbr="999.82" ybr="650.04" z_order="0">
    </box>
    <box label="bollard" occluded="0" xtl="1768.85" ytl="362.40" xbr="1808.32" ybr="441.35" z_order="0">
    </box>
  </image>
  <image id="10" name="MP_SEL_000411.jpg" width="1920" height="1080">
    <box label="truck" occluded="1" xtl="1667.00" ytl="260.00" xbr="1916.00" ybr="749.00" z_order="0">
    </box>
    <box label="person" occluded="1" xtl="1546.00" ytl="401.00" xbr="1592.00" ybr="506.50" z_order="0">
    </box>
    <box label="bollard" occluded="0" xtl="1021.90" ytl="494.34" xbr="1049.40" ybr="565.40" z_order="0">
    </box>
    <box label="pole" occluded="1" xtl="1759.72" ytl="0.00" xbr="1812.35" ybr="612.43" z_order="0">
    </box>
    <box label="car" occluded="1" xtl="1590.00" ytl="414.10" xbr="1865.50" ybr="603.40" z_order="0">
    </box>
    <box label="carrier" occluded="1" xtl="1523.45" ytl="461.44" xbr="1622.14" ybr="548.61" z_order="0">
    </box>
  </image>
  <image id="11" name="MP_SEL_000412.jpg" width="1920" height="1080">
    <box label="car" occluded="1" xtl="941.50" ytl="417.00" xbr="991.00" ybr="463.00" z_order="0">
    </box>
    <box label="bollard" occluded="0" xtl="90.79" ytl="574.63" xbr="233.10" ybr="769.19" z_order="0">
    </box>
    <box label="truck" occluded="0" xtl="588.00" ytl="352.10" xbr="856.70" ybr="605.00" z_order="0">
    </box>
    <box label="pole" occluded="1" xtl="853.60" ytl="0.00" xbr="882.40" ybr="510.00" z_order="0">
    </box>
    <box label="bollard" occluded="0" xtl="457.05" ytl="511.70" xbr="573.57" ybr="676.65" z_order="0">
    </box>
  </image>
  <image id="12" name="MP_SEL_000413.jpg" width="1920" height="1080">
    <box label="bicycle" occluded="1" xtl="988.20" ytl="625.80" xbr="1066.50" ybr="688.00" z_order="0">
    </box>
    <box label="car" occluded="1" xtl="1603.30" ytl="688.30" xbr="1920.00" ybr="952.40" z_order="0">
    </box>
    <box label="pole" occluded="1" xtl="1227.40" ytl="0.00" xbr="1276.74" ybr="704.54" z_order="0">
    </box>
    <box label="car" occluded="1" xtl="727.70" ytl="595.40" xbr="852.28" ybr="691.10" z_order="0">
    </box>
    <box label="pole" occluded="1" xtl="1607.33" ytl="3.88" xbr="1664.90" ybr="869.01" z_order="0">
    </box>
    <box label="bollard" occluded="0" xtl="354.04" ytl="771.30" xbr="475.75" ybr="1014.50" z_order="0">
    </box>
    <box label="potted_plant" occluded="0" xtl="1295.00" ytl="678.00" xbr="1382.00" ybr="772.00" z_order="0">
    </box>
    <box label="potted_plant" occluded="0" xtl="1131.00" ytl="651.00" xbr="1192.60" ybr="713.30" z_order="0">
    </box>
    <box label="bollard" occluded="0" xtl="1021.20" ytl="629.81" xbr="1073.55" ybr="705.95" z_order="0">
    </box>
  </image>
  <image id="13" name="MP_SEL_000414.jpg" width="1920" height="1080">
    <box label="person" occluded="0" xtl="962.60" ytl="312.76" xbr="983.60" ybr="373.90" z_order="0">
    </box>
  </image>
  <image id="14" name="MP_SEL_000415.jpg" width="1920" height="1080">
    <box label="car" occluded="1" xtl="1613.90" ytl="499.53" xbr="1920.00" ybr="992.17" z_order="0">
    </box>
    <box label="movable_signage" occluded="0" xtl="750.54" ytl="476.85" xbr="795.40" ybr="583.80" z_order="0">
    </box>
    <box label="barricade" occluded="0" xtl="180.36" ytl="669.80" xbr="580.00" ybr="995.49" z_order="0">
    </box>
    <box label="car" occluded="1" xtl="994.70" ytl="430.00" xbr="1116.60" ybr="477.00" z_order="0">
    </box>
    <box label="pole" occluded="1" xtl="824.24" ytl="110.40" xbr="851.87" ybr="540.62" z_order="0">
    </box>
    <box label="potted_plant" occluded="0" xtl="298.00" ytl="526.00" xbr="360.00" ybr="704.00" z_order="0">
    </box>
    <box label="pole" occluded="1" xtl="930.82" ytl="0.00" xbr="952.53" ybr="497.20" z_order="0">
    </box>
    <box label="truck" occluded="0" xtl="1163.29" ytl="414.00" xbr="1314.80" ybr="541.00" z_order="0">
    </box>
    <box label="car" occluded="1" xtl="866.80" ytl="433.60" xbr="963.30" ybr="538.10" z_order="0">
    </box>
    <box label="car" occluded="1" xtl="694.37" ytl="446.37" xbr="904.00" ybr="578.70" z_order="0">
    </box>
    <box label="car" occluded="1" xtl="945.00" ytl="429.00" xbr="1009.40" ybr="495.80" z_order="0">
    </box>
    <box label="potted_plant" occluded="1" xtl="339.90" ytl="561.28" xbr="425.42" ybr="694.50" z_order="0">
    </box>
  </image>
  <image id="15" name="MP_SEL_000416.jpg" width="1920" height="1080">
    <box label="car" occluded="0" xtl="761.90" ytl="431.00" xbr="998.00" ybr="617.00" z_order="0">
    </box>
    <box label="pole" occluded="1" xtl="819.50" ytl="22.80" xbr="858.98" ybr="535.13" z_order="0">
    </box>
    <box label="truck" occluded="1" xtl="0.00" ytl="530.00" xbr="493.60" ybr="931.20" z_order="0">
    </box>
  </image>
  <image id="16" name="MP_SEL_000417.jpg" width="1920" height="1080">
    <box label="car" occluded="1" xtl="85.60" ytl="310.00" xbr="490.30" ybr="609.40" z_order="0">
    </box>
    <box label="car" occluded="0" xtl="1422.70" ytl="330.00" xbr="1905.50" ybr="508.00" z_order="0">
    </box>
    <box label="car" occluded="0" xtl="754.40" ytl="353.00" xbr="1252.00" ybr="524.00" z_order="0">
    </box>
    <box label="car" occluded="1" xtl="0.00" ytl="338.00" xbr="528.20" ybr="1080.00" z_order="0">
    </box>
  </image>
  <image id="17" name="MP_SEL_000418.jpg" width="1920" height="1080">
    <box label="pole" occluded="1" xtl="586.40" ytl="0.00" xbr="669.30" ybr="870.60" z_order="0">
    </box>
    <box label="movable_signage" occluded="0" xtl="1073.20" ytl="524.38" xbr="1095.30" ybr="577.30" z_order="0">
    </box>
    <box label="car" occluded="1" xtl="964.01" ytl="472.47" xbr="1031.71" ybr="538.27" z_order="0">
    </box>
    <box label="car" occluded="1" xtl="1631.10" ytl="410.00" xbr="1920.00" ybr="1068.20" z_order="0">
    </box>
    <box label="person" occluded="0" xtl="925.50" ytl="475.62" xbr="940.92" ybr="516.75" z_order="0">
    </box>
    <box label="potted_plant" occluded="0" xtl="167.00" ytl="495.00" xbr="354.60" ybr="640.70" z_order="0">
    </box>
    <box label="car" occluded="0" xtl="987.60" ytl="482.00" xbr="1055.30" ybr="547.80" z_order="0">
    </box>
    <box label="pole" occluded="1" xtl="871.12" ytl="116.32" xbr="890.45" ybr="541.21" z_order="0">
    </box>
    <box label="pole" occluded="0" xtl="833.35" ytl="130.50" xbr="860.95" ybr="600.27" z_order="0">
    </box>
  </image>
  <image id="18" name="MP_SEL_000419.jpg" width="1920" height="1080">
    <box label="bollard" occluded="1" xtl="649.58" ytl="470.20" xbr="675.00" ybr="541.54" z_order="0">
    </box>
    <box label="pole" occluded="1" xtl="698.72" ytl="1.89" xbr="717.76" ybr="491.13" z_order="0">
    </box>
    <box label="car" occluded="1" xtl="1012.00" ytl="408.00" xbr="1111.00" ybr="487.00" z_order="0">
    </box>
    <box label="pole" occluded="1" xtl="1148.93" ytl="137.05" xbr="1175.58" ybr="508.26" z_order="0">
    </box>
    <box label="truck" occluded="0" xtl="705.00" ytl="372.00" xbr="865.00" ybr="535.00" z_order="0">
    </box>
    <box label="car" occluded="0" xtl="1315.20" ytl="428.00" xbr="1831.00" ybr="679.00" z_order="0">
    </box>
    <box label="car" occluded="0" xtl="1076.80" ytl="413.00" xbr="1274.00" ybr="528.00" z_order="0">
    </box>
    <box label="bollard" occluded="0" xtl="742.01" ytl="526.94" xbr="803.69" ybr="666.80" z_order="0">
    </box>
    <box label="chair" occluded="0" xtl="1234.30" ytl="464.50" xbr="1295.97" ybr="545.30" z_order="0">
    </box>
  </image>
  <image id="19" name="MP_SEL_000420.jpg" width="1920" height="1080">
    <box label="motorcycle" occluded="0" xtl="887.00" ytl="389.90" xbr="955.30" ybr="464.70" z_order="0">
    </box>
    <box label="car" occluded="1" xtl="1122.00" ytl="362.00" xbr="1287.00" ybr="500.00" z_order="0">
    </box>
    <box label="person" occluded="0" xtl="1055.00" ytl="360.00" xbr="1084.00" ybr="459.00" z_order="0">
    </box>
    <box label="car" occluded="1" xtl="1.60" ytl="403.10" xbr="462.00" ybr="1071.00" z_order="0">
    </box>
    <box label="carrier" occluded="1" xtl="1661.42" ytl="714.51" xbr="1920.00" ybr="1080.00" z_order="0">
    </box>
    <box label="car" occluded="1" xtl="868.50" ytl="343.80" xbr="984.10" ybr="450.20" z_order="0">
    </box>
    <box label="pole" occluded="0" xtl="764.87" ytl="50.20" xbr="797.20" ybr="505.12" z_order="0">
    </box>
    <box label="carrier" occluded="1" xtl="1064.70" ytl="392.46" xbr="1123.30" ybr="453.80" z_order="0">
    </box>
    <box label="car" occluded="1" xtl="6.00" ytl="391.20" xbr="422.00" ybr="704.00" z_order="0">
    </box>
  </image>
  <image id="20" name="MP_SEL_000421.jpg" width="1920" height="1080">
    <box label="car" occluded="1" xtl="1319.00" ytl="312.30" xbr="1920.00" ybr="874.00" z_order="0">
    </box>
    <box label="car" occluded="1" xtl="1156.00" ytl="395.00" xbr="1378.90" ybr="574.80" z_order="0">
    </box>
    <box label="truck" occluded="1" xtl="1156.50" ytl="289.00" xbr="1326.00" ybr="448.20" z_order="0">
    </box>
  </image>
  <image id="21" name="MP_SEL_000422.jpg" width="1920" height="1080">
    <box label="carrier" occluded="1" xtl="859.80" ytl="551.00" xbr="896.00" ybr="615.20" z_order="0">
    </box>
    <box label="car" occluded="0" xtl="1034.60" ytl="538.70" xbr="1121.40" ybr="613.50" z_order="0">
    </box>
    <box label="movable_signage" occluded="0" xtl="398.56" ytl="628.17" xbr="457.77" ybr="791.01" z_order="0">
    </box>
    <box label="car" occluded="1" xtl="719.00" ytl="548.00" xbr="874.00" ybr="687.00" z_order="0">
    </box>
    <box label="pole" occluded="1" xtl="848.00" ytl="70.32" xbr="867.20" ybr="649.27" z_order="0">
    </box>
    <box label="pole" occluded="0" xtl="747.30" ytl="190.39" xbr="769.20" ybr="693.30" z_order="0">
    </box>
    <box label="car" occluded="1" xtl="1204.10" ytl="455.20" xbr="1552.40" ybr="866.20" z_order="0">
    </box>
    <box label="car" occluded="1" xtl="1327.60" ytl="566.60" xbr="1920.00" ybr="1080.00" z_order="0">
    </box>
    <box label="motorcycle" occluded="0" xtl="1139.50" ytl="562.66" xbr="1230.38" ybr="720.40" z_order="0">
    </box>
  </image>
  <image id="22" name="MP_SEL_000423.jpg" width="1920" height="1080">
    <box label="car" occluded="1" xtl="199.60" ytl="491.20" xbr="523.34" ybr="633.90" z_order="0">
    </box>
    <box label="car" occluded="1" xtl="493.00" ytl="471.00" xbr="718.20" ybr="597.10" z_order="0">
    </box>
    <box label="car" occluded="1" xtl="280.30" ytl="487.70" xbr="645.60" ybr="610.00" z_order="0">
    </box>
    <box label="car" occluded="1" xtl="1054.00" ytl="496.60" xbr="1527.10" ybr="697.30" z_order="0">
    </box>
    <box label="car" occluded="1" xtl="1045.45" ytl="477.60" xbr="1391.80" ybr="597.60" z_order="0">
    </box>
    <box label="car" occluded="1" xtl="565.00" ytl="466.00" xbr="780.90" ybr="582.10" z_order="0">
    </box>
  </image>
  <image id="23" name="MP_SEL_000424.jpg" width="1920" height="1080">
    <box label="pole" occluded="1" xtl="680.84" ytl="0.00" xbr="711.66" ybr="412.14" z_order="0">
    </box>
    <box label="car" occluded="1" xtl="979.60" ytl="395.21" xbr="1053.59" ybr="492.50" z_order="0">
    </box>
    <box label="car" occluded="1" xtl="998.60" ytl="374.00" xbr="1267.70" ybr="593.60" z_order="0">
    </box>
    <box label="barricade" occluded="0" xtl="1140.71" ytl="500.46" xbr="1247.79" ybr="681.30" z_order="0">
    </box>
    <box label="car" occluded="1" xtl="943.93" ytl="373.60" xbr="1045.60" ybr="463.55" z_order="0">
    </box>
    <box label="truck" occluded="0" xtl="140.80" ytl="332.80" xbr="633.00" ybr="721.60" z_order="0">
    </box>
    <box label="person" occluded="0" xtl="673.36" ytl="395.30" xbr="720.70" ybr="521.00" z_order="0">
    </box>
    <box label="car" occluded="0" xtl="742.10" ytl="379.70" xbr="813.80" ybr="438.50" z_order="0">
    </box>
  </image>
  <image id="24" name="MP_SEL_000425.jpg" width="1920" height="1080">
    <box label="car" occluded="1" xtl="1563.00" ytl="274.00" xbr="1668.70" ybr="343.10" z_order="0">
    </box>
    <box label="car" occluded="0" xtl="360.43" ytl="353.00" xbr="852.40" ybr="515.30" z_order="0">
    </box>
    <box label="bollard" occluded="1" xtl="1802.00" ytl="350.55" xbr="1841.66" ybr="467.54" z_order="0">
    </box>
    <box label="pole" occluded="1" xtl="1764.22" ytl="0.00" xbr="1824.52" ybr="403.88" z_order="0">
    </box>
    <box label="car" occluded="1" xtl="93.60" ytl="304.70" xbr="400.50" ybr="511.90" z_order="0">
    </box>
    <box label="car" occluded="0" xtl="1494.00" ytl="318.00" xbr="1819.00" ybr="535.10" z_order="0">
    </box>
    <box label="pole" occluded="1" xtl="1445.55" ytl="0.00" xbr="1489.41" ybr="374.00" z_order="0">
    </box>
    <box label="pole" occluded="1" xtl="49.57" ytl="5.75" xbr="221.28" ybr="629.44" z_order="0">
    </box>
  </image>
  <image id="25" name="MP_SEL_000426.jpg" width="1920" height="1080">
    <box label="pole" occluded="1" xtl="1079.64" ytl="5.95" xbr="1119.11" ybr="586.21" z_order="0">
    </box>
    <box label="pole" occluded="1" xtl="722.40" ytl="0.03" xbr="783.58" ybr="633.58" z_order="0">
    </box>
    <box label="person" occluded="0" xtl="996.00" ytl="488.00" xbr="1038.30" ybr="594.00" z_order="0">
    </box>
    <box label="pole" occluded="1" xtl="1344.78" ytl="24.15" xbr="1394.52" ybr="644.67" z_order="0">
    </box>
    <box label="truck" occluded="0" xtl="1037.70" ytl="466.00" xbr="1188.10" ybr="626.50" z_order="0">
    </box>
    <box label="motorcycle" occluded="1" xtl="1596.00" ytl="590.00" xbr="1920.00" ybr="1080.00" z_order="0">
    </box>
    <box label="car" occluded="1" xtl="1142.90" ytl="436.00" xbr="1762.00" ybr="866.20" z_order="0">
    </box>
    <box label="pole" occluded="0" xtl="823.70" ytl="311.87" xbr="843.40" ybr="570.50" z_order="0">
    </box>
    <box label="motorcycle" occluded="1" xtl="745.78" ytl="501.91" xbr="830.38" ybr="572.86" z_order="0">
    </box>
  </image>
  <image id="26" name="MP_SEL_000427.jpg" width="1920" height="1080">
    <box label="truck" occluded="1" xtl="1568.70" ytl="233.10" xbr="1920.00" ybr="462.00" z_order="0">
    </box>
    <box label="person" occluded="1" xtl="1829.00" ytl="314.00" xbr="1920.00" ybr="522.40" z_order="0">
    </box>
    <box label="motorcycle" occluded="1" xtl="0.00" ytl="369.30" xbr="413.00" ybr="1078.20" z_order="0">
    </box>
    <box label="bollard" occluded="0" xtl="1361.60" ytl="535.30" xbr="1515.55" ybr="755.00" z_order="0">
    </box>
  </image>
  <image id="27" name="MP_SEL_000428.jpg" width="1920" height="1080">
    <box label="pole" occluded="1" xtl="164.83" ytl="0.00" xbr="264.31" ybr="858.31" z_order="0">
    </box>
    <box label="car" occluded="1" xtl="867.00" ytl="517.79" xbr="904.01" ybr="548.43" z_order="0">
    </box>
    <box label="truck" occluded="1" xtl="1486.50" ytl="255.00" xbr="1920.00" ybr="930.60" z_order="0">
    </box>
    <box label="barricade" occluded="1" xtl="615.88" ytl="576.27" xbr="638.46" ybr="659.45" z_order="0">
    </box>
    <box label="pole" occluded="1" xtl="1002.40" ytl="156.07" xbr="1024.40" ybr="582.80" z_order="0">
    </box>
    <box label="car" occluded="0" xtl="888.34" ytl="519.48" xbr="936.56" ybr="554.55" z_order="0">
    </box>
    <box label="car" occluded="0" xtl="747.30" ytl="514.00" xbr="836.20" ybr="583.50" z_order="0">
    </box>
    <box label="car" occluded="1" xtl="726.04" ytl="505.77" xbr="789.38" ybr="568.56" z_order="0">
    </box>
    <box label="movable_signage" occluded="0" xtl="1120.60" ytl="560.23" xbr="1164.14" ybr="615.58" z_order="0">
    </box>
    <box label="fire_hydrant" occluded="0" xtl="578.34" ytl="578.55" xbr="600.48" ybr="642.19" z_order="1">
    </box>
  </image>
  <image id="28" name="MP_SEL_000429.jpg" width="1920" height="1080">
    <box label="potted_plant" occluded="0" xtl="1128.95" ytl="242.41" xbr="1164.17" ybr="296.90" z_order="0">
    </box>
    <box label="potted_plant" occluded="0" xtl="1187.20" ytl="246.00" xbr="1225.50" ybr="324.40" z_order="0">
    </box>
    <box label="potted_plant" occluded="0" xtl="1088.50" ytl="243.40" xbr="1124.80" ybr="307.80" z_order="0">
    </box>
    <box label="potted_plant" occluded="1" xtl="886.00" ytl="204.80" xbr="938.20" ybr="316.00" z_order="0">
    </box>
  </image>
  <image id="29" name="MP_SEL_000430.jpg" width="1920" height="1080">
    <box label="car" occluded="1" xtl="680.60" ytl="417.70" xbr="798.50" ybr="510.60" z_order="0">
    </box>
    <box label="car" occluded="1" xtl="342.40" ytl="449.30" xbr="615.70" ybr="662.50" z_order="0">
    </box>
    <box label="car" occluded="0" xtl="1000.71" ytl="380.50" xbr="1053.22" ybr="419.44" z_order="0">
    </box>
    <box label="car" occluded="1" xtl="789.00" ytl="382.00" xbr="892.00" ybr="456.00" z_order="0">
    </box>
    <box label="car" occluded="1" xtl="544.00" ytl="409.00" xbr="729.00" ybr="564.00" z_order="0">
    </box>
    <box label="car" occluded="1" xtl="768.61" ytl="410.00" xbr="834.61" ybr="492.61" z_order="0">
    </box>
    <box label="pole" occluded="1" xtl="1065.50" ytl="0.00" xbr="1092.30" ybr="455.10" z_order="0">
    </box>
    <box label="truck" occluded="1" xtl="0.00" ytl="378.00" xbr="431.00" ybr="876.00" z_order="0">
    </box>
  </image>
  <image id="30" name="MP_SEL_000431.jpg" width="1920" height="1080">
    <box label="car" occluded="1" xtl="1175.10" ytl="389.00" xbr="1276.00" ybr="491.50" z_order="0">
    </box>
    <box label="pole" occluded="1" xtl="1525.49" ytl="0.00" xbr="1572.86" ybr="497.83" z_order="0">
    </box>
    <box label="person" occluded="0" xtl="1015.30" ytl="389.30" xbr="1031.49" ybr="431.10" z_order="0">
    </box>
    <box label="car" occluded="1" xtl="1493.00" ytl="362.00" xbr="1920.00" ybr="781.20" z_order="0">
    </box>
    <box label="motorcycle" occluded="0" xtl="825.10" ytl="413.70" xbr="886.30" ybr="513.20" z_order="0">
    </box>
    <box label="person" occluded="0" xtl="1045.62" ytl="389.50" xbr="1060.70" ybr="437.07" z_order="0">
    </box>
    <box label="car" occluded="0" xtl="885.00" ytl="396.40" xbr="1008.10" ybr="505.70" z_order="0">
    </box>
    <box label="car" occluded="1" xtl="1233.50" ytl="391.00" xbr="1368.00" ybr="525.80" z_order="0">
    </box>
    <box label="car" occluded="0" xtl="1068.00" ytl="375.30" xbr="1135.90" ybr="434.00" z_order="0">
    </box>
    <box label="car" occluded="1" xtl="1299.00" ytl="361.50" xbr="1587.00" ybr="599.50" z_order="0">
    </box>
  </image>
  <image id="31" name="MP_SEL_000432.jpg" width="1920" height="1080">
    <box label="car" occluded="1" xtl="739.00" ytl="567.00" xbr="901.60" ybr="723.40" z_order="0">
    </box>
    <box label="car" occluded="0" xtl="201.51" ytl="576.36" xbr="797.42" ybr="768.10" z_order="0">
    </box>
    <box label="pole" occluded="1" xtl="917.99" ytl="227.12" xbr="944.04" ybr="655.81" z_order="0">
    </box>
    <box label="pole" occluded="1" xtl="862.73" ytl="318.78" xbr="896.28" ybr="672.07" z_order="0">
    </box>
    <box label="truck" occluded="1" xtl="1128.00" ytl="568.35" xbr="1322.64" ybr="714.40" z_order="0">
    </box>
    <box label="truck" occluded="1" xtl="944.87" ytl="558.76" xbr="985.42" ybr="600.07" z_order="0">
    </box>
    <box label="car" occluded="1" xtl="1063.60" ytl="583.30" xbr="1122.60" ybr="639.00" z_order="0">
    </box>
    <box label="car" occluded="0" xtl="1106.00" ytl="626.00" xbr="1657.40" ybr="856.00" z_order="0">
    </box>
    <box label="pole" occluded="1" xtl="633.58" ytl="135.03" xbr="668.91" ybr="679.77" z_order="0">
    </box>
  </image>
  <image id="32" name="MP_SEL_000433.jpg" width="1920" height="1080">
    <box label="truck" occluded="1" xtl="0.00" ytl="0.00" xbr="601.26" ybr="724.15" z_order="0">
    </box>
    <box label="car" occluded="1" xtl="1054.83" ytl="300.86" xbr="1284.40" ybr="555.80" z_order="0">
    </box>
    <box label="car" occluded="1" xtl="1179.00" ytl="165.74" xbr="1920.00" ybr="1080.00" z_order="0">
    </box>
    <box label="car" occluded="1" xtl="627.30" ytl="380.00" xbr="757.00" ybr="436.20" z_order="0">
    </box>
    <box label="car" occluded="1" xtl="506.54" ytl="355.84" xbr="648.87" ybr="480.54" z_order="0">
    </box>
    <box label="pole" occluded="1" xtl="769.10" ytl="0.00" xbr="792.10" ybr="434.80" z_order="0">
    </box>
  </image>
  <image id="33" name="MP_SEL_000434.jpg" width="1920" height="1080">
    <box label="car" occluded="1" xtl="496.60" ytl="188.70" xbr="841.20" ybr="379.10" z_order="0">
    </box>
    <box label="car" occluded="1" xtl="1.00" ytl="121.80" xbr="321.00" ybr="514.00" z_order="0">
    </box>
    <box label="car" occluded="1" xtl="1711.34" ytl="268.31" xbr="1920.00" ybr="530.93" z_order="0">
    </box>
  </image>
  <image id="34" name="MP_SEL_000435.jpg" width="1920" height="1080">
    <box label="car" occluded="1" xtl="1154.18" ytl="374.21" xbr="1204.36" ybr="423.17" z_order="0">
    </box>
    <box label="pole" occluded="1" xtl="1164.30" ytl="14.43" xbr="1183.54" ybr="453.10" z_order="0">
    </box>
    <box label="pole" occluded="1" xtl="589.90" ytl="1.28" xbr="651.30" ybr="762.70" z_order="0">
    </box>
  </image>
  <image id="35" name="MP_SEL_000436.jpg" width="1920" height="1080">
    <box label="bollard" occluded="1" xtl="663.60" ytl="495.42" xbr="723.80" ybr="621.80" z_order="0">
    </box>
    <box label="pole" occluded="0" xtl="884.70" ytl="39.34" xbr="904.66" ybr="434.50" z_order="0">
    </box>
    <box label="car" occluded="0" xtl="897.30" ytl="368.20" xbr="984.90" ybr="445.70" z_order="0">
    </box>
    <box label="bollard" occluded="0" xtl="971.54" ytl="409.72" xbr="980.00" ybr="465.20" z_order="0">
    </box>
    <box label="pole" occluded="0" xtl="769.08" ytl="124.43" xbr="788.50" ybr="404.27" z_order="0">
    </box>
    <box label="potted_plant" occluded="1" xtl="1812.00" ytl="641.00" xbr="1871.00" ybr="730.00" z_order="0">
    </box>
    <box label="potted_plant" occluded="0" xtl="1863.00" ytl="653.00" xbr="1913.60" ybr="739.60" z_order="0">
    </box>
  </image>
  <image id="36" name="MP_SEL_000437.jpg" width="1920" height="1080">
    <box label="car" occluded="1" xtl="128.20" ytl="316.60" xbr="600.70" ybr="551.90" z_order="0">
    </box>
    <box label="car" occluded="1" xtl="1743.99" ytl="395.27" xbr="1920.00" ybr="722.58" z_order="0">
    </box>
  </image>
  <image id="37" name="MP_SEL_000438.jpg" width="1920" height="1080">
    <box label="car" occluded="1" xtl="849.00" ytl="348.00" xbr="937.40" ybr="415.90" z_order="0">
    </box>
  </image>
  <image id="38" name="MP_SEL_000439.jpg" width="1920" height="1080">
    <box label="car" occluded="1" xtl="841.20" ytl="334.20" xbr="911.50" ybr="402.00" z_order="0">
    </box>
    <box label="car" occluded="0" xtl="1022.73" ytl="300.97" xbr="1059.96" ybr="340.24" z_order="0">
    </box>
    <box label="pole" occluded="1" xtl="835.69" ytl="0.00" xbr="891.70" ybr="450.00" z_order="0">
    </box>
    <box label="car" occluded="1" xtl="1074.31" ytl="329.90" xbr="1112.90" ybr="367.86" z_order="0">
    </box>
    <box label="car" occluded="0" xtl="923.30" ytl="330.00" xbr="1010.30" ybr="401.00" z_order="0">
    </box>
    <box label="pole" occluded="1" xtl="968.94" ytl="170.75" xbr="990.93" ybr="374.44" z_order="0">
    </box>
  </image>
  <image id="39" name="MP_SEL_000440.jpg" width="1920" height="1080">
    <box label="pole" occluded="1" xtl="318.68" ytl="6.90" xbr="406.79" ybr="785.64" z_order="0">
    </box>
    <box label="traffic_sign" occluded="0" xtl="1372.30" ytl="10.00" xbr="1414.00" ybr="76.00" z_order="0">
    </box>
    <box label="truck" occluded="0" xtl="603.00" ytl="478.90" xbr="946.60" ybr="708.00" z_order="0">
    </box>
  </image>
  <image id="40" name="MP_SEL_000441.jpg" width="1920" height="1080">
    <box label="pole" occluded="1" xtl="511.30" ytl="0.70" xbr="609.40" ybr="842.00" z_order="0">
    </box>
    <box label="movable_signage" occluded="0" xtl="864.09" ytl="524.99" xbr="877.97" ybr="560.69" z_order="0">
    </box>
    <box label="pole" occluded="0" xtl="944.80" ytl="164.40" xbr="963.70" ybr="545.00" z_order="0">
    </box>
  </image>
  <image id="41" name="MP_SEL_000442.jpg" width="1920" height="1080">
    <box label="car" occluded="1" xtl="952.00" ytl="337.40" xbr="1199.10" ybr="451.60" z_order="0">
    </box>
    <box label="car" occluded="1" xtl="353.50" ytl="338.40" xbr="668.10" ybr="575.40" z_order="0">
    </box>
    <box label="pole" occluded="1" xtl="585.20" ytl="0.00" xbr="622.70" ybr="465.30" z_order="0">
    </box>
    <box label="bollard" occluded="0" xtl="1204.00" ytl="518.40" xbr="1264.60" ybr="623.10" z_order="0">
    </box>
    <box label="car" occluded="1" xtl="775.00" ytl="344.10" xbr="1029.60" ybr="461.90" z_order="0">
    </box>
    <box label="car" occluded="1" xtl="1305.70" ytl="335.70" xbr="1530.90" ybr="423.80" z_order="0">
    </box>
  </image>
  <image id="42" name="MP_SEL_000443.jpg" width="1920" height="1080">
    <box label="bicycle" occluded="1" xtl="485.08" ytl="0.00" xbr="861.67" ybr="214.60" z_order="0">
    </box>
  </image>
  <image id="43" name="MP_SEL_000444.jpg" width="1920" height="1080">
    <box label="car" occluded="1" xtl="42.30" ytl="727.30" xbr="528.00" ybr="896.70" z_order="0">
    </box>
    <box label="car" occluded="1" xtl="366.10" ytl="698.10" xbr="750.50" ybr="847.40" z_order="0">
    </box>
    <box label="car" occluded="1" xtl="846.00" ytl="661.50" xbr="1165.00" ybr="786.60" z_order="0">
    </box>
    <box label="car" occluded="1" xtl="1086.10" ytl="635.00" xbr="1319.00" ybr="753.80" z_order="0">
    </box>
  </image>
  <image id="44" name="MP_SEL_000445.jpg" width="1920" height="1080">
    <box label="car" occluded="1" xtl="31.10" ytl="334.50" xbr="688.00" ybr="835.90" z_order="0">
    </box>
    <box label="car" occluded="1" xtl="727.00" ytl="409.60" xbr="836.40" ybr="511.00" z_order="0">
    </box>
    <box label="pole" occluded="1" xtl="1289.10" ytl="3.85" xbr="1451.20" ybr="889.10" z_order="0">
    </box>
    <box label="pole" occluded="0" xtl="966.60" ytl="0.00" xbr="1024.10" ybr="498.10" z_order="0">
    </box>
    <box label="car" occluded="1" xtl="0.00" ytl="306.30" xbr="446.00" ybr="1080.00" z_order="0">
    </box>
    <box label="car" occluded="1" xtl="992.10" ytl="434.90" xbr="1129.80" ybr="500.20" z_order="0">
    </box>
    <box label="car" occluded="1" xtl="1030.92" ytl="438.00" xbr="1144.22" ybr="525.80" z_order="0">
    </box>
    <box label="car" occluded="1" xtl="561.60" ytl="412.00" xbr="743.40" ybr="637.70" z_order="0">
    </box>
  </image>
  <image id="45" name="MP_SEL_000446.jpg" width="1920" height="1080">
    <box label="pole" occluded="1" xtl="1260.52" ytl="7.40" xbr="1289.10" ybr="706.50" z_order="0">
    </box>
    <box label="car" occluded="1" xtl="213.40" ytl="540.00" xbr="619.00" ybr="760.90" z_order="0">
    </box>
    <box label="car" occluded="1" xtl="0.00" ytl="558.00" xbr="188.00" ybr="767.00" z_order="0">
    </box>
    <box label="truck" occluded="0" xtl="875.90" ytl="549.00" xbr="1055.20" ybr="709.40" z_order="0">
    </box>
    <box label="car" occluded="0" xtl="1025.00" ytl="582.00" xbr="1441.60" ybr="943.80" z_order="0">
    </box>
  </image>
  <image id="46" name="MP_SEL_000447.jpg" width="1920" height="1080">
    <box label="car" occluded="0" xtl="1205.00" ytl="451.00" xbr="1605.70" ybr="709.20" z_order="0">
    </box>
    <box label="pole" occluded="1" xtl="1883.43" ytl="2.07" xbr="1918.03" ybr="791.56" z_order="0">
    </box>
    <box label="car" occluded="1" xtl="0.00" ytl="398.10" xbr="529.50" ybr="938.10" z_order="0">
    </box>
    <box label="pole" occluded="1" xtl="395.80" ytl="0.00" xbr="478.70" ybr="1080.00" z_order="0">
    </box>
    <box label="car" occluded="1" xtl="1145.30" ytl="420.10" xbr="1358.00" ybr="604.90" z_order="0">
    </box>
    <box label="car" occluded="0" xtl="514.20" ytl="444.00" xbr="786.90" ybr="631.10" z_order="0">
    </box>
    <box label="pole" occluded="1" xtl="334.88" ytl="0.00" xbr="496.88" ybr="1080.00" z_order="0">
    </box>
    <box label="movable_signage" occluded="0" xtl="1709.45" ytl="541.00" xbr="1811.42" ybr="791.00" z_order="0">
    </box>
    <box label="car" occluded="1" xtl="1076.58" ytl="453.29" xbr="1170.58" ybr="528.00" z_order="0">
    </box>
    <box label="pole" occluded="1" xtl="920.84" ytl="0.00" xbr="948.48" ybr="526.89" z_order="0">
    </box>
    <box label="pole" occluded="1" xtl="1834.09" ytl="0.00" xbr="1868.70" ybr="787.60" z_order="0">
    </box>
    <box label="car" occluded="1" xtl="0.00" ytl="381.97" xbr="522.98" ybr="936.80" z_order="0">
    </box>
  </image>
  <image id="47" name="MP_SEL_000448.jpg" width="1920" height="1080">
    <box label="truck" occluded="0" xtl="645.00" ytl="380.00" xbr="827.90" ybr="558.30" z_order="0">
    </box>
    <box label="car" occluded="0" xtl="1104.00" ytl="405.20" xbr="1812.50" ybr="911.00" z_order="0">
    </box>
    <box label="car" occluded="1" xtl="0.00" ytl="348.00" xbr="397.00" ybr="629.40" z_order="0">
    </box>
    <box label="car" occluded="1" xtl="887.00" ytl="399.00" xbr="1049.80" ybr="467.00" z_order="0">
    </box>
    <box label="pole" occluded="1" xtl="1002.00" ytl="0.00" xbr="1028.00" ybr="505.50" z_order="0">
    </box>
  </image>
  <image id="48" name="MP_SEL_000449.jpg" width="1920" height="1080">
    <box label="pole" occluded="1" xtl="2.34" ytl="0.00" xbr="170.03" ybr="1080.00" z_order="0">
    </box>
    <box label="pole" occluded="1" xtl="747.30" ytl="0.10" xbr="773.50" ybr="532.30" z_order="0">
    </box>
    <box label="car" occluded="1" xtl="801.50" ytl="449.90" xbr="906.70" ybr="540.90" z_order="0">
    </box>
    <box label="truck" occluded="1" xtl="1117.00" ytl="385.00" xbr="1408.00" ybr="642.00" z_order="0">
    </box>
    <box label="car" occluded="1" xtl="421.50" ytl="413.00" xbr="698.00" ybr="605.70" z_order="0">
    </box>
    <box label="car" occluded="1" xtl="895.30" ytl="460.90" xbr="959.90" ybr="514.20" z_order="0">
    </box>
    <box label="car" occluded="1" xtl="1248.00" ytl="378.00" xbr="1920.00" ybr="849.30" z_order="0">
    </box>
    <box label="pole" occluded="1" xtl="1109.44" ytl="321.79" xbr="1126.09" ybr="508.19" z_order="0">
    </box>
  </image>
  <image id="49" name="MP_SEL_000450.jpg" width="1920" height="1080">
    <box label="car" occluded="1" xtl="1390.90" ytl="444.00" xbr="1508.00" ybr="514.80" z_order="0">
    </box>
    <box label="tree_trunk" occluded="1" xtl="1031.90" ytl="378.10" xbr="1054.11" ybr="532.50" z_order="0">
    </box>
    <box label="truck" occluded="1" xtl="1031.10" ytl="403.90" xbr="1131.90" ybr="519.60" z_order="0">
    </box>
    <box label="car" occluded="0" xtl="1188.70" ytl="450.00" xbr="1504.90" ybr="644.90" z_order="0">
    </box>
    <box label="person" occluded="0" xtl="896.50" ytl="426.50" xbr="927.50" ybr="510.30" z_order="0">
    </box>
    <box label="tree_trunk" occluded="0" xtl="1780.70" ytl="441.30" xbr="1803.00" ybr="532.50" z_order="0">
    </box>
    <box label="car" occluded="0" xtl="1536.00" ytl="448.00" xbr="1760.00" ybr="546.00" z_order="0">
    </box>
    <box label="truck" occluded="1" xtl="819.00" ytl="412.38" xbr="922.28" ybr="491.56" z_order="0">
    </box>
    <box label="pole" occluded="1" xtl="1054.96" ytl="0.00" xbr="1084.66" ybr="558.49" z_order="0">
    </box>
    <box label="truck" occluded="1" xtl="1101.32" ytl="391.30" xbr="1298.32" ybr="571.90" z_order="0">
    </box>
    <box label="tree_trunk" occluded="0" xtl="1114.92" ytl="446.80" xbr="1185.25" ybr="607.06" z_order="0">
    </box>
    <box label="movable_signage" occluded="1" xtl="0.00" ytl="286.77" xbr="93.85" ybr="675.69" z_order="1">
    </box>
  </image>
  <image id="50" name="MP_SEL_000451.jpg" width="1920" height="1080">
    <box label="car" occluded="1" xtl="701.00" ytl="430.90" xbr="835.70" ybr="524.00" z_order="0">
    </box>
    <box label="pole" occluded="1" xtl="546.23" ytl="0.00" xbr="641.00" ybr="744.19" z_order="0">
    </box>
    <box label="truck" occluded="1" xtl="0.00" ytl="295.70" xbr="512.60" ybr="939.00" z_order="0">
    </box>
    <box label="pole" occluded="1" xtl="898.57" ytl="0.53" xbr="919.96" ybr="482.45" z_order="0">
    </box>
    <box label="car" occluded="0" xtl="964.90" ytl="429.00" xbr="1200.00" ybr="601.00" z_order="0">
    </box>
    <box label="car" occluded="1" xtl="368.96" ytl="441.33" xbr="660.08" ybr="635.41" z_order="0">
    </box>
    <box label="car" occluded="1" xtl="1279.00" ytl="386.40" xbr="1920.00" ybr="666.00" z_order="0">
    </box>
    <box label="car" occluded="1" xtl="769.00" ytl="419.00" xbr="857.10" ybr="504.00" z_order="0">
    </box>
  </image>
  <image id="51" name="MP_SEL_000452.jpg" width="1920" height="1080">
    <box label="car" occluded="1" xtl="1337.59" ytl="155.50" xbr="1772.58" ybr="312.56" z_order="0">
    </box>
    <box label="car" occluded="1" xtl="1162.90" ytl="88.10" xbr="1500.40" ybr="270.80" z_order="0">
    </box>
    <box label="car" occluded="0" xtl="972.30" ytl="102.10" xbr="1130.40" ybr="257.50" z_order="0">
    </box>
  </image>
  <image id="52" name="MP_SEL_000453.jpg" width="1920" height="1080">
    <box label="car" occluded="1" xtl="1677.10" ytl="0.00" xbr="1920.00" ybr="563.50" z_order="0">
    </box>
    <box label="car" occluded="1" xtl="891.90" ytl="213.60" xbr="1191.80" ybr="351.30" z_order="0">
    </box>
    <box label="truck" occluded="1" xtl="66.40" ytl="93.00" xbr="695.20" ybr="369.80" z_order="0">
    </box>
  </image>
  <image id="53" name="MP_SEL_000454.jpg" width="1920" height="1080">
    <box label="car" occluded="1" xtl="1302.00" ytl="0.80" xbr="1430.60" ybr="83.40" z_order="0">
    </box>
    <box label="person" occluded="1" xtl="1820.60" ytl="4.00" xbr="1901.00" ybr="173.80" z_order="0">
    </box>
    <box label="car" occluded="1" xtl="1210.70" ytl="0.00" xbr="1328.00" ybr="55.40" z_order="0">
    </box>
    <box label="truck" occluded="1" xtl="961.70" ytl="0.00" xbr="1112.00" ybr="123.10" z_order="0">
    </box>
    <box label="car" occluded="0" xtl="526.00" ytl="12.00" xbr="765.00" ybr="199.80" z_order="0">
    </box>
    <box label="car" occluded="0" xtl="1008.00" ytl="28.00" xbr="1211.00" ybr="184.00" z_order="0">
    </box>
    <box label="car" occluded="1" xtl="688.00" ytl="0.00" xbr="937.30" ybr="82.20" z_order="0">
    </box>
    <box label="car" occluded="1" xtl="1614.30" ytl="2.00" xbr="1868.20" ybr="175.60" z_order="0">
    </box>
    <box label="car" occluded="0" xtl="1370.00" ytl="1.00" xbr="1557.00" ybr="107.00" z_order="0">
    </box>
    <box label="car" occluded="1" xtl="1474.10" ytl="143.20" xbr="1920.00" ybr="995.00" z_order="0">
    </box>
    <box label="person" occluded="1" xtl="750.00" ytl="0.00" xbr="799.00" ybr="123.00" z_order="0">
    </box>
    <box label="car" occluded="1" xtl="1113.00" ytl="3.00" xbr="1211.00" ybr="83.00" z_order="0">
    </box>
  </image>
  <image id="54" name="MP_SEL_000455.jpg" width="1920" height="1080">
    <box label="car" occluded="1" xtl="1266.80" ytl="3.00" xbr="1920.00" ybr="266.20" z_order="0">
    </box>
    <box label="car" occluded="1" xtl="1575.30" ytl="0.00" xbr="1919.66" ybr="1050.88" z_order="0">
    </box>
    <box label="car" occluded="1" xtl="0.00" ytl="425.00" xbr="397.80" ybr="1080.00" z_order="0">
    </box>
  </image>
  <image id="55" name="MP_SEL_000456.jpg" width="1920" height="1080">
    <box label="potted_plant" occluded="0" xtl="1146.00" ytl="255.48" xbr="1199.00" ybr="329.60" z_order="0">
    </box>
    <box label="potted_plant" occluded="1" xtl="1178.90" ytl="270.20" xbr="1220.90" ybr="325.39" z_order="0">
    </box>
    <box label="car" occluded="0" xtl="1556.00" ytl="128.00" xbr="1768.20" ybr="326.00" z_order="0">
    </box>
  </image>
  <image id="56" name="MP_SEL_000458.jpg" width="1920" height="1080">
    <box label="bollard" occluded="0" xtl="440.22" ytl="267.16" xbr="451.96" ybr="315.64" z_order="0">
    </box>
    <box label="bollard" occluded="0" xtl="361.10" ytl="279.30" xbr="373.70" ybr="339.30" z_order="0">
    </box>
    <box label="tree_trunk" occluded="1" xtl="455.77" ytl="239.77" xbr="468.52" ybr="298.11" z_order="0">
    </box>
    <box label="bollard" occluded="0" xtl="511.28" ytl="264.04" xbr="520.60" ybr="317.20" z_order="0">
    </box>
    <box label="bollard" occluded="0" xtl="406.58" ytl="274.24" xbr="417.20" ybr="332.46" z_order="0">
    </box>
    <box label="bollard" occluded="0" xtl="389.75" ytl="272.47" xbr="403.04" ybr="326.04" z_order="0">
    </box>
    <box label="pole" occluded="1" xtl="126.19" ytl="1.50" xbr="171.40" ybr="303.70" z_order="0">
    </box>
    <box label="bollard" occluded="0" xtl="457.05" ytl="274.02" xbr="468.78" ybr="330.91" z_order="0">
    </box>
    <box label="bollard" occluded="0" xtl="486.93" ytl="270.70" xbr="498.67" ybr="321.17" z_order="0">
    </box>
    <box label="traffic_sign" occluded="0" xtl="514.25" ytl="123.71" xbr="558.04" ybr="159.88" z_order="0">
    </box>
    <box label="traffic_sign" occluded="0" xtl="813.68" ytl="152.00" xbr="859.37" ybr="195.40" z_order="0">
    </box>
    <box label="tree_trunk" occluded="0" xtl="59.90" ytl="249.90" xbr="87.30" ybr="305.10" z_order="0">
    </box>
    <box label="pole" occluded="1" xtl="887.22" ytl="0.00" xbr="909.69" ybr="369.33" z_order="0">
    </box>
    <box label="bollard" occluded="0" xtl="306.30" ytl="287.60" xbr="328.00" ybr="356.00" z_order="0">
    </box>
    <box label="pole" occluded="1" xtl="380.00" ytl="0.00" xbr="405.40" ybr="299.74" z_order="0">
    </box>
    <box label="bollard" occluded="0" xtl="419.64" ytl="272.47" xbr="431.81" ybr="320.95" z_order="0">
    </box>
    <box label="tree_trunk" occluded="0" xtl="227.02" ytl="230.72" xbr="242.88" ybr="293.51" z_order="0">
    </box>
    <box label="tree_trunk" occluded="1" xtl="357.89" ytl="230.06" xbr="373.76" ybr="295.50" z_order="0">
    </box>
    <box label="tree_trunk" occluded="1" xtl="574.14" ytl="0.00" xbr="802.27" ybr="912.70" z_order="0">
    </box>
    <box label="pole" occluded="1" xtl="827.00" ytl="0.20" xbr="849.40" ybr="322.90" z_order="0">
    </box>
  </image>
  <image id="57" name="MP_SEL_000459.jpg" width="1920" height="1080">
    <box label="pole" occluded="1" xtl="874.40" ytl="0.00" xbr="902.68" ybr="429.30" z_order="0">
    </box>
    <box label="car" occluded="1" xtl="925.90" ytl="318.60" xbr="1005.40" ybr="392.00" z_order="0">
    </box>
    <box label="pole" occluded="1" xtl="746.30" ytl="0.00" xbr="841.80" ybr="714.70" z_order="0">
    </box>
    <box label="traffic_sign" occluded="0" xtl="698.30" ytl="0.00" xbr="896.40" ybr="172.70" z_order="0">
    </box>
    <box label="car" occluded="1" xtl="558.62" ytl="302.48" xbr="785.32" ybr="448.48" z_order="0">
    </box>
  </image>
  <image id="58" name="MP_SEL_000460.jpg" width="1920" height="1080">
    <box label="pole" occluded="1" xtl="2.07" ytl="0.00" xbr="223.13" ybr="1080.00" z_order="0">
    </box>
    <box label="car" occluded="1" xtl="1256.00" ytl="187.70" xbr="1920.00" ybr="557.80" z_order="0">
    </box>
    <box label="car" occluded="0" xtl="281.80" ytl="146.30" xbr="602.20" ybr="333.00" z_order="0">
    </box>
  </image>
  <image id="59" name="MP_SEL_000461.jpg" width="1920" height="1080">
    <box label="chair" occluded="1" xtl="1038.07" ytl="413.68" xbr="1075.67" ybr="472.33" z_order="0">
    </box>
    <box label="movable_signage" occluded="0" xtl="829.33" ytl="428.76" xbr="873.87" ybr="475.59" z_order="0">
    </box>
    <box label="car" occluded="0" xtl="893.80" ytl="370.00" xbr="1013.00" ybr="475.80" z_order="0">
    </box>
  </image>
  <image id="60" name="MP_SEL_000462.jpg" width="1920" height="1080">
    <box label="pole" occluded="1" xtl="562.70" ytl="0.00" xbr="637.40" ybr="381.80" z_order="0">
    </box>
  </image>
  <image id="61" name="MP_SEL_000463.jpg" width="1920" height="1080">
    <box label="motorcycle" occluded="0" xtl="0.00" ytl="248.30" xbr="513.00" ybr="1080.00" z_order="0">
    </box>
    <box label="tree_trunk" occluded="1" xtl="534.20" ytl="280.60" xbr="553.42" ybr="350.62" z_order="0">
    </box>
    <box label="car" occluded="1" xtl="908.00" ytl="322.20" xbr="1028.30" ybr="394.90" z_order="0">
    </box>
    <box label="pole" occluded="1" xtl="725.30" ytl="1.67" xbr="894.70" ybr="860.27" z_order="0">
    </box>
    <box label="tree_trunk" occluded="1" xtl="459.25" ytl="287.70" xbr="476.39" ybr="365.37" z_order="0">
    </box>
  </image>
  <image id="62" name="MP_SEL_000464.jpg" width="1920" height="1080">
    <box label="chair" occluded="0" xtl="591.70" ytl="441.00" xbr="702.98" ybr="597.20" z_order="0">
    </box>
  </image>
  <image id="63" name="MP_SEL_000465.jpg" width="1920" height="1080">
    <box label="motorcycle" occluded="0" xtl="838.00" ytl="285.60" xbr="955.20" ybr="511.80" z_order="0">
    </box>
    <box label="pole" occluded="1" xtl="1033.20" ytl="0.00" xbr="1058.40" ybr="438.20" z_order="0">
    </box>
  </image>
  <image id="64" name="MP_SEL_000466.jpg" width="1920" height="1080">
    <box label="car" occluded="1" xtl="963.50" ytl="288.80" xbr="1130.90" ybr="390.00" z_order="0">
    </box>
    <box label="car" occluded="0" xtl="922.90" ytl="273.00" xbr="979.20" ybr="322.00" z_order="0">
    </box>
    <box label="pole" occluded="1" xtl="983.56" ytl="182.65" xbr="996.23" ybr="315.40" z_order="0">
    </box>
    <box label="fire_hydrant" occluded="0" xtl="630.00" ytl="608.60" xbr="725.90" ybr="872.00" z_order="0">
    </box>
    <box label="tree_trunk" occluded="1" xtl="325.54" ytl="272.82" xbr="345.37" ybr="401.72" z_order="0">
    </box>
    <box label="pole" occluded="1" xtl="0.00" ytl="246.75" xbr="29.34" ybr="488.00" z_order="0">
    </box>
    <box label="pole" occluded="1" xtl="493.20" ytl="193.37" xbr="504.50" ybr="369.46" z_order="0">
    </box>
    <box label="pole" occluded="1" xtl="619.16" ytl="200.91" xbr="630.26" ybr="309.57" z_order="0">
    </box>
    <box label="tree_trunk" occluded="1" xtl="157.04" ytl="330.83" xbr="185.60" ybr="454.57" z_order="0">
    </box>
    <box label="tree_trunk" occluded="1" xtl="440.88" ytl="265.77" xbr="460.30" ybr="373.18" z_order="0">
    </box>
    <box label="bus" occluded="1" xtl="923.08" ytl="236.52" xbr="970.45" ybr="291.06" z_order="0">
    </box>
  </image>
  <image id="65" name="MP_SEL_000468.jpg" width="1920" height="1080">
    <box label="car" occluded="1" xtl="1189.00" ytl="157.00" xbr="1799.10" ybr="519.30" z_order="0">
    </box>
    <box label="car" occluded="1" xtl="618.00" ytl="94.50" xbr="1239.40" ybr="393.20" z_order="0">
    </box>
    <box label="person" occluded="1" xtl="60.00" ytl="186.00" xbr="114.80" ybr="272.60" z_order="0">
    </box>
    <box label="person" occluded="1" xtl="126.00" ytl="152.10" xbr="160.90" ybr="217.00" z_order="0">
    </box>
    <box label="car" occluded="1" xtl="346.00" ytl="171.00" xbr="734.70" ybr="395.00" z_order="0">
    </box>
    <box label="car" occluded="1" xtl="61.00" ytl="175.70" xbr="398.10" ybr="377.00" z_order="0">
    </box>
    <box label="car" occluded="1" xtl="854.00" ytl="130.00" xbr="1441.00" ybr="441.60" z_order="0">
    </box>
  </image>
  <image id="66" name="MP_SEL_000469.jpg" width="1920" height="1080">
    <box label="tree_trunk" occluded="0" xtl="155.46" ytl="250.56" xbr="179.25" ybr="360.82" z_order="0">
    </box>
    <box label="car" occluded="1" xtl="1098.00" ytl="131.10" xbr="1593.70" ybr="380.00" z_order="0">
    </box>
    <box label="car" occluded="1" xtl="0.00" ytl="246.90" xbr="41.00" ybr="342.00" z_order="0">
    </box>
    <box label="pole" occluded="1" xtl="122.76" ytl="0.00" xbr="146.06" ybr="360.16" z_order="0">
    </box>
    <box label="tree_trunk" occluded="1" xtl="859.88" ytl="210.97" xbr="891.11" ybr="386.92" z_order="0">
    </box>
    <box label="pole" occluded="1" xtl="39.30" ytl="0.00" xbr="73.10" ybr="310.80" z_order="0">
    </box>
    <box label="truck" occluded="1" xtl="1379.00" ytl="81.20" xbr="1915.10" ybr="481.50" z_order="0">
    </box>
    <box label="car" occluded="0" xtl="410.00" ytl="252.00" xbr="1065.00" ybr="482.00" z_order="0">
    </box>
  </image>
  <image id="67" name="MP_SEL_000470.jpg" width="1920" height="1080">
    <box label="car" occluded="0" xtl="68.00" ytl="202.00" xbr="702.20" ybr="673.70" z_order="0">
    </box>
    <box label="car" occluded="1" xtl="1101.00" ytl="273.00" xbr="1472.00" ybr="525.20" z_order="0">
    </box>
    <box label="car" occluded="0" xtl="741.00" ytl="325.20" xbr="918.00" ybr="413.00" z_order="0">
    </box>
    <box label="truck" occluded="1" xtl="1318.00" ytl="174.90" xbr="1920.00" ybr="849.00" z_order="0">
    </box>
    <box label="car" occluded="1" xtl="3.00" ytl="546.36" xbr="362.00" ybr="1080.00" z_order="0">
    </box>
    <box label="car" occluded="1" xtl="1055.20" ytl="312.00" xbr="1144.00" ybr="381.00" z_order="0">
    </box>
    <box label="car" occluded="0" xtl="924.00" ytl="316.20" xbr="1018.00" ybr="390.00" z_order="0">
    </box>
  </image>
  <image id="68" name="MP_SEL_000471.jpg" width="1920" height="1080">
    <box label="car" occluded="0" xtl="185.40" ytl="346.00" xbr="575.00" ybr="605.00" z_order="0">
    </box>
    <box label="tree_trunk" occluded="0" xtl="102.00" ytl="336.50" xbr="118.20" ybr="424.11" z_order="0">
    </box>
    <box label="bus" occluded="1" xtl="663.00" ytl="328.10" xbr="764.30" ybr="496.90" z_order="0">
    </box>
    <box label="pole" occluded="1" xtl="285.53" ytl="84.73" xbr="303.80" ybr="439.95" z_order="0">
    </box>
    <box label="car" occluded="1" xtl="537.00" ytl="371.00" xbr="671.00" ybr="506.00" z_order="0">
    </box>
    <box label="tree_trunk" occluded="0" xtl="746.70" ytl="369.80" xbr="783.00" ybr="579.99" z_order="0">
    </box>
    <box label="pole" occluded="0" xtl="8.26" ytl="185.40" xbr="22.40" ybr="427.18" z_order="0">
    </box>
    <box label="pole" occluded="1" xtl="785.33" ytl="102.58" xbr="806.37" ybr="471.89" z_order="0">
    </box>
    <box label="car" occluded="1" xtl="831.11" ytl="369.89" xbr="911.98" ybr="412.38" z_order="0">
    </box>
    <box label="car" occluded="1" xtl="519.00" ytl="361.70" xbr="572.00" ybr="404.00" z_order="0">
    </box>
    <box label="tree_trunk" occluded="1" xtl="221.79" ytl="344.14" xbr="233.03" ybr="417.52" z_order="0">
    </box>
    <box label="pole" occluded="1" xtl="739.90" ytl="0.00" xbr="766.16" ybr="545.70" z_order="0">
    </box>
  </image>
  <image id="69" name="MP_SEL_000472.jpg" width="1920" height="1080">
    <box label="traffic_sign" occluded="1" xtl="1.28" ytl="76.09" xbr="106.50" ybr="206.90" z_order="0">
    </box>
    <box label="tree_trunk" occluded="0" xtl="867.40" ytl="248.45" xbr="903.07" ybr="427.50" z_order="0">
    </box>
    <box label="tree_trunk" occluded="0" xtl="780.94" ytl="397.80" xbr="833.17" ybr="574.66" z_order="0">
    </box>
    <box label="car" occluded="1" xtl="0.00" ytl="231.00" xbr="93.90" ybr="348.30" z_order="0">
    </box>
    <box label="pole" occluded="1" xtl="697.90" ytl="0.00" xbr="769.70" ybr="673.61" z_order="0">
    </box>
    <box label="traffic_sign" occluded="0" xtl="90.99" ytl="160.07" xbr="165.00" ybr="234.08" z_order="0">
    </box>
    <box label="car" occluded="0" xtl="597.00" ytl="255.00" xbr="659.00" ybr="294.00" z_order="0">
    </box>
    <box label="tree_trunk" occluded="1" xtl="390.11" ytl="3.34" xbr="641.17" ybr="1080.00" z_order="0">
    </box>
    <box label="pole" occluded="1" xtl="131.56" ytl="215.62" xbr="148.69" ybr="418.93" z_order="0">
    </box>
    <box label="pole" occluded="1" xtl="46.58" ytl="130.46" xbr="81.12" ybr="433.10" z_order="0">
    </box>
    <box label="car" occluded="1" xtl="0.00" ytl="212.54" xbr="128.36" ybr="310.77" z_order="0">
    </box>
    <box label="tree_trunk" occluded="0" xtl="906.61" ytl="288.36" xbr="928.70" ybr="400.80" z_order="0">
    </box>
  </image>
  <image id="70" name="MP_SEL_000473.jpg" width="1920" height="1080">
    <box label="tree_trunk" occluded="0" xtl="1673.20" ytl="101.92" xbr="1705.57" ybr="338.00" z_order="0">
    </box>
    <box label="car" occluded="1" xtl="1757.00" ytl="228.80" xbr="1919.00" ybr="397.70" z_order="0">
    </box>
    <box label="car" occluded="1" xtl="1762.70" ytl="123.00" xbr="1848.30" ybr="169.00" z_order="0">
    </box>
    <box label="pole" occluded="1" xtl="317.97" ytl="0.00" xbr="386.20" ybr="407.40" z_order="0">
    </box>
    <box label="car" occluded="1" xtl="1705.57" ytl="126.66" xbr="1774.10" ybr="170.45" z_order="0">
    </box>
    <box label="car" occluded="1" xtl="1634.80" ytl="152.00" xbr="1881.00" ybr="323.00" z_order="0">
    </box>
  </image>
  <image id="71" name="MP_SEL_000474.jpg" width="1920" height="1080">
    <box label="tree_trunk" occluded="1" xtl="357.66" ytl="185.00" xbr="582.67" ybr="1080.00" z_order="0">
    </box>
    <box label="tree_trunk" occluded="1" xtl="825.00" ytl="351.11" xbr="865.00" ybr="586.21" z_order="0">
    </box>
    <box label="tree_trunk" occluded="0" xtl="876.43" ytl="373.95" xbr="904.03" ybr="511.01" z_order="0">
    </box>
    <box label="tree_trunk" occluded="0" xtl="760.70" ytl="279.74" xbr="864.30" ybr="680.80" z_order="0">
    </box>
    <box label="tree_trunk" occluded="1" xtl="859.44" ytl="429.29" xbr="878.72" ybr="541.75" z_order="0">
    </box>
  </image>
  <image id="72" name="MP_SEL_000475.jpg" width="1920" height="1080">
    <box label="car" occluded="0" xtl="604.00" ytl="422.70" xbr="681.20" ybr="484.00" z_order="0">
    </box>
    <box label="traffic_sign" occluded="1" xtl="701.40" ytl="226.68" xbr="742.60" ybr="269.90" z_order="0">
    </box>
    <box label="car" occluded="1" xtl="0.00" ytl="337.50" xbr="476.04" ybr="635.40" z_order="0">
    </box>
    <box label="tree_trunk" occluded="0" xtl="757.40" ytl="434.11" xbr="817.55" ybr="671.40" z_order="0">
    </box>
    <box label="truck" occluded="0" xtl="678.00" ytl="408.00" xbr="772.70" ybr="511.10" z_order="0">
    </box>
    <box label="tree_trunk" occluded="1" xtl="123.20" ytl="532.50" xbr="328.90" ybr="1080.00" z_order="0">
    </box>
    <box label="pole" occluded="1" xtl="799.96" ytl="0.00" xbr="838.28" ybr="620.97" z_order="0">
    </box>
    <box label="truck" occluded="0" xtl="477.30" ytl="348.00" xbr="602.70" ybr="472.30" z_order="0">
    </box>
  </image>
  <image id="73" name="MP_SEL_000476.jpg" width="1920" height="1080">
    <box label="pole" occluded="1" xtl="308.26" ytl="0.00" xbr="398.73" ybr="889.36" z_order="0">
    </box>
    <box label="car" occluded="1" xtl="1570.00" ytl="676.00" xbr="1916.00" ybr="903.00" z_order="0">
    </box>
    <box label="car" occluded="1" xtl="845.30" ytl="689.70" xbr="1021.39" ybr="772.67" z_order="0">
    </box>
    <box label="pole" occluded="1" xtl="1369.70" ytl="0.00" xbr="1413.20" ybr="861.90" z_order="0">
    </box>
    <box label="car" occluded="1" xtl="1243.00" ytl="683.00" xbr="1563.00" ybr="808.00" z_order="0">
    </box>
    <box label="car" occluded="1" xtl="0.00" ytl="707.50" xbr="720.92" ybr="1029.41" z_order="0">
    </box>
    <box label="car" occluded="1" xtl="488.50" ytl="648.80" xbr="719.00" ybr="817.00" z_order="0">
    </box>
    <box label="car" occluded="1" xtl="176.00" ytl="669.70" xbr="413.10" ybr="745.30" z_order="0">
    </box>
  </image>
  <image id="74" name="MP_SEL_000477.jpg" width="1920" height="1080">
    <box label="tree_trunk" occluded="1" xtl="596.16" ytl="618.37" xbr="644.54" ybr="816.67" z_order="0">
    </box>
    <box label="barricade" occluded="0" xtl="1201.53" ytl="605.24" xbr="1308.61" ybr="699.76" z_order="0">
    </box>
    <box label="car" occluded="1" xtl="709.00" ytl="555.90" xbr="949.70" ybr="723.30" z_order="0">
    </box>
    <box label="pole" occluded="1" xtl="922.60" ytl="157.90" xbr="954.60" ybr="630.90" z_order="0">
    </box>
    <box label="person" occluded="0" xtl="1735.00" ytl="634.80" xbr="1795.80" ybr="834.40" z_order="0">
    </box>
    <box label="bollard" occluded="0" xtl="1373.82" ytl="674.79" xbr="1427.50" ybr="758.17" z_order="0">
    </box>
    <box label="barricade" occluded="0" xtl="550.70" ytl="699.70" xbr="787.00" ybr="828.80" z_order="0">
    </box>
  </image>
  <image id="75" name="MP_SEL_000478.jpg" width="1920" height="1080">
    <box label="tree_trunk" occluded="1" xtl="770.68" ytl="351.30" xbr="829.80" ybr="674.06" z_order="0">
    </box>
    <box label="pole" occluded="1" xtl="634.46" ytl="0.00" xbr="741.04" ybr="891.20" z_order="0">
    </box>
    <box label="car" occluded="1" xtl="317.00" ytl="538.00" xbr="650.80" ybr="812.00" z_order="0">
    </box>
    <box label="car" occluded="1" xtl="513.30" ytl="507.00" xbr="744.40" ybr="667.40" z_order="0">
    </box>
    <box label="tree_trunk" occluded="1" xtl="719.80" ytl="344.51" xbr="791.50" ybr="787.00" z_order="0">
    </box>
    <box label="car" occluded="1" xtl="0.00" ytl="507.58" xbr="151.36" ybr="618.90" z_order="0">
    </box>
    <box label="tree_trunk" occluded="1" xtl="137.08" ytl="0.00" xbr="407.48" ybr="1080.00" z_order="0">
    </box>
    <box label="car" occluded="1" xtl="0.00" ytl="588.30" xbr="485.00" ybr="1080.00" z_order="0">
    </box>
  </image>
  <image id="76" name="MP_SEL_000479.jpg" width="1920" height="1080">
    <box label="tree_trunk" occluded="0" xtl="838.70" ytl="68.70" xbr="909.80" ybr="722.40" z_order="0">
    </box>
    <box label="car" occluded="1" xtl="1.70" ytl="296.00" xbr="153.00" ybr="498.20" z_order="0">
    </box>
    <box label="truck" occluded="0" xtl="264.00" ytl="117.40" xbr="867.30" ybr="669.40" z_order="0">
    </box>
    <box label="tree_trunk" occluded="1" xtl="1014.91" ytl="289.20" xbr="1050.40" ybr="425.26" z_order="0">
    </box>
    <box label="pole" occluded="1" xtl="1073.18" ytl="1.40" xbr="1141.90" ybr="577.93" z_order="0">
    </box>
    <box label="person" occluded="1" xtl="119.33" ytl="294.66" xbr="158.17" ybr="388.32" z_order="0">
    </box>
    <box label="tree_trunk" occluded="1" xtl="938.17" ytl="104.23" xbr="995.30" ybr="554.24" z_order="0">
    </box>
  </image>
  <image id="77" name="MP_SEL_000480.jpg" width="1920" height="1080">
    <box label="truck" occluded="1" xtl="1567.12" ytl="160.83" xbr="1642.42" ybr="226.93" z_order="0">
    </box>
    <box label="pole" occluded="1" xtl="1832.50" ytl="0.00" xbr="1914.74" ybr="365.90" z_order="0">
    </box>
    <box label="person" occluded="1" xtl="94.70" ytl="86.00" xbr="168.00" ybr="308.00" z_order="0">
    </box>
    <box label="person" occluded="0" xtl="1606.00" ytl="170.00" xbr="1662.00" ybr="312.00" z_order="0">
    </box>
    <box label="person" occluded="1" xtl="1499.11" ytl="177.18" xbr="1528.19" ybr="262.45" z_order="0">
    </box>
    <box label="tree_trunk" occluded="0" xtl="162.30" ytl="160.07" xbr="227.51" ybr="343.20" z_order="0">
    </box>
    <box label="pole" occluded="1" xtl="1648.84" ytl="1.32" xbr="1735.19" ybr="308.10" z_order="0">
    </box>
    <box label="movable_signage" occluded="0" xtl="1704.73" ytl="132.99" xbr="1753.62" ybr="323.03" z_order="1">
    </box>
    <box label="bicycle" occluded="1" xtl="23.10" ytl="171.00" xbr="264.60" ybr="318.80" z_order="0">
    </box>
    <box label="traffic_sign" occluded="0" xtl="1770.96" ytl="0.00" xbr="1855.49" ybr="89.98" z_order="0">
    </box>
    <box label="truck" occluded="1" xtl="1637.30" ytl="123.20" xbr="1920.00" ybr="336.27" z_order="0">
    </box>
    <box label="kiosk" occluded="1" xtl="399.00" ytl="46.50" xbr="521.00" ybr="286.40" z_order="0">
    </box>
    <box label="tree_trunk" occluded="1" xtl="1512.70" ytl="0.00" xbr="1602.33" ybr="367.56" z_order="0">
    </box>
  </image>
  <image id="78" name="MP_SEL_000481.jpg" width="1920" height="1080">
    <box label="motorcycle" occluded="0" xtl="896.00" ytl="431.60" xbr="1053.80" ybr="667.40" z_order="0">
    </box>
    <box label="motorcycle" occluded="0" xtl="655.00" ytl="424.40" xbr="876.00" ybr="832.00" z_order="0">
    </box>
    <box label="traffic_light" occluded="0" xtl="1234.99" ytl="295.01" xbr="1267.00" ybr="307.30" z_order="0">
    </box>
    <box label="pole" occluded="1" xtl="828.04" ytl="0.00" xbr="921.00" ybr="674.30" z_order="0">
    </box>
    <box label="traffic_light" occluded="0" xtl="1374.30" ytl="266.73" xbr="1411.80" ybr="279.00" z_order="0">
    </box>
    <box label="person" occluded="0" xtl="344.10" ytl="387.40" xbr="361.20" ybr="453.40" z_order="0">
    </box>
    <box label="pole" occluded="1" xtl="1088.87" ytl="0.00" xbr="1144.80" ybr="544.60" z_order="0">
    </box>
    <box label="pole" occluded="1" xtl="373.90" ytl="1.02" xbr="396.60" ybr="454.90" z_order="0">
    </box>
    <box label="pole" occluded="1" xtl="945.78" ytl="0.00" xbr="1008.28" ybr="604.49" z_order="0">
    </box>
    <box label="pole" occluded="1" xtl="433.30" ytl="96.40" xbr="454.85" ybr="454.90" z_order="0">
    </box>
    <box label="traffic_light" occluded="0" xtl="1152.93" ytl="292.93" xbr="1184.90" ybr="303.80" z_order="0">
    </box>
    <box label="carrier" occluded="0" xtl="309.50" ytl="492.83" xbr="582.61" ybr="808.40" z_order="0">
    </box>
    <box label="pole" occluded="1" xtl="562.80" ytl="1.35" xbr="650.30" ybr="788.30" z_order="0">
    </box>
    <box label="person" occluded="1" xtl="1308.30" ytl="416.00" xbr="1350.50" ybr="535.00" z_order="0">
    </box>
    <box label="person" occluded="0" xtl="1261.00" ytl="418.00" xbr="1321.00" ybr="566.00" z_order="0">
    </box>
    <box label="person" occluded="1" xtl="1237.30" ytl="427.10" xbr="1290.10" ybr="503.60" z_order="0">
    </box>
    <box label="pole" occluded="1" xtl="1182.10" ytl="0.00" xbr="1217.10" ybr="517.50" z_order="0">
    </box>
    <box label="car" occluded="0" xtl="80.60" ytl="388.00" xbr="347.00" ybr="462.00" z_order="0">
    </box>
    <box label="person" occluded="1" xtl="1134.77" ytl="418.30" xbr="1158.90" ybr="487.97" z_order="0">
    </box>
    <box label="motorcycle" occluded="1" xtl="1078.50" ytl="440.20" xbr="1207.70" ybr="538.20" z_order="0">
    </box>
    <box label="car" occluded="1" xtl="679.90" ytl="405.90" xbr="891.40" ybr="513.00" z_order="0">
    </box>
    <box label="traffic_light" occluded="0" xtl="1284.61" ytl="269.20" xbr="1322.10" ybr="280.30" z_order="0">
    </box>
    <box label="person" occluded="1" xtl="1358.90" ytl="421.80" xbr="1386.60" ybr="493.20" z_order="0">
    </box>
  </image>
  <image id="79" name="MP_SEL_000482.jpg" width="1920" height="1080">
    <box label="bicycle" occluded="1" xtl="756.49" ytl="0.00" xbr="867.86" ybr="61.84" z_order="0">
    </box>
    <box label="bollard" occluded="1" xtl="1398.29" ytl="208.33" xbr="1920.00" ybr="506.40" z_order="0">
    </box>
    <box label="bollard" occluded="1" xtl="1415.74" ytl="139.70" xbr="1579.45" ybr="402.41" z_order="0">
    </box>
    <box label="person" occluded="1" xtl="1486.70" ytl="0.00" xbr="1641.30" ybr="218.10" z_order="0">
    </box>
    <box label="movable_signage" occluded="1" xtl="1715.82" ytl="0.00" xbr="1917.82" ybr="503.36" z_order="0">
    </box>
    <box label="person" occluded="1" xtl="0.00" ytl="41.20" xbr="107.11" ybr="587.22" z_order="0">
    </box>
    <box label="person" occluded="1" xtl="1572.44" ytl="0.00" xbr="1810.30" ybr="287.84" z_order="0">
    </box>
    <box label="bollard" occluded="0" xtl="1226.51" ytl="26.56" xbr="1289.17" ybr="151.89" z_order="0">
    </box>
    <box label="bollard" occluded="0" xtl="889.70" ytl="67.60" xbr="922.70" ybr="233.30" z_order="0">
    </box>
    <box label="bollard" occluded="0" xtl="1296.80" ytl="62.61" xbr="1391.00" ybr="234.90" z_order="0">
    </box>
    <box label="person" occluded="1" xtl="1371.00" ytl="0.00" xbr="1494.00" ybr="276.00" z_order="0">
    </box>
    <box label="barricade" occluded="1" xtl="889.27" ytl="16.62" xbr="930.58" ybr="135.40" z_order="0">
    </box>
  </image>
  <image id="80" name="MP_SEL_000483.jpg" width="1920" height="1080">
    <box label="movable_signage" occluded="0" xtl="385.40" ytl="10.10" xbr="480.80" ybr="208.76" z_order="0">
    </box>
    <box label="person" occluded="0" xtl="266.00" ytl="75.00" xbr="420.90" ybr="436.10" z_order="0">
    </box>
    <box label="truck" occluded="1" xtl="0.00" ytl="0.00" xbr="415.01" ybr="430.80" z_order="0">
    </box>
    <box label="bollard" occluded="0" xtl="905.70" ytl="195.50" xbr="938.00" ybr="358.20" z_order="0">
    </box>
    <box label="chair" occluded="0" xtl="412.40" ytl="257.00" xbr="563.60" ybr="437.00" z_order="0">
    </box>
    <box label="bollard" occluded="0" xtl="1167.90" ytl="162.60" xbr="1199.07" ybr="308.50" z_order="0">
    </box>
    <box label="movable_signage" occluded="1" xtl="958.40" ytl="0.00" xbr="1026.93" ybr="223.10" z_order="0">
    </box>
    <box label="person" occluded="0" xtl="512.00" ytl="30.00" xbr="643.90" ybr="419.90" z_order="0">
    </box>
    <box label="person" occluded="1" xtl="494.00" ytl="14.20" xbr="603.90" ybr="400.60" z_order="0">
    </box>
    <box label="person" occluded="1" xtl="873.60" ytl="0.00" xbr="939.60" ybr="224.90" z_order="0">
    </box>
  </image>
  <image id="81" name="MP_SEL_000484.jpg" width="1920" height="1080">
    <box label="person" occluded="0" xtl="1662.00" ytl="149.88" xbr="1691.16" ybr="226.20" z_order="0">
    </box>
    <box label="person" occluded="0" xtl="1630.36" ytl="158.38" xbr="1654.59" ybr="220.07" z_order="0">
    </box>
    <box label="person" occluded="0" xtl="1582.00" ytl="159.00" xbr="1620.20" ybr="245.00" z_order="0">
    </box>
    <box label="person" occluded="0" xtl="1719.60" ytl="145.00" xbr="1751.00" ybr="230.00" z_order="0">
    </box>
    <box label="pole" occluded="1" xtl="0.00" ytl="1.68" xbr="267.20" ybr="1006.80" z_order="0">
    </box>
    <box label="movable_signage" occluded="0" xtl="1423.10" ytl="93.27" xbr="1501.00" ybr="260.60" z_order="0">
    </box>
    <box label="person" occluded="0" xtl="1688.00" ytl="148.00" xbr="1728.00" ybr="233.90" z_order="0">
    </box>
    <box label="movable_signage" occluded="1" xtl="890.00" ytl="55.88" xbr="964.03" ybr="314.00" z_order="0">
    </box>
  </image>
  <image id="82" name="MP_SEL_000485.jpg" width="1920" height="1080">
    <box label="person" occluded="0" xtl="1112.13" ytl="258.90" xbr="1138.30" ybr="327.80" z_order="0">
    </box>
    <box label="potted_plant" occluded="1" xtl="452.39" ytl="251.88" xbr="499.30" ybr="477.77" z_order="0">
    </box>
    <box label="pole" occluded="1" xtl="1070.45" ytl="0.00" xbr="1093.29" ybr="316.59" z_order="0">
    </box>
    <box label="pole" occluded="1" xtl="921.80" ytl="0.20" xbr="965.37" ybr="380.56" z_order="0">
    </box>
    <box label="person" occluded="0" xtl="1046.57" ytl="270.61" xbr="1084.30" ybr="352.70" z_order="0">
    </box>
    <box label="movable_signage" occluded="0" xtl="912.50" ytl="214.80" xbr="971.60" ybr="384.30" z_order="0">
    </box>
    <box label="movable_signage" occluded="1" xtl="218.50" ytl="185.54" xbr="335.40" ybr="535.05" z_order="0">
    </box>
    <box label="person" occluded="0" xtl="1157.22" ytl="257.44" xbr="1186.22" ybr="332.70" z_order="0">
    </box>
    <box label="person" occluded="0" xtl="1182.00" ytl="260.00" xbr="1209.40" ybr="332.70" z_order="0">
    </box>
  </image>
  <image id="83" name="MP_SEL_000488.jpg" width="1920" height="1080">
    <box label="pole" occluded="1" xtl="1470.68" ytl="0.00" xbr="1536.30" ybr="315.68" z_order="0">
    </box>
    <box label="movable_signage" occluded="1" xtl="3.82" ytl="298.23" xbr="467.90" ybr="821.27" z_order="0">
    </box>
    <box label="carrier" occluded="1" xtl="1679.27" ytl="301.53" xbr="1920.00" ybr="822.59" z_order="0">
    </box>
    <box label="potted_plant" occluded="0" xtl="751.80" ytl="221.00" xbr="840.00" ybr="331.20" z_order="0">
    </box>
    <box label="potted_plant" occluded="1" xtl="698.00" ytl="220.00" xbr="791.00" ybr="344.50" z_order="0">
    </box>
    <box label="potted_plant" occluded="0" xtl="658.00" ytl="271.00" xbr="724.00" ybr="347.00" z_order="0">
    </box>
    <box label="car" occluded="0" xtl="887.00" ytl="138.00" xbr="1448.00" ybr="364.00" z_order="0">
    </box>
  </image>
  <image id="84" name="MP_SEL_000489.jpg" width="1920" height="1080">
    <box label="car" occluded="1" xtl="726.70" ytl="525.32" xbr="861.60" ybr="595.60" z_order="0">
    </box>
    <box label="car" occluded="0" xtl="1087.80" ytl="469.00" xbr="1287.10" ybr="670.90" z_order="0">
    </box>
    <box label="pole" occluded="1" xtl="834.00" ytl="0.00" xbr="911.50" ybr="557.80" z_order="0">
    </box>
    <box label="movable_signage" occluded="0" xtl="1318.51" ytl="512.05" xbr="1362.12" ybr="629.10" z_order="0">
    </box>
    <box label="person" occluded="1" xtl="1044.10" ytl="502.30" xbr="1079.60" ybr="594.90" z_order="0">
    </box>
    <box label="movable_signage" occluded="1" xtl="1287.76" ytl="514.80" xbr="1329.99" ybr="620.84" z_order="0">
    </box>
    <box label="movable_signage" occluded="1" xtl="56.39" ytl="686.64" xbr="233.40" ybr="880.86" z_order="0">
    </box>
    <box label="car" occluded="1" xtl="770.40" ytl="511.40" xbr="927.40" ybr="586.30" z_order="0">
    </box>
    <box label="car" occluded="0" xtl="930.20" ytl="502.00" xbr="1014.00" ybr="570.90" z_order="0">
    </box>
    <box label="truck" occluded="0" xtl="269.00" ytl="391.70" xbr="773.00" ybr="790.00" z_order="0">
    </box>
    <box label="car" occluded="1" xtl="1061.14" ytl="467.62" xbr="1242.14" ybr="634.62" z_order="0">
    </box>
    <box label="person" occluded="1" xtl="853.69" ytl="518.73" xbr="886.69" ybr="613.80" z_order="0">
    </box>
  </image>
  <image id="85" name="MP_SEL_000490.jpg" width="1920" height="1080">
    <box label="bollard" occluded="1" xtl="960.75" ytl="295.93" xbr="1074.24" ybr="503.17" z_order="0">
    </box>
    <box label="person" occluded="0" xtl="759.10" ytl="83.90" xbr="800.10" ybr="207.40" z_order="0">
    </box>
    <box label="person" occluded="0" xtl="803.00" ytl="67.00" xbr="848.00" ybr="199.00" z_order="0">
    </box>
    <box label="chair" occluded="0" xtl="1157.20" ytl="158.10" xbr="1224.50" ybr="275.90" z_order="0">
    </box>
    <box label="person" occluded="0" xtl="817.00" ytl="67.00" xbr="855.00" ybr="205.00" z_order="0">
    </box>
    <box label="car" occluded="0" xtl="875.80" ytl="35.00" xbr="1165.00" ybr="291.80" z_order="0">
    </box>
    <box label="bench" occluded="1" xtl="400.46" ytl="191.45" xbr="502.90" ybr="254.91" z_order="0">
    </box>
    <box label="potted_plant" occluded="1" xtl="666.74" ytl="137.71" xbr="704.84" ybr="214.83" z_order="0">
    </box>
    <box label="chair" occluded="0" xtl="219.30" ytl="167.50" xbr="332.10" ybr="295.40" z_order="0">
    </box>
    <box label="person" occluded="1" xtl="841.00" ytl="46.00" xbr="887.00" ybr="215.00" z_order="0">
    </box>
    <box label="bollard" occluded="1" xtl="956.98" ytl="208.68" xbr="1036.30" ybr="351.46" z_order="0">
    </box>
    <box label="potted_plant" occluded="0" xtl="652.00" ytl="155.40" xbr="690.10" ybr="222.00" z_order="0">
    </box>
    <box label="bicycle" occluded="0" xtl="983.00" ytl="247.40" xbr="1186.40" ybr="719.80" z_order="0">
    </box>
  </image>
  <image id="86" name="MP_SEL_000491.jpg" width="1920" height="1080">
    <box label="pole" occluded="1" xtl="760.18" ytl="0.00" xbr="813.60" ybr="409.20" z_order="0">
    </box>
    <box label="car" occluded="0" xtl="1117.00" ytl="130.00" xbr="1346.60" ybr="297.80" z_order="0">
    </box>
    <box label="car" occluded="0" xtl="1387.10" ytl="114.00" xbr="1672.00" ybr="332.40" z_order="0">
    </box>
  </image>
  <image id="87" name="MP_SEL_000492.jpg" width="1920" height="1080">
    <box label="car" occluded="1" xtl="571.40" ytl="186.00" xbr="811.50" ybr="371.40" z_order="0">
    </box>
    <box label="car" occluded="0" xtl="740.00" ytl="188.00" xbr="1189.70" ybr="442.60" z_order="0">
    </box>
    <box label="bicycle" occluded="0" xtl="365.60" ytl="264.70" xbr="469.10" ybr="513.70" z_order="0">
    </box>
  </image>
  <image id="88" name="MP_SEL_000493.jpg" width="1920" height="1080">
    <box label="car" occluded="0" xtl="353.54" ytl="402.08" xbr="733.34" ybr="694.18" z_order="0">
    </box>
    <box label="car" occluded="0" xtl="1266.80" ytl="427.00" xbr="1586.16" ybr="676.40" z_order="0">
    </box>
    <box label="car" occluded="1" xtl="874.87" ytl="458.20" xbr="926.90" ybr="508.40" z_order="0">
    </box>
    <box label="bollard" occluded="0" xtl="294.45" ytl="486.23" xbr="350.40" ybr="579.30" z_order="0">
    </box>
    <box label="car" occluded="1" xtl="715.00" ytl="452.90" xbr="876.20" ybr="612.00" z_order="0">
    </box>
    <box label="barricade" occluded="1" xtl="864.00" ytl="490.10" xbr="896.00" ybr="542.00" z_order="0">
    </box>
  </image>
  <image id="89" name="MP_SEL_000494.jpg" width="1920" height="1080">
    <box label="potted_plant" occluded="0" xtl="1502.60" ytl="365.80" xbr="1667.50" ybr="741.30" z_order="0">
    </box>
    <box label="bollard" occluded="0" xtl="293.99" ytl="522.15" xbr="412.41" ybr="733.34" z_order="0">
    </box>
    <box label="potted_plant" occluded="1" xtl="1353.00" ytl="372.41" xbr="1586.79" ybr="690.10" z_order="0">
    </box>
  </image>
  <image id="90" name="MP_SEL_000496.jpg" width="1920" height="1080">
    <box label="movable_signage" occluded="0" xtl="456.13" ytl="430.80" xbr="600.87" ybr="835.41" z_order="0">
    </box>
    <box label="potted_plant" occluded="1" xtl="1504.00" ytl="353.00" xbr="1818.80" ybr="918.70" z_order="0">
    </box>
    <box label="movable_signage" occluded="0" xtl="1638.72" ytl="687.38" xbr="1880.50" ybr="1055.81" z_order="0">
    </box>
    <box label="chair" occluded="1" xtl="1704.35" ytl="605.47" xbr="1913.23" ybr="1047.92" z_order="0">
    </box>
  </image>
  <image id="91" name="MP_SEL_000498.jpg" width="1920" height="1080">
    <box label="car" occluded="1" xtl="0.00" ytl="597.71" xbr="240.28" ybr="888.58" z_order="0">
    </box>
    <box label="truck" occluded="1" xtl="1031.00" ytl="517.10" xbr="1130.10" ybr="626.00" z_order="0">
    </box>
    <box label="bollard" occluded="0" xtl="656.30" ytl="623.94" xbr="690.20" ybr="688.70" z_order="0">
    </box>
    <box label="person" occluded="0" xtl="895.10" ytl="554.20" xbr="932.50" ybr="649.00" z_order="0">
    </box>
    <box label="person" occluded="1" xtl="1099.00" ytl="545.00" xbr="1129.00" ybr="655.00" z_order="0">
    </box>
    <box label="potted_plant" occluded="0" xtl="1283.00" ytl="274.00" xbr="1430.00" ybr="402.00" z_order="0">
    </box>
    <box label="car" occluded="0" xtl="1132.79" ytl="579.00" xbr="1626.29" ybr="957.60" z_order="0">
    </box>
    <box label="movable_signage" occluded="0" xtl="580.44" ytl="635.43" xbr="642.92" ybr="718.63" z_order="0">
    </box>
    <box label="pole" occluded="1" xtl="433.70" ytl="1.90" xbr="484.96" ybr="815.80" z_order="0">
    </box>
    <box label="truck" occluded="0" xtl="763.60" ytl="536.00" xbr="895.30" ybr="674.70" z_order="0">
    </box>
  </image>
  <image id="92" name="MP_SEL_000499.jpg" width="1920" height="1080">
    <box label="car" occluded="1" xtl="628.00" ytl="73.00" xbr="730.00" ybr="167.00" z_order="0">
    </box>
    <box label="car" occluded="1" xtl="219.00" ytl="83.00" xbr="626.00" ybr="233.00" z_order="0">
    </box>
    <box label="person" occluded="0" xtl="740.00" ytl="70.00" xbr="789.30" ybr="185.40" z_order="0">
    </box>
    <box label="car" occluded="1" xtl="1516.30" ytl="0.00" xbr="1918.00" ybr="289.00" z_order="0">
    </box>
    <box label="pole" occluded="1" xtl="372.34" ytl="0.00" xbr="441.80" ybr="250.30" z_order="0">
    </box>
    <box label="car" occluded="1" xtl="0.00" ytl="89.00" xbr="259.00" ybr="359.60" z_order="0">
    </box>
    <box label="truck" occluded="1" xtl="946.20" ytl="0.00" xbr="1099.30" ybr="223.00" z_order="0">
    </box>
    <box label="truck" occluded="1" xtl="1000.60" ytl="0.00" xbr="1343.00" ybr="275.60" z_order="0">
    </box>
    <box label="car" occluded="1" xtl="471.40" ytl="81.00" xbr="686.90" ybr="204.70" z_order="0">
    </box>
    <box label="bollard" occluded="0" xtl="438.27" ytl="168.60" xbr="458.76" ybr="254.98" z_order="0">
    </box>
  </image>
  <image id="93" name="MP_SEL_000500.jpg" width="1920" height="1080">
    <box label="car" occluded="1" xtl="1448.70" ytl="213.30" xbr="1824.40" ybr="542.80" z_order="0">
    </box>
    <box label="car" occluded="1" xtl="1042.10" ytl="256.00" xbr="1237.50" ybr="398.20" z_order="0">
    </box>
    <box label="movable_signage" occluded="1" xtl="1449.80" ytl="0.00" xbr="1769.20" ybr="699.59" z_order="0">
    </box>
    <box label="car" occluded="1" xtl="810.00" ytl="268.20" xbr="1137.80" ybr="494.60" z_order="0">
    </box>
    <box label="pole" occluded="1" xtl="1362.10" ytl="0.00" xbr="1386.10" ybr="284.80" z_order="0">
    </box>
    <box label="car" occluded="1" xtl="0.00" ytl="251.00" xbr="828.40" ybr="733.00" z_order="0">
    </box>
    <box label="car" occluded="0" xtl="1366.40" ytl="223.40" xbr="1448.70" ybr="294.70" z_order="0">
    </box>
    <box label="car" occluded="1" xtl="1221.00" ytl="247.80" xbr="1356.70" ybr="347.00" z_order="0">
    </box>
  </image>
</annotations>