<?xml version="1.0" encoding="utf-8"?>
<annotations>
  <version>1.1</version>
  <meta>
    <task>
      <id>4967</id>
      <name>0621_03(최종검수)</name>
      <size>98</size>
      <mode>annotation</mode>
      <overlap>0</overlap>
      <bugtracker></bugtracker>
      <flipped>False</flipped>
      <created>2019-11-22 03:17:57.634410+03:00</created>
      <updated>2019-11-23 13:18:14.273663+03:00</updated>
      <start_frame>0</start_frame>
      <stop_frame>0</stop_frame>
      <frame_filter>0</frame_filter>
      <labels>
        <label>
          <name>wheelchair</name>
          <attributes>
          </attributes>
        </label>
        <label>
          <name>truck</name>
          <attributes>
          </attributes>
        </label>
        <label>
          <name>tree_trunk</name>
          <attributes>
          </attributes>
        </label>
        <label>
          <name>traffic_sign</name>
          <attributes>
          </attributes>
        </label>
        <label>
          <name>traffic_light</name>
          <attributes>
          </attributes>
        </label>
        <label>
          <name>table</name>
          <attributes>
          </attributes>
        </label>
        <label>
          <name>stroller</name>
          <attributes>
          </attributes>
        </label>
        <label>
          <name>stop</name>
          <attributes>
          </attributes>
        </label>
        <label>
          <name>scooter</name>
          <attributes>
          </attributes>
        </label>
        <label>
          <name>potted_plant</name>
          <attributes>
          </attributes>
        </label>
        <label>
          <name>pole</name>
          <attributes>
          </attributes>
        </label>
        <label>
          <name>person</name>
          <attributes>
          </attributes>
        </label>
        <label>
          <name>parking_meter</name>
          <attributes>
          </attributes>
        </label>
        <label>
          <name>movable_signage</name>
          <attributes>
          </attributes>
        </label>
        <label>
          <name>motorcycle</name>
          <attributes>
          </attributes>
        </label>
        <label>
          <name>kiosk</name>
          <attributes>
          </attributes>
        </label>
        <label>
          <name>fire_hydrant</name>
          <attributes>
          </attributes>
        </label>
        <label>
          <name>dog</name>
          <attributes>
          </attributes>
        </label>
        <label>
          <name>chair</name>
          <attributes>
          </attributes>
        </label>
        <label>
          <name>cat</name>
          <attributes>
          </attributes>
        </label>
        <label>
          <name>carrier</name>
          <attributes>
          </attributes>
        </label>
        <label>
          <name>car</name>
          <attributes>
          </attributes>
        </label>
        <label>
          <name>bus</name>
          <attributes>
          </attributes>
        </label>
        <label>
          <name>bollard</name>
          <attributes>
          </attributes>
        </label>
        <label>
          <name>bicycle</name>
          <attributes>
          </attributes>
        </label>
        <label>
          <name>bench</name>
          <attributes>
          </attributes>
        </label>
        <label>
          <name>barricade</name>
          <attributes>
          </attributes>
        </label>
      </labels>
      <segments>
        <segment>
          <id>4766</id>
          <start>0</start>
          <stop>97</stop>
          <url>http://112.169.146.227:8080/?id=4766</url>
        </segment>
      </segments>
      <owner>
        <username>aiadmin</username>
        <email>aiadmin@testworks.co.kr</email>
      </owner>
    </task>
    <dumped>2019-11-29 03:49:38.552333+03:00</dumped>
  </meta>
  <image id="0" name="MP_SEL_003201.jpg" width="1920" height="1080">
    <box label="car" occluded="0" xtl="1113.50" ytl="145.00" xbr="1219.20" ybr="224.00" z_order="0">
    </box>
    <box label="pole" occluded="1" xtl="788.16" ytl="0.00" xbr="838.74" ybr="472.80" z_order="2">
    </box>
    <box label="pole" occluded="1" xtl="764.42" ytl="0.00" xbr="815.00" ybr="470.20" z_order="1">
    </box>
    <box label="car" occluded="0" xtl="1248.40" ytl="131.70" xbr="1496.50" ybr="268.20" z_order="0">
    </box>
    <box label="pole" occluded="1" xtl="1787.41" ytl="0.00" xbr="1837.99" ybr="325.27" z_order="3">
    </box>
    <box label="person" occluded="0" xtl="1030.60" ytl="158.10" xbr="1050.17" ybr="227.41" z_order="5">
    </box>
    <box label="person" occluded="0" xtl="1047.80" ytl="157.34" xbr="1066.30" ybr="226.65" z_order="6">
    </box>
  </image>
  <image id="1" name="MP_SEL_003202.jpg" width="1920" height="1080">
    <box label="truck" occluded="1" xtl="612.30" ytl="263.84" xbr="685.20" ybr="330.40" z_order="3">
    </box>
    <box label="car" occluded="1" xtl="625.44" ytl="296.56" xbr="721.60" ybr="386.40" z_order="0">
    </box>
    <box label="truck" occluded="1" xtl="385.90" ytl="252.19" xbr="458.50" ybr="336.19" z_order="0">
    </box>
    <box label="car" occluded="0" xtl="481.46" ytl="278.40" xbr="562.80" ybr="360.00" z_order="0">
    </box>
    <box label="car" occluded="0" xtl="677.00" ytl="312.00" xbr="796.00" ybr="401.50" z_order="0">
    </box>
    <box label="car" occluded="0" xtl="265.54" ytl="301.13" xbr="395.20" ybr="400.13" z_order="1">
    </box>
    <box label="person" occluded="0" xtl="591.40" ytl="303.80" xbr="617.90" ybr="375.00" z_order="0">
    </box>
    <box label="car" occluded="1" xtl="359.00" ytl="303.42" xbr="428.70" ybr="372.10" z_order="2">
    </box>
  </image>
  <image id="2" name="MP_SEL_003203.jpg" width="1920" height="1080">
    <box label="pole" occluded="1" xtl="1392.03" ytl="0.00" xbr="1453.87" ybr="534.77" z_order="1">
    </box>
    <box label="car" occluded="0" xtl="1039.50" ytl="345.00" xbr="1258.00" ybr="496.00" z_order="0">
    </box>
    <box label="car" occluded="1" xtl="945.15" ytl="375.14" xbr="1143.94" ybr="464.38" z_order="3">
    </box>
  </image>
  <image id="3" name="MP_SEL_003204.jpg" width="1920" height="1080">
    <box label="person" occluded="0" xtl="643.21" ytl="338.90" xbr="709.30" ybr="511.70" z_order="2">
    </box>
    <box label="person" occluded="0" xtl="704.41" ytl="336.40" xbr="793.20" ybr="509.80" z_order="0">
    </box>
    <box label="pole" occluded="1" xtl="35.05" ytl="0.00" xbr="116.30" ybr="588.79" z_order="1">
    </box>
    <box label="truck" occluded="0" xtl="413.56" ytl="335.00" xbr="634.40" ybr="515.72" z_order="0">
    </box>
    <box label="person" occluded="0" xtl="793.29" ytl="341.40" xbr="866.90" ybr="552.80" z_order="0">
    </box>
  </image>
  <image id="4" name="MP_SEL_003205.jpg" width="1920" height="1080">
    <box label="person" occluded="0" xtl="956.80" ytl="208.80" xbr="1128.00" ybr="721.10" z_order="0">
    </box>
    <box label="car" occluded="1" xtl="892.20" ytl="316.96" xbr="1177.47" ybr="462.68" z_order="3">
    </box>
    <box label="pole" occluded="1" xtl="1107.81" ytl="0.00" xbr="1143.34" ybr="465.03" z_order="1">
    </box>
    <box label="car" occluded="1" xtl="1425.00" ytl="244.00" xbr="1920.00" ybr="921.60" z_order="0">
    </box>
  </image>
  <image id="5" name="MP_SEL_003206.jpg" width="1920" height="1080">
    <box label="pole" occluded="1" xtl="0.00" ytl="0.00" xbr="80.20" ybr="670.30" z_order="1">
    </box>
    <box label="car" occluded="0" xtl="606.20" ytl="387.00" xbr="821.00" ybr="519.00" z_order="0">
    </box>
    <box label="truck" occluded="1" xtl="828.30" ytl="365.60" xbr="960.40" ybr="464.86" z_order="0">
    </box>
    <box label="person" occluded="0" xtl="933.10" ytl="358.00" xbr="987.00" ybr="524.00" z_order="0">
    </box>
  </image>
  <image id="6" name="MP_SEL_003207.jpg" width="1920" height="1080">
    <box label="car" occluded="1" xtl="1405.00" ytl="344.00" xbr="1919.00" ybr="674.00" z_order="0">
    </box>
    <box label="pole" occluded="1" xtl="619.51" ytl="0.00" xbr="768.31" ybr="870.31" z_order="1">
    </box>
  </image>
  <image id="7" name="MP_SEL_003208.jpg" width="1920" height="1080">
    <box label="pole" occluded="1" xtl="1389.20" ytl="0.00" xbr="1631.68" ybr="1080.00" z_order="1">
    </box>
    <box label="person" occluded="0" xtl="945.00" ytl="328.00" xbr="982.90" ybr="412.40" z_order="0">
    </box>
    <box label="pole" occluded="0" xtl="1070.71" ytl="120.00" xbr="1095.90" ybr="448.60" z_order="2">
    </box>
  </image>
  <image id="8" name="MP_SEL_003209.jpg" width="1920" height="1080">
    <box label="car" occluded="0" xtl="449.00" ytl="282.70" xbr="791.50" ybr="518.00" z_order="0">
    </box>
    <box label="truck" occluded="1" xtl="905.13" ytl="333.00" xbr="983.80" ybr="403.90" z_order="0">
    </box>
    <box label="car" occluded="0" xtl="808.76" ytl="344.47" xbr="922.10" ybr="423.47" z_order="0">
    </box>
  </image>
  <image id="9" name="MP_SEL_003210.jpg" width="1920" height="1080">
    <box label="motorcycle" occluded="0" xtl="1052.91" ytl="502.60" xbr="1106.40" ybr="566.20" z_order="0">
    </box>
    <box label="car" occluded="1" xtl="638.81" ytl="510.65" xbr="852.97" ybr="616.87" z_order="3">
    </box>
    <box label="pole" occluded="0" xtl="1116.60" ytl="292.10" xbr="1148.20" ybr="602.13" z_order="1">
    </box>
    <box label="car" occluded="0" xtl="946.15" ytl="453.40" xbr="1008.50" ybr="507.43" z_order="0">
    </box>
    <box label="truck" occluded="1" xtl="1069.75" ytl="440.24" xbr="1142.00" ybr="533.14" z_order="2">
    </box>
    <box label="person" occluded="0" xtl="925.00" ytl="497.50" xbr="982.00" ybr="645.40" z_order="0">
    </box>
  </image>
  <image id="10" name="MP_SEL_003211.jpg" width="1920" height="1080">
    <box label="pole" occluded="1" xtl="1151.52" ytl="0.00" xbr="1203.60" ybr="623.91" z_order="2">
    </box>
    <box label="pole" occluded="1" xtl="359.24" ytl="0.00" xbr="491.88" ybr="1080.00" z_order="1">
    </box>
    <box label="truck" occluded="0" xtl="902.35" ytl="581.50" xbr="946.10" ybr="626.05" z_order="8">
    </box>
    <box label="pole" occluded="1" xtl="980.20" ytl="59.91" xbr="1008.60" ybr="642.40" z_order="4">
    </box>
    <box label="car" occluded="1" xtl="1406.10" ytl="551.00" xbr="1914.10" ybr="809.90" z_order="0">
    </box>
    <box label="car" occluded="0" xtl="1080.20" ytl="573.30" xbr="1352.00" ybr="749.00" z_order="0">
    </box>
  </image>
  <image id="11" name="MP_SEL_003212.jpg" width="1920" height="1080">
    <box label="car" occluded="1" xtl="837.55" ytl="424.00" xbr="960.50" ybr="532.00" z_order="0">
    </box>
    <box label="potted_plant" occluded="1" xtl="446.41" ytl="559.46" xbr="633.60" ybr="818.06" z_order="1">
    </box>
    <box label="potted_plant" occluded="0" xtl="426.00" ytl="696.30" xbr="625.00" ybr="954.90" z_order="0">
    </box>
    <box label="pole" occluded="1" xtl="655.60" ytl="0.00" xbr="692.14" ybr="569.41" z_order="2">
    </box>
    <box label="potted_plant" occluded="1" xtl="603.70" ytl="446.00" xbr="708.90" ybr="666.40" z_order="0">
    </box>
    <box label="car" occluded="0" xtl="759.70" ytl="419.60" xbr="843.90" ybr="485.18" z_order="0">
    </box>
    <box label="potted_plant" occluded="1" xtl="578.32" ytl="511.00" xbr="671.40" ybr="708.20" z_order="0">
    </box>
    <box label="car" occluded="1" xtl="915.50" ytl="423.30" xbr="1137.80" ybr="576.30" z_order="0">
    </box>
  </image>
  <image id="12" name="MP_SEL_003213.jpg" width="1920" height="1080">
    <box label="car" occluded="1" xtl="0.00" ytl="493.00" xbr="585.70" ybr="920.80" z_order="0">
    </box>
    <box label="bollard" occluded="0" xtl="743.32" ytl="592.67" xbr="761.09" ybr="655.50" z_order="1">
    </box>
    <box label="pole" occluded="1" xtl="1719.79" ytl="6.53" xbr="1869.48" ybr="1080.00" z_order="2">
    </box>
    <box label="pole" occluded="1" xtl="1522.80" ytl="0.00" xbr="1575.10" ybr="972.50" z_order="4">
    </box>
  </image>
  <image id="13" name="MP_SEL_003214.jpg" width="1920" height="1080">
    <box label="person" occluded="1" xtl="1191.79" ytl="620.20" xbr="1219.99" ybr="726.89" z_order="6">
    </box>
    <box label="truck" occluded="0" xtl="1040.80" ytl="626.00" xbr="1110.80" ybr="709.40" z_order="0">
    </box>
    <box label="movable_signage" occluded="0" xtl="1297.34" ytl="702.45" xbr="1347.30" ybr="823.80" z_order="11">
    </box>
    <box label="movable_signage" occluded="0" xtl="1181.50" ytl="667.54" xbr="1213.27" ybr="736.55" z_order="12">
    </box>
    <box label="car" occluded="1" xtl="0.00" ytl="664.80" xbr="648.00" ybr="912.00" z_order="0">
    </box>
    <box label="pole" occluded="1" xtl="1361.70" ytl="0.00" xbr="1456.40" ybr="891.03" z_order="2">
    </box>
    <box label="pole" occluded="1" xtl="37.20" ytl="0.00" xbr="177.40" ybr="1077.84" z_order="1">
    </box>
  </image>
  <image id="14" name="MP_SEL_003215.jpg" width="1920" height="1080">
    <box label="traffic_sign" occluded="0" xtl="861.30" ytl="502.92" xbr="904.70" ybr="531.47" z_order="3">
    </box>
    <box label="car" occluded="1" xtl="1017.20" ytl="599.00" xbr="1133.70" ybr="698.60" z_order="0">
    </box>
    <box label="car" occluded="0" xtl="154.79" ytl="523.50" xbr="709.60" ybr="894.00" z_order="0">
    </box>
    <box label="pole" occluded="1" xtl="1233.40" ytl="1.89" xbr="1271.48" ybr="798.17" z_order="4">
    </box>
    <box label="car" occluded="1" xtl="602.30" ytl="580.00" xbr="815.80" ybr="767.20" z_order="0">
    </box>
    <box label="pole" occluded="1" xtl="838.03" ytl="455.30" xbr="846.40" ybr="612.30" z_order="7">
    </box>
    <box label="truck" occluded="1" xtl="841.10" ytl="586.24" xbr="906.50" ybr="651.10" z_order="1">
    </box>
    <box label="truck" occluded="1" xtl="1005.40" ytl="585.19" xbr="1069.45" ybr="650.00" z_order="2">
    </box>
    <box label="bollard" occluded="0" xtl="1350.80" ytl="688.55" xbr="1369.08" ybr="776.12" z_order="5">
    </box>
    <box label="pole" occluded="1" xtl="644.60" ytl="229.86" xbr="678.10" ybr="702.10" z_order="6">
    </box>
    <box label="truck" occluded="1" xtl="785.00" ytl="576.90" xbr="865.50" ybr="673.00" z_order="0">
    </box>
    <box label="pole" occluded="1" xtl="1060.50" ytl="48.80" xbr="1076.52" ybr="667.71" z_order="9">
    </box>
    <box label="pole" occluded="1" xtl="852.08" ytl="264.82" xbr="864.90" ybr="605.20" z_order="8">
    </box>
    <box label="car" occluded="1" xtl="1045.12" ytl="602.20" xbr="1265.40" ybr="758.80" z_order="0">
    </box>
  </image>
  <image id="15" name="MP_SEL_003216.jpg" width="1920" height="1080">
    <box label="person" occluded="0" xtl="967.00" ytl="607.00" xbr="1002.00" ybr="703.00" z_order="0">
    </box>
    <box label="car" occluded="0" xtl="1165.00" ytl="520.00" xbr="1541.00" ybr="874.30" z_order="0">
    </box>
    <box label="truck" occluded="0" xtl="784.00" ytl="591.80" xbr="953.90" ybr="744.50" z_order="0">
    </box>
    <box label="car" occluded="1" xtl="1105.01" ytl="606.58" xbr="1154.20" ybr="648.60" z_order="6">
    </box>
    <box label="person" occluded="0" xtl="1066.26" ytl="604.36" xbr="1079.60" ybr="641.30" z_order="7">
    </box>
    <box label="truck" occluded="1" xtl="981.73" ytl="599.49" xbr="1025.49" ybr="649.98" z_order="2">
    </box>
  </image>
  <image id="16" name="MP_SEL_003217.jpg" width="1920" height="1080">
    <box label="car" occluded="0" xtl="829.00" ytl="633.40" xbr="898.00" ybr="693.50" z_order="0">
    </box>
    <box label="barricade" occluded="1" xtl="533.48" ytl="713.96" xbr="621.26" ybr="812.80" z_order="1">
    </box>
    <box label="car" occluded="0" xtl="611.90" ytl="620.00" xbr="823.00" ybr="810.90" z_order="0">
    </box>
    <box label="pole" occluded="0" xtl="1109.36" ytl="117.01" xbr="1136.77" ybr="688.11" z_order="5">
    </box>
    <box label="car" occluded="1" xtl="2.00" ytl="636.50" xbr="440.00" ybr="1037.80" z_order="0">
    </box>
    <box label="motorcycle" occluded="1" xtl="1169.60" ytl="647.80" xbr="1233.54" ybr="745.43" z_order="3">
    </box>
    <box label="potted_plant" occluded="1" xtl="413.50" ytl="681.00" xbr="482.60" ybr="880.30" z_order="0">
    </box>
    <box label="car" occluded="1" xtl="859.10" ytl="622.00" xbr="916.50" ybr="674.30" z_order="0">
    </box>
    <box label="truck" occluded="0" xtl="1008.30" ytl="614.20" xbr="1073.00" ybr="678.27" z_order="0">
    </box>
    <box label="barricade" occluded="1" xtl="542.46" ytl="693.58" xbr="630.24" ybr="784.50" z_order="2">
    </box>
    <box label="car" occluded="1" xtl="536.60" ytl="609.40" xbr="759.90" ybr="714.00" z_order="0">
    </box>
  </image>
  <image id="17" name="MP_SEL_003218.jpg" width="1920" height="1080">
    <box label="table" occluded="0" xtl="1303.90" ytl="870.09" xbr="1428.02" ybr="1007.20" z_order="4">
    </box>
    <box label="chair" occluded="1" xtl="1436.25" ytl="915.68" xbr="1516.40" ybr="997.39" z_order="5">
    </box>
    <box label="car" occluded="0" xtl="871.90" ytl="707.20" xbr="991.44" ybr="794.40" z_order="0">
    </box>
    <box label="car" occluded="1" xtl="834.20" ytl="706.35" xbr="902.10" ybr="753.68" z_order="21">
    </box>
    <box label="motorcycle" occluded="0" xtl="571.50" ytl="737.00" xbr="655.20" ybr="850.71" z_order="12">
    </box>
    <box label="chair" occluded="0" xtl="1226.36" ytl="904.26" xbr="1317.96" ybr="997.44" z_order="2">
    </box>
    <box label="chair" occluded="0" xtl="521.50" ytl="778.10" xbr="562.70" ybr="840.00" z_order="10">
    </box>
    <box label="chair" occluded="1" xtl="1336.89" ytl="882.53" xbr="1418.20" ybr="982.00" z_order="6">
    </box>
    <box label="car" occluded="0" xtl="715.30" ytl="708.00" xbr="758.20" ybr="742.80" z_order="20">
    </box>
    <box label="movable_signage" occluded="0" xtl="564.65" ytl="762.10" xbr="590.72" ybr="827.47" z_order="14">
    </box>
    <box label="bollard" occluded="0" xtl="1108.20" ytl="841.15" xbr="1176.73" ybr="946.24" z_order="3">
    </box>
    <box label="pole" occluded="1" xtl="1143.73" ytl="164.87" xbr="1182.11" ybr="877.61" z_order="7">
    </box>
    <box label="pole" occluded="1" xtl="1192.47" ytl="1.58" xbr="1307.70" ybr="977.73" z_order="1">
    </box>
    <box label="traffic_sign" occluded="0" xtl="1165.66" ytl="375.41" xbr="1247.90" ybr="459.84" z_order="8">
    </box>
    <box label="bollard" occluded="0" xtl="174.80" ytl="832.50" xbr="234.90" ybr="913.33" z_order="9">
    </box>
    <box label="movable_signage" occluded="0" xtl="685.10" ytl="704.49" xbr="715.60" ybr="782.00" z_order="15">
    </box>
    <box label="bollard" occluded="1" xtl="632.10" ytl="750.34" xbr="661.10" ybr="808.30" z_order="13">
    </box>
  </image>
  <image id="18" name="MP_SEL_003219.jpg" width="1920" height="1080">
    <box label="car" occluded="1" xtl="0.00" ytl="655.63" xbr="785.70" ybr="953.63" z_order="0">
    </box>
    <box label="car" occluded="1" xtl="714.40" ytl="675.50" xbr="893.50" ybr="752.22" z_order="1">
    </box>
    <box label="truck" occluded="0" xtl="1196.90" ytl="629.90" xbr="1493.40" ybr="840.00" z_order="0">
    </box>
    <box label="car" occluded="0" xtl="1044.36" ytl="660.44" xbr="1126.90" ybr="727.44" z_order="0">
    </box>
    <box label="pole" occluded="1" xtl="596.60" ytl="0.00" xbr="626.90" ybr="750.00" z_order="4">
    </box>
    <box label="movable_signage" occluded="1" xtl="1187.66" ytl="645.66" xbr="1227.07" ybr="747.60" z_order="7">
    </box>
    <box label="truck" occluded="0" xtl="913.60" ytl="648.50" xbr="1015.20" ybr="696.90" z_order="2">
    </box>
    <box label="pole" occluded="1" xtl="1543.35" ytl="181.47" xbr="1613.09" ybr="849.91" z_order="3">
    </box>
    <box label="bus" occluded="1" xtl="758.30" ytl="626.30" xbr="958.20" ybr="696.30" z_order="0">
    </box>
    <box label="truck" occluded="1" xtl="478.70" ytl="620.00" xbr="818.70" ybr="774.90" z_order="0">
    </box>
    <box label="car" occluded="1" xtl="1155.30" ytl="673.51" xbr="1288.60" ybr="775.90" z_order="0">
    </box>
    <box label="car" occluded="1" xtl="1482.00" ytl="691.00" xbr="1920.00" ybr="1061.00" z_order="0">
    </box>
  </image>
  <image id="19" name="MP_SEL_003220.jpg" width="1920" height="1080">
    <box label="pole" occluded="1" xtl="876.80" ytl="211.03" xbr="909.69" ybr="702.30" z_order="4">
    </box>
    <box label="car" occluded="0" xtl="1111.00" ytl="675.40" xbr="1229.00" ybr="770.00" z_order="0">
    </box>
    <box label="car" occluded="0" xtl="314.30" ytl="702.10" xbr="758.00" ybr="1037.00" z_order="0">
    </box>
    <box label="car" occluded="1" xtl="850.90" ytl="669.50" xbr="934.80" ybr="743.80" z_order="0">
    </box>
    <box label="car" occluded="1" xtl="1296.00" ytl="651.00" xbr="1730.10" ybr="831.00" z_order="0">
    </box>
    <box label="pole" occluded="0" xtl="190.69" ytl="770.30" xbr="265.69" ybr="928.40" z_order="2">
    </box>
    <box label="car" occluded="1" xtl="1062.82" ytl="672.60" xbr="1132.20" ybr="735.94" z_order="0">
    </box>
    <box label="pole" occluded="0" xtl="1245.27" ytl="361.81" xbr="1271.59" ybr="783.97" z_order="3">
    </box>
    <box label="car" occluded="1" xtl="1081.29" ytl="674.00" xbr="1172.30" ybr="750.70" z_order="0">
    </box>
    <box label="car" occluded="0" xtl="769.00" ytl="683.50" xbr="905.00" ybr="786.00" z_order="0">
    </box>
  </image>
  <image id="20" name="MP_SEL_003222.jpg" width="1920" height="1080">
    <box label="potted_plant" occluded="0" xtl="509.90" ytl="586.10" xbr="528.70" ybr="652.10" z_order="0">
    </box>
    <box label="car" occluded="1" xtl="1170.22" ytl="611.75" xbr="1358.60" ybr="781.13" z_order="4">
    </box>
    <box label="potted_plant" occluded="0" xtl="536.90" ytl="586.41" xbr="555.70" ybr="652.41" z_order="2">
    </box>
    <box label="pole" occluded="0" xtl="1018.20" ytl="222.40" xbr="1045.52" ybr="702.39" z_order="3">
    </box>
    <box label="pole" occluded="1" xtl="1220.70" ytl="0.00" xbr="1359.84" ybr="1080.00" z_order="1">
    </box>
  </image>
  <image id="21" name="MP_SEL_003223.jpg" width="1920" height="1080">
    <box label="car" occluded="1" xtl="414.50" ytl="539.60" xbr="787.30" ybr="662.80" z_order="0">
    </box>
    <box label="car" occluded="1" xtl="895.00" ytl="521.10" xbr="1048.20" ybr="627.70" z_order="0">
    </box>
    <box label="pole" occluded="1" xtl="586.00" ytl="0.00" xbr="632.30" ybr="733.46" z_order="1">
    </box>
  </image>
  <image id="23" name="MP_SEL_003225.jpg" width="1920" height="1080">
    <box label="car" occluded="1" xtl="571.50" ytl="570.50" xbr="755.50" ybr="745.10" z_order="0">
    </box>
    <box label="pole" occluded="1" xtl="841.30" ytl="3.95" xbr="886.59" ybr="682.32" z_order="3">
    </box>
    <box label="bicycle" occluded="0" xtl="874.05" ytl="612.79" xbr="919.74" ybr="677.51" z_order="1">
    </box>
    <box label="car" occluded="1" xtl="759.00" ytl="562.90" xbr="999.00" ybr="654.40" z_order="0">
    </box>
    <box label="car" occluded="0" xtl="1044.40" ytl="589.00" xbr="1721.00" ybr="962.00" z_order="0">
    </box>
    <box label="car" occluded="1" xtl="0.00" ytl="494.40" xbr="460.43" ybr="1018.27" z_order="4">
    </box>
    <box label="pole" occluded="1" xtl="513.20" ytl="0.00" xbr="596.60" ybr="1080.00" z_order="2">
    </box>
  </image>
  <image id="24" name="MP_SEL_003226.jpg" width="1920" height="1080">
    <box label="car" occluded="0" xtl="1389.60" ytl="686.00" xbr="1719.80" ybr="896.10" z_order="0">
    </box>
    <box label="carrier" occluded="0" xtl="1106.45" ytl="709.30" xbr="1136.01" ybr="759.60" z_order="8">
    </box>
    <box label="carrier" occluded="0" xtl="1143.65" ytl="708.38" xbr="1190.70" ybr="767.70" z_order="9">
    </box>
    <box label="person" occluded="1" xtl="1099.78" ytl="684.36" xbr="1128.42" ybr="756.19" z_order="2">
    </box>
    <box label="car" occluded="0" xtl="986.00" ytl="674.00" xbr="1067.00" ybr="745.00" z_order="0">
    </box>
    <box label="potted_plant" occluded="0" xtl="1745.70" ytl="636.20" xbr="1829.30" ybr="873.10" z_order="1">
    </box>
    <box label="car" occluded="1" xtl="0.00" ytl="620.50" xbr="786.50" ybr="1080.00" z_order="0">
    </box>
    <box label="pole" occluded="1" xtl="1379.13" ytl="0.00" xbr="1422.55" ybr="799.78" z_order="6">
    </box>
    <box label="car" occluded="0" xtl="875.40" ytl="662.48" xbr="979.60" ybr="773.88" z_order="0">
    </box>
  </image>
  <image id="25" name="MP_SEL_003227.jpg" width="1920" height="1080">
    <box label="carrier" occluded="1" xtl="199.70" ytl="697.40" xbr="685.20" ybr="978.40" z_order="2">
    </box>
    <box label="carrier" occluded="1" xtl="633.50" ytl="627.90" xbr="814.37" ybr="787.99" z_order="6">
    </box>
    <box label="car" occluded="1" xtl="0.00" ytl="534.00" xbr="440.00" ybr="842.30" z_order="0">
    </box>
    <box label="car" occluded="1" xtl="0.00" ytl="578.19" xbr="298.90" ybr="940.10" z_order="0">
    </box>
    <box label="car" occluded="1" xtl="1131.00" ytl="543.00" xbr="1252.10" ybr="650.00" z_order="0">
    </box>
    <box label="pole" occluded="1" xtl="584.68" ytl="0.00" xbr="629.10" ybr="640.70" z_order="10">
    </box>
    <box label="carrier" occluded="1" xtl="0.00" ytl="755.16" xbr="505.61" ybr="1080.00" z_order="1">
    </box>
    <box label="carrier" occluded="1" xtl="578.26" ytl="658.70" xbr="724.90" ybr="821.64" z_order="4">
    </box>
    <box label="car" occluded="1" xtl="372.00" ytl="568.00" xbr="626.90" ybr="771.00" z_order="0">
    </box>
    <box label="bicycle" occluded="0" xtl="1014.00" ytl="592.30" xbr="1119.50" ybr="662.20" z_order="0">
    </box>
    <box label="carrier" occluded="1" xtl="678.54" ytl="628.00" xbr="859.40" ybr="744.82" z_order="7">
    </box>
  </image>
  <image id="26" name="MP_SEL_003228.jpg" width="1920" height="1080">
    <box label="truck" occluded="1" xtl="456.00" ytl="571.50" xbr="608.10" ybr="708.50" z_order="0">
    </box>
    <box label="tree_trunk" occluded="1" xtl="1339.94" ytl="518.79" xbr="1365.32" ybr="711.10" z_order="10">
    </box>
    <box label="pole" occluded="1" xtl="543.70" ytl="0.00" xbr="702.86" ybr="1080.00" z_order="1">
    </box>
    <box label="person" occluded="0" xtl="1735.20" ytl="609.00" xbr="1786.00" ybr="681.00" z_order="0">
    </box>
    <box label="pole" occluded="1" xtl="1666.80" ytl="0.00" xbr="1729.59" ybr="738.40" z_order="2">
    </box>
    <box label="tree_trunk" occluded="1" xtl="1235.23" ytl="528.01" xbr="1260.61" ybr="688.60" z_order="8">
    </box>
    <box label="car" occluded="1" xtl="0.00" ytl="661.00" xbr="363.30" ybr="1080.00" z_order="0">
    </box>
    <box label="bollard" occluded="0" xtl="1615.90" ytl="791.67" xbr="1697.82" ybr="893.20" z_order="4">
    </box>
    <box label="car" occluded="1" xtl="115.00" ytl="593.00" xbr="485.90" ybr="795.00" z_order="0">
    </box>
    <box label="bicycle" occluded="0" xtl="1301.80" ytl="662.80" xbr="1426.00" ybr="811.90" z_order="0">
    </box>
    <box label="bicycle" occluded="0" xtl="1241.56" ytl="653.04" xbr="1314.30" ybr="795.40" z_order="0">
    </box>
    <box label="tree_trunk" occluded="1" xtl="1272.67" ytl="519.43" xbr="1298.06" ybr="694.60" z_order="9">
    </box>
    <box label="movable_signage" occluded="0" xtl="851.80" ytl="625.11" xbr="874.01" ybr="692.53" z_order="11">
    </box>
    <box label="bicycle" occluded="0" xtl="1085.24" ytl="620.10" xbr="1133.00" ybr="701.05" z_order="3">
    </box>
  </image>
  <image id="27" name="MP_SEL_003230.jpg" width="1920" height="1080">
    <box label="tree_trunk" occluded="1" xtl="1676.20" ytl="591.35" xbr="1744.67" ybr="1070.31" z_order="1">
    </box>
    <box label="carrier" occluded="0" xtl="1018.10" ytl="638.70" xbr="1066.20" ybr="673.60" z_order="11">
    </box>
    <box label="bicycle" occluded="0" xtl="1085.68" ytl="644.90" xbr="1131.51" ybr="734.34" z_order="9">
    </box>
    <box label="tree_trunk" occluded="1" xtl="1389.32" ytl="479.54" xbr="1436.70" ybr="909.80" z_order="2">
    </box>
    <box label="tree_trunk" occluded="1" xtl="1264.34" ytl="571.00" xbr="1302.50" ybr="834.10" z_order="3">
    </box>
    <box label="tree_trunk" occluded="1" xtl="1516.16" ytl="572.73" xbr="1533.15" ybr="670.20" z_order="6">
    </box>
  </image>
  <image id="28" name="MP_SEL_003231.jpg" width="1920" height="1080">
    <box label="tree_trunk" occluded="0" xtl="843.20" ytl="483.00" xbr="920.97" ybr="725.57" z_order="1">
    </box>
    <box label="bicycle" occluded="0" xtl="865.67" ytl="654.80" xbr="910.60" ybr="730.97" z_order="5">
    </box>
    <box label="potted_plant" occluded="0" xtl="737.22" ytl="737.22" xbr="777.20" ybr="782.91" z_order="2">
    </box>
    <box label="potted_plant" occluded="1" xtl="769.90" ytl="699.20" xbr="825.10" ybr="762.62" z_order="4">
    </box>
    <box label="car" occluded="1" xtl="1109.00" ytl="517.30" xbr="1920.00" ybr="1080.00" z_order="0">
    </box>
    <box label="potted_plant" occluded="1" xtl="760.39" ytl="728.36" xbr="800.37" ybr="774.04" z_order="3">
    </box>
    <box label="motorcycle" occluded="1" xtl="178.70" ytl="692.10" xbr="460.20" ybr="1080.00" z_order="0">
    </box>
  </image>
  <image id="29" name="MP_SEL_003232.jpg" width="1920" height="1080">
    <box label="movable_signage" occluded="0" xtl="1025.50" ytl="617.80" xbr="1061.40" ybr="715.40" z_order="5">
    </box>
    <box label="potted_plant" occluded="0" xtl="801.14" ytl="633.60" xbr="830.70" ybr="699.83" z_order="2">
    </box>
  </image>
  <image id="30" name="MP_SEL_003233.jpg" width="1920" height="1080">
    <box label="person" occluded="0" xtl="809.44" ytl="606.80" xbr="843.40" ybr="689.10" z_order="0">
    </box>
    <box label="bollard" occluded="1" xtl="982.22" ytl="631.60" xbr="1017.12" ybr="695.56" z_order="2">
    </box>
    <box label="car" occluded="1" xtl="988.00" ytl="588.00" xbr="1225.40" ybr="764.10" z_order="0">
    </box>
    <box label="car" occluded="0" xtl="324.60" ytl="616.03" xbr="663.20" ybr="874.20" z_order="0">
    </box>
    <box label="person" occluded="0" xtl="900.42" ytl="587.10" xbr="963.22" ybr="761.98" z_order="0">
    </box>
    <box label="truck" occluded="1" xtl="761.81" ytl="569.97" xbr="834.70" ybr="641.95" z_order="5">
    </box>
    <box label="person" occluded="1" xtl="696.00" ytl="586.00" xbr="731.70" ybr="677.00" z_order="0">
    </box>
    <box label="car" occluded="1" xtl="502.30" ytl="611.60" xbr="727.10" ybr="793.80" z_order="0">
    </box>
    <box label="car" occluded="1" xtl="1111.00" ytl="612.00" xbr="1457.30" ybr="877.30" z_order="0">
    </box>
    <box label="car" occluded="1" xtl="1258.31" ytl="605.00" xbr="1920.00" ybr="1080.00" z_order="0">
    </box>
  </image>
  <image id="31" name="MP_SEL_003234.jpg" width="1920" height="1080">
    <box label="person" occluded="0" xtl="1033.94" ytl="524.40" xbr="1069.94" ybr="632.82" z_order="0">
    </box>
    <box label="car" occluded="1" xtl="1.32" ytl="502.20" xbr="565.32" ybr="766.50" z_order="0">
    </box>
    <box label="car" occluded="1" xtl="0.00" ytl="520.00" xbr="473.00" ybr="986.60" z_order="0">
    </box>
    <box label="car" occluded="1" xtl="1152.90" ytl="507.20" xbr="1715.50" ybr="939.80" z_order="0">
    </box>
    <box label="person" occluded="0" xtl="1078.50" ytl="519.70" xbr="1114.50" ybr="615.17" z_order="0">
    </box>
  </image>
  <image id="32" name="MP_SEL_003235.jpg" width="1920" height="1080">
    <box label="person" occluded="1" xtl="791.50" ytl="652.00" xbr="833.00" ybr="753.00" z_order="0">
    </box>
    <box label="car" occluded="1" xtl="750.81" ytl="652.40" xbr="835.50" ybr="724.00" z_order="0">
    </box>
    <box label="person" occluded="0" xtl="870.20" ytl="666.66" xbr="937.20" ybr="836.90" z_order="0">
    </box>
    <box label="car" occluded="1" xtl="0.00" ytl="697.00" xbr="391.00" ybr="1034.20" z_order="0">
    </box>
    <box label="car" occluded="1" xtl="932.40" ytl="646.60" xbr="1003.73" ybr="707.29" z_order="0">
    </box>
    <box label="car" occluded="1" xtl="1038.40" ytl="662.70" xbr="1791.20" ybr="963.44" z_order="0">
    </box>
    <box label="car" occluded="1" xtl="1315.92" ytl="744.29" xbr="1920.00" ybr="1080.00" z_order="4">
    </box>
    <box label="movable_signage" occluded="0" xtl="1123.45" ytl="672.72" xbr="1150.99" ybr="749.99" z_order="5">
    </box>
    <box label="person" occluded="0" xtl="809.40" ytl="653.90" xbr="854.79" ybr="760.90" z_order="0">
    </box>
  </image>
  <image id="33" name="MP_SEL_003236.jpg" width="1920" height="1080">
    <box label="car" occluded="1" xtl="588.60" ytl="664.00" xbr="821.00" ybr="819.00" z_order="0">
    </box>
    <box label="pole" occluded="1" xtl="809.01" ytl="472.16" xbr="830.90" ybr="692.60" z_order="4">
    </box>
    <box label="car" occluded="1" xtl="1138.50" ytl="636.80" xbr="1393.00" ybr="734.00" z_order="0">
    </box>
    <box label="car" occluded="1" xtl="709.20" ytl="658.00" xbr="860.10" ybr="774.20" z_order="0">
    </box>
    <box label="person" occluded="0" xtl="865.10" ytl="651.00" xbr="932.00" ybr="828.00" z_order="0">
    </box>
    <box label="motorcycle" occluded="0" xtl="999.63" ytl="646.03" xbr="1036.70" ybr="726.62" z_order="2">
    </box>
    <box label="traffic_sign" occluded="0" xtl="951.15" ytl="413.26" xbr="1046.33" ybr="480.69" z_order="6">
    </box>
    <box label="bollard" occluded="0" xtl="45.95" ytl="883.20" xbr="185.42" ybr="1072.68" z_order="1">
    </box>
    <box label="car" occluded="0" xtl="197.32" ytl="605.47" xbr="775.10" ybr="1060.30" z_order="0">
    </box>
    <box label="car" occluded="1" xtl="965.00" ytl="630.20" xbr="1061.80" ybr="711.60" z_order="0">
    </box>
  </image>
  <image id="34" name="MP_SEL_003237.jpg" width="1920" height="1080">
    <box label="truck" occluded="0" xtl="470.80" ytl="540.00" xbr="783.90" ybr="773.50" z_order="0">
    </box>
    <box label="car" occluded="0" xtl="932.50" ytl="577.94" xbr="1031.30" ybr="646.94" z_order="0">
    </box>
    <box label="bicycle" occluded="1" xtl="858.19" ytl="568.87" xbr="865.56" ybr="598.36" z_order="9">
    </box>
    <box label="person" occluded="1" xtl="873.15" ytl="565.24" xbr="894.50" ybr="609.99" z_order="6">
    </box>
    <box label="bollard" occluded="0" xtl="143.71" ytl="685.30" xbr="178.80" ybr="855.68" z_order="1">
    </box>
    <box label="truck" occluded="0" xtl="1116.50" ytl="530.00" xbr="1698.30" ybr="884.80" z_order="0">
    </box>
    <box label="person" occluded="1" xtl="855.10" ytl="557.10" xbr="871.70" ybr="587.00" z_order="7">
    </box>
    <box label="truck" occluded="1" xtl="796.31" ytl="557.83" xbr="846.00" ybr="596.56" z_order="11">
    </box>
    <box label="truck" occluded="1" xtl="763.32" ytl="555.20" xbr="815.80" ybr="601.50" z_order="10">
    </box>
    <box label="bicycle" occluded="1" xtl="875.72" ytl="578.63" xbr="888.07" ybr="619.87" z_order="8">
    </box>
    <box label="truck" occluded="1" xtl="899.41" ytl="540.04" xbr="951.76" ybr="609.84" z_order="2">
    </box>
    <box label="pole" occluded="1" xtl="920.42" ytl="331.10" xbr="927.70" ybr="569.60" z_order="5">
    </box>
    <box label="pole" occluded="1" xtl="633.50" ytl="233.30" xbr="647.20" ybr="663.74" z_order="4">
    </box>
  </image>
  <image id="35" name="MP_SEL_003238.jpg" width="1920" height="1080">
    <box label="car" occluded="1" xtl="807.12" ytl="569.32" xbr="886.12" ybr="642.72" z_order="0">
    </box>
    <box label="car" occluded="1" xtl="965.30" ytl="567.90" xbr="1045.90" ybr="628.00" z_order="0">
    </box>
    <box label="person" occluded="0" xtl="721.24" ytl="584.00" xbr="767.50" ybr="658.22" z_order="0">
    </box>
    <box label="truck" occluded="0" xtl="899.41" ytl="544.57" xbr="976.10" ybr="630.67" z_order="0">
    </box>
    <box label="car" occluded="1" xtl="1144.90" ytl="587.00" xbr="1495.00" ybr="863.00" z_order="0">
    </box>
    <box label="car" occluded="1" xtl="169.60" ytl="561.90" xbr="596.64" ybr="734.50" z_order="1">
    </box>
    <box label="truck" occluded="1" xtl="1370.00" ytl="289.00" xbr="1920.00" ybr="1080.00" z_order="0">
    </box>
  </image>
  <image id="36" name="MP_SEL_003239.jpg" width="1920" height="1080">
    <box label="car" occluded="1" xtl="732.30" ytl="648.00" xbr="881.00" ybr="779.10" z_order="0">
    </box>
    <box label="person" occluded="0" xtl="721.90" ytl="686.00" xbr="837.90" ybr="970.70" z_order="0">
    </box>
    <box label="car" occluded="1" xtl="1034.53" ytl="662.43" xbr="1133.68" ybr="741.75" z_order="6">
    </box>
    <box label="motorcycle" occluded="1" xtl="1004.46" ytl="663.72" xbr="1043.48" ybr="716.22" z_order="7">
    </box>
    <box label="pole" occluded="1" xtl="985.02" ytl="490.96" xbr="997.20" ybr="697.78" z_order="5">
    </box>
    <box label="person" occluded="0" xtl="865.12" ytl="656.62" xbr="920.20" ybr="771.30" z_order="0">
    </box>
    <box label="pole" occluded="1" xtl="501.70" ytl="0.00" xbr="543.50" ybr="1080.00" z_order="3">
    </box>
    <box label="car" occluded="0" xtl="1057.50" ytl="660.20" xbr="1177.62" ybr="758.35" z_order="0">
    </box>
  </image>
  <image id="37" name="MP_SEL_003240.jpg" width="1920" height="1080">
    <box label="truck" occluded="1" xtl="947.40" ytl="614.60" xbr="1067.10" ybr="768.44" z_order="5">
    </box>
    <box label="car" occluded="1" xtl="880.10" ytl="651.00" xbr="963.10" ybr="693.00" z_order="0">
    </box>
    <box label="bollard" occluded="0" xtl="940.40" ytl="723.50" xbr="969.80" ybr="775.79" z_order="2">
    </box>
    <box label="motorcycle" occluded="1" xtl="1070.63" ytl="693.46" xbr="1131.83" ybr="803.02" z_order="4">
    </box>
    <box label="person" occluded="0" xtl="1003.27" ytl="511.30" xbr="1056.57" ybr="634.60" z_order="6">
    </box>
    <box label="person" occluded="0" xtl="1003.61" ytl="711.80" xbr="1080.12" ybr="782.21" z_order="3">
    </box>
    <box label="truck" occluded="1" xtl="0.00" ytl="586.00" xbr="507.90" ybr="1080.00" z_order="0">
    </box>
    <box label="bollard" occluded="0" xtl="1099.40" ytl="749.77" xbr="1149.28" ybr="828.72" z_order="1">
    </box>
    <box label="movable_signage" occluded="0" xtl="748.29" ytl="693.96" xbr="768.12" ybr="751.07" z_order="12">
    </box>
    <box label="bollard" occluded="0" xtl="702.00" ytl="711.34" xbr="723.42" ybr="751.12" z_order="10">
    </box>
  </image>
  <image id="38" name="MP_SEL_003241.jpg" width="1920" height="1080">
    <box label="car" occluded="0" xtl="796.30" ytl="510.00" xbr="1107.00" ybr="747.10" z_order="0">
    </box>
  </image>
  <image id="39" name="MP_SEL_003242.jpg" width="1920" height="1080">
    <box label="person" occluded="0" xtl="747.00" ytl="512.70" xbr="787.00" ybr="607.00" z_order="0">
    </box>
    <box label="bicycle" occluded="0" xtl="601.20" ytl="559.92" xbr="818.60" ybr="717.10" z_order="0">
    </box>
    <box label="pole" occluded="1" xtl="1072.02" ytl="0.00" xbr="1101.60" ybr="626.29" z_order="2">
    </box>
    <box label="bicycle" occluded="1" xtl="559.70" ytl="540.41" xbr="777.10" ybr="697.59" z_order="1">
    </box>
    <box label="pole" occluded="0" xtl="1269.39" ytl="76.82" xbr="1283.65" ybr="677.82" z_order="3">
    </box>
  </image>
  <image id="40" name="MP_SEL_003243.jpg" width="1920" height="1080">
    <box label="car" occluded="0" xtl="906.00" ytl="642.00" xbr="1024.80" ybr="725.50" z_order="0">
    </box>
    <box label="car" occluded="1" xtl="1413.90" ytl="685.00" xbr="1920.00" ybr="1080.00" z_order="0">
    </box>
    <box label="car" occluded="0" xtl="859.96" ytl="639.08" xbr="922.40" ybr="681.75" z_order="7">
    </box>
    <box label="truck" occluded="0" xtl="1049.80" ytl="616.30" xbr="1240.00" ybr="775.10" z_order="0">
    </box>
    <box label="truck" occluded="1" xtl="1000.85" ytl="612.23" xbr="1056.81" ybr="681.41" z_order="3">
    </box>
    <box label="tree_trunk" occluded="1" xtl="1505.47" ytl="360.38" xbr="1549.34" ybr="758.42" z_order="4">
    </box>
    <box label="barricade" occluded="0" xtl="1174.98" ytl="710.64" xbr="1337.18" ybr="814.20" z_order="1">
    </box>
    <box label="car" occluded="0" xtl="678.50" ytl="627.64" xbr="860.42" ybr="786.02" z_order="2">
    </box>
  </image>
  <image id="41" name="MP_SEL_003244.jpg" width="1920" height="1080">
    <box label="tree_trunk" occluded="0" xtl="1233.05" ytl="388.30" xbr="1275.69" ybr="806.73" z_order="1">
    </box>
    <box label="person" occluded="0" xtl="1134.60" ytl="337.70" xbr="1187.70" ybr="453.30" z_order="0">
    </box>
  </image>
  <image id="42" name="MP_SEL_003245.jpg" width="1920" height="1080">
    <box label="car" occluded="1" xtl="894.13" ytl="610.13" xbr="919.31" ybr="634.06" z_order="8">
    </box>
    <box label="pole" occluded="1" xtl="1151.63" ytl="0.00" xbr="1190.71" ybr="792.67" z_order="1">
    </box>
    <box label="car" occluded="1" xtl="880.73" ytl="627.10" xbr="911.30" ybr="652.58" z_order="7">
    </box>
    <box label="car" occluded="0" xtl="977.50" ytl="639.00" xbr="1104.40" ybr="735.00" z_order="0">
    </box>
    <box label="car" occluded="1" xtl="843.40" ytl="628.67" xbr="887.90" ybr="672.90" z_order="6">
    </box>
    <box label="pole" occluded="1" xtl="412.50" ytl="0.00" xbr="541.14" ybr="998.20" z_order="2">
    </box>
    <box label="car" occluded="0" xtl="814.48" ytl="631.06" xbr="864.71" ybr="684.61" z_order="5">
    </box>
  </image>
  <image id="43" name="MP_SEL_003246.jpg" width="1920" height="1080">
    <box label="pole" occluded="1" xtl="979.97" ytl="178.90" xbr="1000.53" ybr="587.90" z_order="3">
    </box>
    <box label="pole" occluded="1" xtl="1133.40" ytl="0.00" xbr="1192.03" ybr="730.80" z_order="1">
    </box>
    <box label="car" occluded="1" xtl="675.70" ytl="524.30" xbr="849.50" ybr="678.90" z_order="0">
    </box>
    <box label="car" occluded="1" xtl="1259.60" ytl="440.50" xbr="1920.00" ybr="1002.40" z_order="0">
    </box>
    <box label="car" occluded="1" xtl="0.00" ytl="577.00" xbr="716.50" ybr="989.90" z_order="0">
    </box>
    <box label="bollard" occluded="0" xtl="729.10" ytl="619.41" xbr="759.06" ybr="685.95" z_order="2">
    </box>
    <box label="truck" occluded="0" xtl="859.90" ytl="519.00" xbr="980.20" ybr="630.70" z_order="0">
    </box>
  </image>
  <image id="44" name="MP_SEL_003247.jpg" width="1920" height="1080">
    <box label="person" occluded="0" xtl="1025.80" ytl="570.80" xbr="1081.40" ybr="729.20" z_order="0">
    </box>
    <box label="pole" occluded="1" xtl="428.40" ytl="0.00" xbr="526.46" ybr="949.62" z_order="1">
    </box>
    <box label="truck" occluded="1" xtl="867.50" ytl="557.40" xbr="968.90" ybr="655.00" z_order="0">
    </box>
    <box label="car" occluded="1" xtl="723.30" ytl="588.12" xbr="833.61" ybr="676.45" z_order="2">
    </box>
    <box label="truck" occluded="1" xtl="993.01" ytl="567.26" xbr="1036.35" ybr="621.24" z_order="5">
    </box>
    <box label="car" occluded="1" xtl="1057.70" ytl="582.80" xbr="1140.90" ybr="631.00" z_order="0">
    </box>
    <box label="car" occluded="1" xtl="82.29" ytl="566.88" xbr="559.27" ybr="772.48" z_order="6">
    </box>
    <box label="potted_plant" occluded="0" xtl="863.29" ytl="580.00" xbr="909.29" ybr="673.00" z_order="0">
    </box>
    <box label="pole" occluded="1" xtl="1229.53" ytl="0.00" xbr="1267.82" ybr="706.75" z_order="3">
    </box>
    <box label="car" occluded="1" xtl="192.28" ytl="593.61" xbr="668.24" ybr="756.03" z_order="7">
    </box>
    <box label="car" occluded="0" xtl="1092.30" ytl="538.50" xbr="1380.81" ybr="795.57" z_order="0">
    </box>
  </image>
  <image id="45" name="MP_SEL_003248.jpg" width="1920" height="1080">
    <box label="car" occluded="0" xtl="1046.80" ytl="573.60" xbr="1339.00" ybr="891.10" z_order="0">
    </box>
    <box label="pole" occluded="1" xtl="769.12" ytl="0.00" xbr="830.96" ybr="755.70" z_order="1">
    </box>
    <box label="car" occluded="1" xtl="1019.20" ytl="643.91" xbr="1118.14" ybr="741.45" z_order="4">
    </box>
    <box label="person" occluded="1" xtl="978.67" ytl="627.76" xbr="1001.90" ybr="672.30" z_order="3">
    </box>
    <box label="car" occluded="1" xtl="713.70" ytl="619.50" xbr="851.50" ybr="727.90" z_order="0">
    </box>
  </image>
  <image id="46" name="MP_SEL_003249.jpg" width="1920" height="1080">
    <box label="pole" occluded="1" xtl="1113.74" ytl="150.73" xbr="1131.11" ybr="666.18" z_order="4">
    </box>
    <box label="movable_signage" occluded="0" xtl="1589.40" ytl="800.05" xbr="1847.61" ybr="1043.48" z_order="6">
    </box>
    <box label="potted_plant" occluded="0" xtl="1541.90" ytl="312.40" xbr="1678.90" ybr="775.57" z_order="2">
    </box>
    <box label="car" occluded="0" xtl="1000.00" ytl="602.90" xbr="1088.20" ybr="673.30" z_order="0">
    </box>
    <box label="car" occluded="1" xtl="966.63" ytl="581.02" xbr="1045.30" ybr="643.30" z_order="0">
    </box>
    <box label="car" occluded="0" xtl="1119.00" ytl="580.90" xbr="1571.00" ybr="902.30" z_order="0">
    </box>
  </image>
  <image id="47" name="MP_SEL_003250.jpg" width="1920" height="1080">
    <box label="person" occluded="0" xtl="971.00" ytl="629.20" xbr="991.80" ybr="694.00" z_order="0">
    </box>
    <box label="car" occluded="0" xtl="820.68" ytl="638.10" xbr="947.68" ybr="730.90" z_order="0">
    </box>
    <box label="car" occluded="1" xtl="0.00" ytl="682.12" xbr="316.19" ybr="1080.00" z_order="3">
    </box>
    <box label="car" occluded="0" xtl="1263.00" ytl="620.00" xbr="1755.30" ybr="999.60" z_order="0">
    </box>
  </image>
  <image id="48" name="MP_SEL_003251.jpg" width="1920" height="1080">
    <box label="car" occluded="0" xtl="822.90" ytl="591.00" xbr="906.80" ybr="671.00" z_order="0">
    </box>
    <box label="pole" occluded="1" xtl="803.41" ytl="0.00" xbr="822.52" ybr="681.67" z_order="2">
    </box>
    <box label="person" occluded="0" xtl="1004.76" ytl="571.54" xbr="1060.60" ybr="757.47" z_order="1">
    </box>
    <box label="truck" occluded="1" xtl="0.00" ytl="565.20" xbr="490.00" ybr="780.00" z_order="0">
    </box>
    <box label="car" occluded="1" xtl="0.00" ytl="651.30" xbr="294.90" ybr="879.30" z_order="0">
    </box>
    <box label="car" occluded="0" xtl="933.17" ytl="589.97" xbr="989.78" ybr="647.10" z_order="4">
    </box>
    <box label="car" occluded="1" xtl="691.80" ytl="597.00" xbr="803.40" ybr="689.00" z_order="0">
    </box>
    <box label="truck" occluded="0" xtl="1035.79" ytl="562.70" xbr="1265.80" ybr="771.40" z_order="0">
    </box>
  </image>
  <image id="49" name="MP_SEL_003252.jpg" width="1920" height="1080">
    <box label="pole" occluded="1" xtl="626.88" ytl="129.03" xbr="652.30" ybr="763.78" z_order="4">
    </box>
    <box label="car" occluded="1" xtl="1055.00" ytl="621.00" xbr="1207.00" ybr="737.10" z_order="0">
    </box>
    <box label="car" occluded="1" xtl="624.10" ytl="649.00" xbr="840.70" ybr="810.00" z_order="0">
    </box>
    <box label="car" occluded="1" xtl="1106.00" ytl="626.00" xbr="1434.80" ybr="747.00" z_order="0">
    </box>
    <box label="pole" occluded="1" xtl="736.73" ytl="172.02" xbr="755.00" ybr="702.09" z_order="5">
    </box>
    <box label="fire_hydrant" occluded="0" xtl="1509.27" ytl="649.12" xbr="1573.74" ybr="789.91" z_order="3">
    </box>
    <box label="movable_signage" occluded="1" xtl="554.23" ytl="697.67" xbr="605.63" ybr="831.88" z_order="8">
    </box>
    <box label="movable_signage" occluded="0" xtl="973.37" ytl="641.00" xbr="986.59" ybr="678.46" z_order="9">
    </box>
    <box label="pole" occluded="0" xtl="813.44" ytl="359.60" xbr="826.76" ybr="667.99" z_order="7">
    </box>
    <box label="car" occluded="1" xtl="1207.06" ytl="639.75" xbr="1611.16" ybr="788.75" z_order="0">
    </box>
  </image>
  <image id="50" name="MP_SEL_003253.jpg" width="1920" height="1080">
    <box label="car" occluded="1" xtl="625.90" ytl="629.30" xbr="727.60" ybr="732.70" z_order="0">
    </box>
    <box label="car" occluded="1" xtl="728.20" ytl="624.30" xbr="807.11" ybr="678.42" z_order="6">
    </box>
    <box label="barricade" occluded="0" xtl="1110.20" ytl="711.66" xbr="1159.69" ybr="783.05" z_order="9">
    </box>
    <box label="car" occluded="0" xtl="828.34" ytl="618.84" xbr="860.62" ybr="650.64" z_order="8">
    </box>
    <box label="car" occluded="1" xtl="1280.00" ytl="651.30" xbr="1516.40" ybr="791.80" z_order="0">
    </box>
    <box label="truck" occluded="0" xtl="888.49" ytl="615.63" xbr="936.10" ybr="661.50" z_order="7">
    </box>
    <box label="pole" occluded="1" xtl="1785.10" ytl="0.00" xbr="1851.25" ybr="1013.47" z_order="1">
    </box>
    <box label="car" occluded="0" xtl="917.10" ytl="643.88" xbr="1005.97" ybr="715.88" z_order="0">
    </box>
    <box label="car" occluded="1" xtl="1003.00" ytl="644.00" xbr="1084.00" ybr="713.90" z_order="0">
    </box>
    <box label="pole" occluded="0" xtl="1059.96" ytl="114.98" xbr="1082.99" ybr="757.65" z_order="3">
    </box>
  </image>
  <image id="51" name="MP_SEL_003254.jpg" width="1920" height="1080">
    <box label="car" occluded="1" xtl="0.00" ytl="774.00" xbr="869.00" ybr="1080.00" z_order="0">
    </box>
    <box label="car" occluded="0" xtl="1310.20" ytl="726.50" xbr="1714.00" ybr="1010.00" z_order="0">
    </box>
    <box label="movable_signage" occluded="0" xtl="772.56" ytl="714.11" xbr="819.36" ybr="786.29" z_order="5">
    </box>
    <box label="car" occluded="0" xtl="1050.60" ytl="662.10" xbr="1265.10" ybr="825.20" z_order="0">
    </box>
    <box label="pole" occluded="1" xtl="601.78" ytl="0.00" xbr="671.25" ybr="917.60" z_order="3">
    </box>
    <box label="car" occluded="1" xtl="859.70" ytl="659.40" xbr="947.30" ybr="741.00" z_order="0">
    </box>
    <box label="bollard" occluded="0" xtl="834.30" ytl="703.24" xbr="860.37" ybr="754.65" z_order="2">
    </box>
    <box label="pole" occluded="1" xtl="1157.58" ytl="1.58" xbr="1192.31" ybr="734.41" z_order="4">
    </box>
  </image>
  <image id="52" name="MP_SEL_003255.jpg" width="1920" height="1080">
    <box label="tree_trunk" occluded="0" xtl="1619.77" ytl="163.23" xbr="1652.80" ybr="462.78" z_order="5">
    </box>
    <box label="tree_trunk" occluded="0" xtl="1451.00" ytl="278.10" xbr="1473.20" ybr="450.72" z_order="6">
    </box>
    <box label="bollard" occluded="0" xtl="1317.09" ytl="415.82" xbr="1343.10" ybr="450.72" z_order="3">
    </box>
    <box label="car" occluded="1" xtl="929.00" ytl="336.00" xbr="1013.20" ybr="386.00" z_order="0">
    </box>
    <box label="pole" occluded="0" xtl="1509.99" ytl="132.11" xbr="1549.97" ybr="467.86" z_order="4">
    </box>
    <box label="bollard" occluded="0" xtl="1257.97" ytl="404.34" xbr="1283.98" ybr="439.24" z_order="10">
    </box>
    <box label="car" occluded="1" xtl="1274.11" ytl="337.20" xbr="1413.30" ybr="391.40" z_order="0">
    </box>
    <box label="car" occluded="1" xtl="70.30" ytl="321.80" xbr="688.00" ybr="557.60" z_order="0">
    </box>
    <box label="truck" occluded="1" xtl="816.78" ytl="319.80" xbr="981.67" ybr="399.00" z_order="1">
    </box>
    <box label="car" occluded="0" xtl="199.60" ytl="389.00" xbr="1187.00" ybr="778.30" z_order="0">
    </box>
    <box label="car" occluded="1" xtl="686.40" ytl="344.00" xbr="873.00" ybr="405.10" z_order="0">
    </box>
    <box label="car" occluded="1" xtl="809.71" ytl="344.96" xbr="938.10" ybr="396.70" z_order="0">
    </box>
  </image>
  <image id="53" name="MP_SEL_003256.jpg" width="1920" height="1080">
    <box label="movable_signage" occluded="0" xtl="751.55" ytl="447.97" xbr="790.69" ybr="523.06" z_order="4">
    </box>
    <box label="movable_signage" occluded="1" xtl="1652.54" ytl="503.99" xbr="1738.07" ybr="633.93" z_order="32">
    </box>
  </image>
  <image id="55" name="MP_SEL_003258.jpg" width="1920" height="1080">
    <box label="tree_trunk" occluded="1" xtl="1818.56" ytl="248.93" xbr="1835.49" ybr="411.27" z_order="17">
    </box>
    <box label="tree_trunk" occluded="0" xtl="1774.68" ytl="251.05" xbr="1792.13" ybr="423.44" z_order="19">
    </box>
    <box label="tree_trunk" occluded="0" xtl="1845.01" ytl="239.47" xbr="1860.87" ybr="434.07" z_order="15">
    </box>
    <box label="tree_trunk" occluded="0" xtl="1801.64" ytl="247.35" xbr="1824.90" ybr="421.32" z_order="16">
    </box>
    <box label="pole" occluded="1" xtl="0.00" ytl="0.00" xbr="100.10" ybr="650.60" z_order="1">
    </box>
    <box label="truck" occluded="0" xtl="1395.10" ytl="320.00" xbr="1519.30" ybr="429.00" z_order="0">
    </box>
    <box label="tree_trunk" occluded="0" xtl="1787.89" ytl="255.86" xbr="1803.76" ybr="426.08" z_order="18">
    </box>
    <box label="tree_trunk" occluded="1" xtl="1754.58" ytl="260.57" xbr="1769.39" ybr="439.50" z_order="20">
    </box>
  </image>
  <image id="56" name="MP_SEL_003259.jpg" width="1920" height="1080">
    <box label="pole" occluded="0" xtl="1531.02" ytl="247.33" xbr="1551.86" ybr="594.93" z_order="10">
    </box>
    <box label="tree_trunk" occluded="0" xtl="352.27" ytl="409.62" xbr="413.67" ybr="885.51" z_order="9">
    </box>
    <box label="bollard" occluded="0" xtl="21.23" ytl="572.08" xbr="62.48" ybr="633.95" z_order="8">
    </box>
    <box label="car" occluded="1" xtl="0.00" ytl="518.00" xbr="362.00" ybr="624.00" z_order="0">
    </box>
  </image>
  <image id="57" name="MP_SEL_003260.jpg" width="1920" height="1080">
    <box label="tree_trunk" occluded="0" xtl="1437.62" ytl="277.59" xbr="1456.66" ybr="438.35" z_order="13">
    </box>
    <box label="tree_trunk" occluded="0" xtl="1320.00" ytl="410.94" xbr="1332.70" ybr="501.04" z_order="5">
    </box>
    <box label="tree_trunk" occluded="0" xtl="1399.55" ytl="279.71" xbr="1426.52" ybr="436.76" z_order="12">
    </box>
    <box label="tree_trunk" occluded="0" xtl="1158.19" ytl="221.20" xbr="1200.07" ybr="489.62" z_order="6">
    </box>
    <box label="tree_trunk" occluded="1" xtl="1347.19" ytl="289.23" xbr="1383.15" ybr="450.51" z_order="11">
    </box>
    <box label="tree_trunk" occluded="0" xtl="1736.92" ytl="288.70" xbr="1773.94" ybr="443.11" z_order="18">
    </box>
    <box label="tree_trunk" occluded="1" xtl="1271.78" ytl="284.02" xbr="1290.81" ybr="440.12" z_order="8">
    </box>
    <box label="tree_trunk" occluded="0" xtl="1556.60" ytl="293.46" xbr="1571.41" ybr="444.69" z_order="14">
    </box>
    <box label="tree_trunk" occluded="0" xtl="1673.50" ytl="281.82" xbr="1704.13" ybr="431.47" z_order="16">
    </box>
    <box label="bollard" occluded="0" xtl="811.15" ytl="494.09" xbr="839.05" ybr="530.81" z_order="25">
    </box>
    <box label="tree_trunk" occluded="0" xtl="1636.98" ytl="274.95" xbr="1651.25" ybr="429.89" z_order="15">
    </box>
    <box label="tree_trunk" occluded="0" xtl="1659.19" ytl="338.93" xbr="1676.11" ybr="416.14" z_order="17">
    </box>
    <box label="bollard" occluded="0" xtl="752.39" ytl="502.54" xbr="786.54" ybr="546.97" z_order="24">
    </box>
    <box label="tree_trunk" occluded="0" xtl="1871.35" ytl="50.67" xbr="1898.00" ybr="454.25" z_order="21">
    </box>
    <box label="tree_trunk" occluded="0" xtl="1748.06" ytl="207.80" xbr="1804.61" ybr="479.60" z_order="19">
    </box>
    <box label="tree_trunk" occluded="1" xtl="1200.71" ytl="256.74" xbr="1219.74" ybr="461.07" z_order="7">
    </box>
  </image>
  <image id="58" name="MP_SEL_003261.jpg" width="1920" height="1080">
    <box label="pole" occluded="0" xtl="1790.70" ytl="254.82" xbr="1824.97" ybr="552.56" z_order="1">
    </box>
    <box label="tree_trunk" occluded="1" xtl="1663.49" ytl="386.06" xbr="1683.16" ybr="522.70" z_order="13">
    </box>
    <box label="tree_trunk" occluded="1" xtl="1509.27" ytl="438.72" xbr="1532.10" ybr="523.20" z_order="14">
    </box>
    <box label="tree_trunk" occluded="1" xtl="1739.00" ytl="382.25" xbr="1756.77" ybr="519.70" z_order="12">
    </box>
    <box label="person" occluded="0" xtl="550.00" ytl="466.00" xbr="586.50" ybr="577.50" z_order="0">
    </box>
    <box label="person" occluded="1" xtl="562.21" ytl="472.76" xbr="595.26" ybr="573.67" z_order="7">
    </box>
  </image>
  <image id="59" name="MP_SEL_003262.jpg" width="1920" height="1080">
    <box label="tree_trunk" occluded="0" xtl="637.35" ytl="400.02" xbr="658.29" ybr="476.17" z_order="4">
    </box>
    <box label="tree_trunk" occluded="1" xtl="1635.22" ytl="0.00" xbr="1698.38" ybr="578.60" z_order="2">
    </box>
    <box label="car" occluded="0" xtl="846.86" ytl="320.85" xbr="915.53" ybr="351.33" z_order="7">
    </box>
    <box label="car" occluded="1" xtl="986.70" ytl="335.00" xbr="1075.00" ybr="372.50" z_order="0">
    </box>
    <box label="tree_trunk" occluded="1" xtl="1704.54" ytl="0.00" xbr="1829.43" ybr="586.46" z_order="1">
    </box>
    <box label="car" occluded="1" xtl="684.09" ytl="336.50" xbr="809.30" ybr="388.10" z_order="0">
    </box>
    <box label="pole" occluded="0" xtl="664.18" ytl="373.62" xbr="677.37" ybr="466.68" z_order="8">
    </box>
    <box label="tree_trunk" occluded="0" xtl="465.35" ytl="337.14" xbr="504.67" ybr="523.30" z_order="3">
    </box>
  </image>
  <image id="60" name="MP_SEL_003263.jpg" width="1920" height="1080">
    <box label="pole" occluded="0" xtl="1199.35" ytl="191.16" xbr="1220.67" ybr="472.14" z_order="15">
    </box>
    <box label="tree_trunk" occluded="0" xtl="1557.39" ytl="355.17" xbr="1574.31" ybr="471.50" z_order="10">
    </box>
    <box label="tree_trunk" occluded="0" xtl="473.51" ytl="337.51" xbr="496.25" ybr="438.51" z_order="14">
    </box>
    <box label="tree_trunk" occluded="0" xtl="498.37" ytl="320.59" xbr="536.97" ybr="436.40" z_order="13">
    </box>
    <box label="tree_trunk" occluded="0" xtl="1815.97" ytl="284.31" xbr="1857.22" ybr="599.47" z_order="9">
    </box>
    <box label="tree_trunk" occluded="0" xtl="1283.47" ytl="331.37" xbr="1298.81" ybr="491.60" z_order="11">
    </box>
  </image>
  <image id="61" name="MP_SEL_003264.jpg" width="1920" height="1080">
    <box label="car" occluded="1" xtl="1263.50" ytl="381.00" xbr="1360.90" ybr="438.00" z_order="0">
    </box>
    <box label="tree_trunk" occluded="0" xtl="1200.72" ytl="366.12" xbr="1223.70" ybr="454.95" z_order="22">
    </box>
    <box label="bollard" occluded="0" xtl="1023.80" ytl="536.00" xbr="1074.00" ybr="608.80" z_order="1">
    </box>
    <box label="truck" occluded="1" xtl="1349.62" ytl="346.00" xbr="1486.30" ybr="428.00" z_order="12">
    </box>
    <box label="tree_trunk" occluded="0" xtl="597.30" ytl="352.29" xbr="635.56" ybr="619.14" z_order="13">
    </box>
    <box label="bench" occluded="1" xtl="805.00" ytl="388.85" xbr="855.00" ybr="448.35" z_order="8">
    </box>
    <box label="bench" occluded="0" xtl="813.00" ytl="402.50" xbr="863.00" ybr="462.00" z_order="0">
    </box>
    <box label="bollard" occluded="0" xtl="1345.60" ytl="527.29" xbr="1399.63" ybr="597.10" z_order="26">
    </box>
    <box label="tree_trunk" occluded="0" xtl="1355.13" ytl="374.30" xbr="1382.50" ybr="470.82" z_order="15">
    </box>
  </image>
  <image id="62" name="MP_SEL_003265.jpg" width="1920" height="1080">
    <box label="car" occluded="1" xtl="358.50" ytl="338.00" xbr="601.60" ybr="447.00" z_order="0">
    </box>
    <box label="tree_trunk" occluded="0" xtl="44.63" ytl="243.98" xbr="95.95" ybr="496.61" z_order="5">
    </box>
    <box label="car" occluded="1" xtl="0.00" ytl="349.10" xbr="439.70" ybr="513.50" z_order="0">
    </box>
    <box label="car" occluded="1" xtl="1173.00" ytl="347.60" xbr="1357.18" ybr="421.17" z_order="0">
    </box>
    <box label="car" occluded="0" xtl="1031.30" ytl="351.00" xbr="1293.70" ybr="468.90" z_order="0">
    </box>
    <box label="car" occluded="0" xtl="757.00" ytl="348.40" xbr="892.30" ybr="412.00" z_order="0">
    </box>
    <box label="tree_trunk" occluded="1" xtl="1815.72" ytl="0.00" xbr="1920.00" ybr="673.60" z_order="1">
    </box>
    <box label="car" occluded="1" xtl="809.50" ytl="347.80" xbr="939.70" ybr="406.10" z_order="0">
    </box>
    <box label="car" occluded="1" xtl="180.33" ytl="342.15" xbr="508.32" ybr="486.71" z_order="7">
    </box>
  </image>
  <image id="63" name="MP_SEL_003266.jpg" width="1920" height="1080">
    <box label="tree_trunk" occluded="0" xtl="1063.65" ytl="342.09" xbr="1074.31" ybr="441.08" z_order="13">
    </box>
    <box label="tree_trunk" occluded="0" xtl="1156.55" ytl="314.67" xbr="1183.97" ybr="436.51" z_order="12">
    </box>
    <box label="bicycle" occluded="1" xtl="1449.25" ytl="387.49" xbr="1541.80" ybr="482.30" z_order="3">
    </box>
    <box label="car" occluded="1" xtl="1697.20" ytl="329.00" xbr="1920.00" ybr="547.10" z_order="0">
    </box>
    <box label="bicycle" occluded="1" xtl="1378.50" ytl="380.31" xbr="1480.30" ybr="479.60" z_order="2">
    </box>
    <box label="bench" occluded="1" xtl="5.60" ytl="424.24" xbr="93.54" ybr="479.50" z_order="1">
    </box>
    <box label="tree_trunk" occluded="0" xtl="303.19" ytl="378.70" xbr="323.81" ybr="483.60" z_order="9">
    </box>
    <box label="tree_trunk" occluded="0" xtl="1565.46" ytl="237.00" xbr="1596.69" ybr="509.61" z_order="11">
    </box>
    <box label="tree_trunk" occluded="0" xtl="944.87" ytl="342.85" xbr="964.66" ybr="452.50" z_order="14">
    </box>
  </image>
  <image id="64" name="MP_SEL_003267.jpg" width="1920" height="1080">
    <box label="tree_trunk" occluded="0" xtl="835.94" ytl="308.40" xbr="865.94" ybr="453.66" z_order="5">
    </box>
    <box label="tree_trunk" occluded="0" xtl="491.72" ytl="112.61" xbr="515.40" ybr="368.40" z_order="6">
    </box>
    <box label="tree_trunk" occluded="0" xtl="415.57" ytl="82.74" xbr="446.66" ybr="357.51" z_order="7">
    </box>
    <box label="tree_trunk" occluded="0" xtl="722.25" ytl="379.45" xbr="771.20" ybr="564.04" z_order="4">
    </box>
    <box label="tree_trunk" occluded="0" xtl="467.60" ytl="106.22" xbr="483.47" ybr="358.14" z_order="8">
    </box>
    <box label="tree_trunk" occluded="1" xtl="207.37" ytl="267.25" xbr="446.30" ybr="1080.00" z_order="14">
    </box>
    <box label="pole" occluded="1" xtl="675.83" ytl="0.00" xbr="733.72" ybr="609.25" z_order="12">
    </box>
    <box label="tree_trunk" occluded="0" xtl="1581.06" ytl="418.20" xbr="1627.01" ybr="788.41" z_order="3">
    </box>
  </image>
  <image id="65" name="MP_SEL_003268.jpg" width="1920" height="1080">
    <box label="tree_trunk" occluded="0" xtl="1289.68" ytl="398.76" xbr="1309.42" ybr="543.50" z_order="7">
    </box>
    <box label="car" occluded="1" xtl="1492.60" ytl="430.70" xbr="1643.50" ybr="508.00" z_order="0">
    </box>
    <box label="truck" occluded="1" xtl="1613.90" ytl="364.10" xbr="1823.00" ybr="504.20" z_order="0">
    </box>
    <box label="car" occluded="1" xtl="1784.20" ytl="404.00" xbr="1920.00" ybr="494.10" z_order="0">
    </box>
    <box label="bench" occluded="0" xtl="746.00" ytl="518.10" xbr="859.70" ybr="645.00" z_order="0">
    </box>
    <box label="tree_trunk" occluded="0" xtl="1364.24" ytl="430.56" xbr="1390.56" ybr="566.53" z_order="6">
    </box>
    <box label="bench" occluded="1" xtl="782.49" ytl="492.41" xbr="868.60" ybr="604.80" z_order="1">
    </box>
    <box label="tree_trunk" occluded="0" xtl="819.28" ytl="374.64" xbr="841.21" ybr="485.38" z_order="5">
    </box>
    <box label="tree_trunk" occluded="0" xtl="1720.72" ytl="189.44" xbr="1828.18" ybr="694.93" z_order="12">
    </box>
    <box label="tree_trunk" occluded="0" xtl="1578.28" ytl="440.04" xbr="1605.78" ybr="640.98" z_order="10">
    </box>
    <box label="tree_trunk" occluded="0" xtl="117.50" ytl="336.26" xbr="151.50" ybr="529.25" z_order="3">
    </box>
    <box label="tree_trunk" occluded="0" xtl="1553.43" ytl="422.59" xbr="1581.45" ybr="609.78" z_order="11">
    </box>
    <box label="tree_trunk" occluded="0" xtl="320.36" ytl="366.96" xbr="374.09" ybr="561.04" z_order="4">
    </box>
  </image>
  <image id="66" name="MP_SEL_003269.jpg" width="1920" height="1080">
    <box label="tree_trunk" occluded="0" xtl="1686.29" ytl="278.14" xbr="1718.09" ybr="533.63" z_order="7">
    </box>
    <box label="tree_trunk" occluded="1" xtl="519.41" ytl="382.82" xbr="540.60" ybr="482.80" z_order="17">
    </box>
    <box label="bench" occluded="1" xtl="1808.00" ytl="434.00" xbr="1920.00" ybr="509.00" z_order="0">
    </box>
    <box label="tree_trunk" occluded="1" xtl="597.68" ytl="377.01" xbr="608.25" ybr="482.80" z_order="16">
    </box>
    <box label="tree_trunk" occluded="0" xtl="1330.56" ytl="399.56" xbr="1351.71" ybr="511.93" z_order="12">
    </box>
    <box label="tree_trunk" occluded="0" xtl="1575.60" ytl="347.56" xbr="1595.00" ybr="457.29" z_order="10">
    </box>
    <box label="tree_trunk" occluded="0" xtl="1499.40" ytl="378.40" xbr="1520.92" ybr="511.49" z_order="9">
    </box>
    <box label="pole" occluded="0" xtl="430.17" ytl="247.92" xbr="464.38" ybr="576.88" z_order="1">
    </box>
    <box label="tree_trunk" occluded="0" xtl="1258.73" ytl="327.73" xbr="1287.37" ybr="485.93" z_order="14">
    </box>
    <box label="tree_trunk" occluded="0" xtl="1460.99" ytl="388.10" xbr="1475.09" ybr="480.20" z_order="11">
    </box>
    <box label="bicycle" occluded="1" xtl="340.00" ytl="430.40" xbr="425.20" ybr="508.50" z_order="6">
    </box>
    <box label="car" occluded="1" xtl="234.70" ytl="394.50" xbr="420.10" ybr="502.80" z_order="0">
    </box>
    <box label="tree_trunk" occluded="0" xtl="1186.00" ytl="407.49" xbr="1197.90" ybr="476.24" z_order="15">
    </box>
  </image>
  <image id="67" name="MP_SEL_003270.jpg" width="1920" height="1080">
    <box label="car" occluded="0" xtl="1042.70" ytl="385.90" xbr="1211.00" ybr="531.60" z_order="0">
    </box>
    <box label="bicycle" occluded="1" xtl="1676.71" ytl="395.04" xbr="1725.96" ybr="453.30" z_order="0">
    </box>
    <box label="carrier" occluded="0" xtl="1722.38" ytl="427.50" xbr="1802.80" ybr="498.80" z_order="2">
    </box>
    <box label="tree_trunk" occluded="0" xtl="1244.70" ytl="269.00" xbr="1315.71" ybr="768.99" z_order="1">
    </box>
    <box label="car" occluded="1" xtl="1297.24" ytl="398.44" xbr="1374.30" ybr="424.70" z_order="0">
    </box>
  </image>
  <image id="68" name="MP_SEL_003271.jpg" width="1920" height="1080">
    <box label="pole" occluded="1" xtl="277.70" ytl="0.00" xbr="325.23" ybr="520.01" z_order="4">
    </box>
    <box label="bus" occluded="1" xtl="658.00" ytl="357.20" xbr="938.00" ybr="437.20" z_order="0">
    </box>
    <box label="bicycle" occluded="1" xtl="1083.00" ytl="427.20" xbr="1187.60" ybr="529.70" z_order="0">
    </box>
    <box label="carrier" occluded="0" xtl="592.00" ytl="568.98" xbr="942.02" ybr="932.15" z_order="1">
    </box>
    <box label="tree_trunk" occluded="1" xtl="770.50" ytl="392.69" xbr="829.01" ybr="846.83" z_order="5">
    </box>
  </image>
  <image id="69" name="MP_SEL_003272.jpg" width="1920" height="1080">
    <box label="bollard" occluded="0" xtl="876.00" ytl="589.52" xbr="916.83" ybr="647.09" z_order="8">
    </box>
    <box label="bollard" occluded="0" xtl="599.39" ytl="594.46" xbr="645.44" ybr="660.25" z_order="7">
    </box>
    <box label="car" occluded="1" xtl="0.00" ytl="426.50" xbr="245.00" ybr="750.00" z_order="0">
    </box>
  </image>
  <image id="70" name="MP_SEL_003273.jpg" width="1920" height="1080">
    <box label="tree_trunk" occluded="0" xtl="1070.20" ytl="258.10" xbr="1173.60" ybr="1049.26" z_order="6">
    </box>
    <box label="bicycle" occluded="1" xtl="350.98" ytl="451.90" xbr="596.70" ybr="668.50" z_order="0">
    </box>
    <box label="carrier" occluded="1" xtl="836.90" ytl="435.80" xbr="923.50" ybr="520.20" z_order="4">
    </box>
    <box label="carrier" occluded="0" xtl="873.68" ytl="452.16" xbr="928.40" ybr="527.40" z_order="5">
    </box>
    <box label="table" occluded="0" xtl="67.00" ytl="549.25" xbr="424.90" ybr="790.04" z_order="1">
    </box>
    <box label="chair" occluded="0" xtl="195.95" ytl="616.35" xbr="361.74" ybr="765.04" z_order="2">
    </box>
    <box label="car" occluded="0" xtl="1363.70" ytl="396.00" xbr="1613.00" ybr="522.00" z_order="0">
    </box>
  </image>
  <image id="71" name="MP_SEL_003274.jpg" width="1920" height="1080">
    <box label="traffic_light" occluded="0" xtl="518.36" ytl="308.37" xbr="563.30" ybr="325.82" z_order="15">
    </box>
    <box label="traffic_light" occluded="0" xtl="345.40" ytl="167.00" xbr="448.20" ybr="199.00" z_order="0">
    </box>
    <box label="traffic_light" occluded="0" xtl="442.04" ytl="301.89" xbr="505.50" ybr="318.81" z_order="14">
    </box>
    <box label="traffic_sign" occluded="0" xtl="452.31" ytl="104.38" xbr="507.52" ybr="180.53" z_order="11">
    </box>
    <box label="traffic_light" occluded="0" xtl="1103.58" ytl="195.50" xbr="1137.50" ybr="223.50" z_order="8">
    </box>
    <box label="pole" occluded="1" xtl="850.31" ytl="0.00" xbr="906.20" ybr="593.40" z_order="10">
    </box>
    <box label="bollard" occluded="0" xtl="740.80" ytl="558.53" xbr="763.25" ybr="627.30" z_order="4">
    </box>
    <box label="bollard" occluded="0" xtl="648.70" ytl="568.82" xbr="672.70" ybr="646.70" z_order="3">
    </box>
    <box label="traffic_light" occluded="0" xtl="1028.00" ytl="175.00" xbr="1080.60" ybr="211.00" z_order="0">
    </box>
    <box label="car" occluded="0" xtl="317.70" ytl="488.80" xbr="625.20" ybr="600.00" z_order="0">
    </box>
    <box label="pole" occluded="1" xtl="603.42" ytl="235.63" xbr="631.60" ybr="515.85" z_order="16">
    </box>
    <box label="traffic_light" occluded="0" xtl="114.00" ytl="252.92" xbr="190.30" ybr="376.60" z_order="6">
    </box>
    <box label="bollard" occluded="0" xtl="524.80" ytl="583.46" xbr="555.70" ybr="674.25" z_order="2">
    </box>
    <box label="traffic_light" occluded="1" xtl="1072.05" ytl="196.62" xbr="1110.70" ybr="226.10" z_order="9">
    </box>
    <box label="car" occluded="1" xtl="0.00" ytl="471.00" xbr="364.90" ybr="608.00" z_order="0">
    </box>
    <box label="movable_signage" occluded="0" xtl="1194.66" ytl="372.93" xbr="1282.82" ybr="588.72" z_order="1">
    </box>
    <box label="pole" occluded="1" xtl="51.08" ytl="0.00" xbr="144.63" ybr="729.50" z_order="5">
    </box>
    <box label="traffic_light" occluded="0" xtl="710.84" ytl="329.50" xbr="758.43" ybr="342.70" z_order="12">
    </box>
    <box label="traffic_light" occluded="0" xtl="204.50" ytl="185.58" xbr="294.60" ybr="218.70" z_order="7">
    </box>
    <box label="traffic_light" occluded="0" xtl="513.20" ytl="140.00" xbr="614.00" ybr="177.70" z_order="0">
    </box>
  </image>
  <image id="72" name="MP_SEL_003275.jpg" width="1920" height="1080">
    <box label="bus" occluded="1" xtl="1222.90" ytl="391.50" xbr="1312.10" ybr="463.20" z_order="3">
    </box>
    <box label="pole" occluded="1" xtl="719.82" ytl="1.10" xbr="763.68" ybr="659.62" z_order="5">
    </box>
    <box label="tree_trunk" occluded="1" xtl="1317.03" ytl="663.72" xbr="1377.60" ybr="1080.00" z_order="1">
    </box>
    <box label="car" occluded="0" xtl="1510.10" ytl="429.00" xbr="1635.10" ybr="501.00" z_order="0">
    </box>
    <box label="traffic_sign" occluded="0" xtl="666.00" ytl="183.73" xbr="730.80" ybr="259.40" z_order="10">
    </box>
    <box label="bus" occluded="1" xtl="1155.20" ytl="407.36" xbr="1231.70" ybr="434.60" z_order="4">
    </box>
    <box label="tree_trunk" occluded="1" xtl="1128.05" ytl="245.87" xbr="1161.21" ybr="627.99" z_order="2">
    </box>
    <box label="car" occluded="1" xtl="1800.20" ytl="449.00" xbr="1920.00" ybr="558.00" z_order="0">
    </box>
  </image>
  <image id="73" name="MP_SEL_003276.jpg" width="1920" height="1080">
    <box label="bollard" occluded="0" xtl="327.34" ytl="382.28" xbr="350.37" ybr="439.85" z_order="15">
    </box>
    <box label="traffic_sign" occluded="0" xtl="1203.78" ytl="89.00" xbr="1236.00" ybr="140.06" z_order="14">
    </box>
    <box label="pole" occluded="0" xtl="915.36" ytl="13.60" xbr="936.80" ybr="394.30" z_order="5">
    </box>
    <box label="traffic_light" occluded="0" xtl="692.64" ytl="241.60" xbr="713.40" ybr="282.02" z_order="7">
    </box>
    <box label="traffic_sign" occluded="0" xtl="1459.37" ytl="22.36" xbr="1527.22" ybr="105.62" z_order="13">
    </box>
    <box label="tree_trunk" occluded="0" xtl="250.73" ytl="369.70" xbr="302.27" ybr="684.40" z_order="9">
    </box>
    <box label="pole" occluded="1" xtl="562.11" ytl="0.00" xbr="619.67" ybr="627.53" z_order="4">
    </box>
    <box label="bollard" occluded="0" xtl="1219.30" ytl="459.80" xbr="1244.00" ybr="551.50" z_order="3">
    </box>
    <box label="movable_signage" occluded="1" xtl="0.00" ytl="127.70" xbr="52.10" ybr="855.52" z_order="17">
    </box>
    <box label="bollard" occluded="0" xtl="968.33" ytl="493.70" xbr="999.91" ybr="586.09" z_order="1">
    </box>
    <box label="bollard" occluded="0" xtl="458.93" ytl="377.34" xbr="480.31" ybr="428.33" z_order="16">
    </box>
  </image>
  <image id="74" name="MP_SEL_003277.jpg" width="1920" height="1080">
    <box label="traffic_sign" occluded="0" xtl="586.38" ytl="232.59" xbr="615.31" ybr="265.59" z_order="10">
    </box>
    <box label="pole" occluded="1" xtl="922.94" ytl="0.00" xbr="1001.89" ybr="528.70" z_order="3">
    </box>
    <box label="pole" occluded="1" xtl="107.90" ytl="0.00" xbr="306.85" ybr="1080.00" z_order="1">
    </box>
    <box label="traffic_sign" occluded="0" xtl="622.96" ytl="203.90" xbr="662.64" ybr="240.72" z_order="8">
    </box>
    <box label="car" occluded="0" xtl="781.90" ytl="366.00" xbr="917.90" ybr="469.50" z_order="0">
    </box>
  </image>
  <image id="75" name="MP_SEL_003278.jpg" width="1920" height="1080">
    <box label="tree_trunk" occluded="0" xtl="1873.00" ytl="276.50" xbr="1899.23" ybr="501.29" z_order="2">
    </box>
    <box label="traffic_light" occluded="0" xtl="1089.60" ytl="251.60" xbr="1136.55" ybr="266.83" z_order="11">
    </box>
    <box label="movable_signage" occluded="0" xtl="596.40" ytl="389.22" xbr="624.70" ybr="454.10" z_order="14">
    </box>
    <box label="scooter" occluded="0" xtl="464.38" ytl="499.25" xbr="568.33" ybr="630.83" z_order="20">
    </box>
    <box label="traffic_light" occluded="0" xtl="1179.70" ytl="252.23" xbr="1228.56" ybr="266.19" z_order="10">
    </box>
    <box label="movable_signage" occluded="0" xtl="607.34" ytl="307.90" xbr="697.80" ybr="516.23" z_order="13">
    </box>
    <box label="pole" occluded="0" xtl="1306.76" ytl="173.58" xbr="1321.37" ybr="447.40" z_order="6">
    </box>
    <box label="tree_trunk" occluded="0" xtl="799.91" ytl="408.46" xbr="822.28" ybr="532.14" z_order="1">
    </box>
    <box label="bollard" occluded="0" xtl="877.94" ytl="537.14" xbr="918.30" ybr="642.00" z_order="17">
    </box>
    <box label="bollard" occluded="0" xtl="852.79" ytl="516.87" xbr="879.70" ybr="591.34" z_order="18">
    </box>
    <box label="traffic_light" occluded="0" xtl="994.00" ytl="111.80" xbr="1079.90" ybr="137.00" z_order="0">
    </box>
    <box label="traffic_light" occluded="0" xtl="1520.70" ytl="214.40" xbr="1574.00" ybr="237.90" z_order="9">
    </box>
    <box label="pole" occluded="0" xtl="1757.10" ytl="160.42" xbr="1781.91" ybr="482.40" z_order="7">
    </box>
    <box label="pole" occluded="1" xtl="1715.80" ytl="0.00" xbr="1740.60" ybr="481.88" z_order="19">
    </box>
    <box label="pole" occluded="1" xtl="1010.31" ytl="0.00" xbr="1111.76" ybr="771.60" z_order="5">
    </box>
  </image>
  <image id="76" name="MP_SEL_003279.jpg" width="1920" height="1080">
    <box label="car" occluded="1" xtl="1569.70" ytl="394.30" xbr="1920.00" ybr="546.00" z_order="0">
    </box>
    <box label="tree_trunk" occluded="0" xtl="927.54" ytl="363.72" xbr="980.18" ybr="830.83" z_order="5">
    </box>
    <box label="tree_trunk" occluded="0" xtl="1218.34" ytl="382.30" xbr="1252.55" ybr="565.04" z_order="6">
    </box>
    <box label="pole" occluded="1" xtl="704.90" ytl="0.00" xbr="866.50" ybr="939.00" z_order="1">
    </box>
  </image>
  <image id="77" name="MP_SEL_003280.jpg" width="1920" height="1080">
    <box label="tree_trunk" occluded="0" xtl="1572.30" ytl="315.03" xbr="1599.93" ybr="634.78" z_order="6">
    </box>
    <box label="person" occluded="0" xtl="1078.83" ytl="386.01" xbr="1094.56" ybr="430.85" z_order="12">
    </box>
    <box label="truck" occluded="1" xtl="872.70" ytl="383.88" xbr="911.20" ybr="416.20" z_order="11">
    </box>
    <box label="traffic_light" occluded="0" xtl="747.15" ytl="261.67" xbr="768.40" ybr="327.10" z_order="0">
    </box>
    <box label="pole" occluded="0" xtl="385.43" ytl="158.45" xbr="413.00" ybr="485.10" z_order="1">
    </box>
    <box label="bicycle" occluded="1" xtl="1232.60" ytl="405.40" xbr="1344.60" ybr="473.00" z_order="0">
    </box>
    <box label="bollard" occluded="0" xtl="840.85" ytl="454.80" xbr="860.24" ybr="507.58" z_order="10">
    </box>
    <box label="bollard" occluded="0" xtl="122.15" ytl="473.79" xbr="148.60" ybr="530.60" z_order="13">
    </box>
    <box label="bollard" occluded="0" xtl="268.78" ytl="460.10" xbr="286.90" ybr="508.15" z_order="15">
    </box>
    <box label="bollard" occluded="0" xtl="204.01" ytl="463.20" xbr="225.20" ybr="519.16" z_order="14">
    </box>
    <box label="tree_trunk" occluded="0" xtl="730.05" ytl="318.54" xbr="757.98" ybr="564.75" z_order="3">
    </box>
    <box label="bollard" occluded="0" xtl="801.21" ytl="468.64" xbr="820.60" ybr="524.17" z_order="8">
    </box>
    <box label="bollard" occluded="0" xtl="824.60" ytl="462.60" xbr="840.60" ybr="515.40" z_order="9">
    </box>
  </image>
  <image id="78" name="MP_SEL_003281.jpg" width="1920" height="1080">
    <box label="traffic_sign" occluded="0" xtl="1009.10" ytl="245.90" xbr="1048.60" ybr="283.07" z_order="18">
    </box>
    <box label="bollard" occluded="0" xtl="1034.30" ytl="559.30" xbr="1075.64" ybr="701.45" z_order="6">
    </box>
    <box label="car" occluded="1" xtl="831.20" ytl="392.00" xbr="867.00" ybr="419.30" z_order="0">
    </box>
    <box label="pole" occluded="1" xtl="1719.98" ytl="0.00" xbr="1761.86" ybr="506.75" z_order="2">
    </box>
    <box label="bench" occluded="0" xtl="1379.29" ytl="402.60" xbr="1432.30" ybr="442.50" z_order="8">
    </box>
    <box label="traffic_light" occluded="0" xtl="908.00" ytl="214.00" xbr="965.00" ybr="301.00" z_order="0">
    </box>
    <box label="traffic_sign" occluded="0" xtl="1055.10" ytl="270.38" xbr="1086.17" ybr="304.01" z_order="19">
    </box>
    <box label="bollard" occluded="0" xtl="982.40" ytl="528.60" xbr="1014.42" ybr="647.54" z_order="5">
    </box>
    <box label="car" occluded="1" xtl="0.00" ytl="348.20" xbr="396.70" ybr="857.10" z_order="0">
    </box>
    <box label="bicycle" occluded="1" xtl="1480.90" ytl="390.60" xbr="1557.40" ybr="471.00" z_order="0">
    </box>
    <box label="bench" occluded="1" xtl="1344.39" ytl="401.54" xbr="1397.80" ybr="439.09" z_order="9">
    </box>
    <box label="bollard" occluded="0" xtl="1120.10" ytl="607.50" xbr="1173.00" ybr="792.83" z_order="7">
    </box>
    <box label="pole" occluded="1" xtl="907.30" ytl="0.00" xbr="956.49" ybr="561.09" z_order="1">
    </box>
    <box label="car" occluded="0" xtl="722.00" ytl="399.00" xbr="778.00" ybr="445.30" z_order="0">
    </box>
    <box label="tree_trunk" occluded="1" xtl="1458.69" ytl="414.50" xbr="1603.00" ybr="1080.00" z_order="10">
    </box>
  </image>
  <image id="79" name="MP_SEL_003282.jpg" width="1920" height="1080">
    <box label="bollard" occluded="0" xtl="1494.70" ytl="445.35" xbr="1511.30" ybr="496.00" z_order="14">
    </box>
    <box label="pole" occluded="1" xtl="1089.00" ytl="117.66" xbr="1124.20" ybr="501.40" z_order="8">
    </box>
    <box label="tree_trunk" occluded="0" xtl="528.85" ytl="286.08" xbr="609.12" ybr="820.30" z_order="1">
    </box>
    <box label="bollard" occluded="0" xtl="1865.72" ytl="486.09" xbr="1888.09" ybr="558.46" z_order="5">
    </box>
    <box label="traffic_light" occluded="0" xtl="468.00" ytl="75.30" xbr="577.30" ybr="115.00" z_order="0">
    </box>
    <box label="car" occluded="1" xtl="230.30" ytl="399.00" xbr="421.00" ybr="467.70" z_order="0">
    </box>
    <box label="traffic_light" occluded="0" xtl="1418.90" ytl="217.00" xbr="1469.00" ybr="303.00" z_order="0">
    </box>
    <box label="tree_trunk" occluded="0" xtl="1167.02" ytl="350.56" xbr="1193.34" ybr="582.14" z_order="2">
    </box>
    <box label="traffic_light" occluded="0" xtl="1697.00" ytl="301.00" xbr="1732.00" ybr="345.00" z_order="0">
    </box>
    <box label="car" occluded="0" xtl="376.00" ytl="395.00" xbr="509.10" ybr="483.80" z_order="0">
    </box>
    <box label="traffic_light" occluded="0" xtl="684.10" ytl="88.47" xbr="795.80" ybr="115.30" z_order="0">
    </box>
    <box label="pole" occluded="1" xtl="1381.60" ytl="0.00" xbr="1414.20" ybr="566.50" z_order="7">
    </box>
    <box label="bollard" occluded="0" xtl="1709.14" ytl="495.30" xbr="1732.90" ybr="567.67" z_order="4">
    </box>
    <box label="bollard" occluded="0" xtl="1283.80" ytl="452.90" xbr="1299.90" ybr="502.80" z_order="13">
    </box>
  </image>
  <image id="80" name="MP_SEL_003283.jpg" width="1920" height="1080">
    <box label="traffic_sign" occluded="0" xtl="351.12" ytl="198.06" xbr="409.60" ybr="245.58" z_order="7">
    </box>
    <box label="fire_hydrant" occluded="0" xtl="258.40" ytl="553.70" xbr="413.70" ybr="684.70" z_order="1">
    </box>
    <box label="tree_trunk" occluded="0" xtl="239.67" ytl="175.48" xbr="327.24" ybr="700.13" z_order="8">
    </box>
    <box label="tree_trunk" occluded="0" xtl="627.26" ytl="389.45" xbr="647.82" ybr="512.81" z_order="12">
    </box>
    <box label="pole" occluded="0" xtl="293.55" ytl="227.30" xbr="316.39" ybr="473.11" z_order="6">
    </box>
    <box label="tree_trunk" occluded="0" xtl="530.55" ytl="357.47" xbr="556.44" ybr="567.63" z_order="11">
    </box>
    <box label="barricade" occluded="1" xtl="309.30" ytl="432.20" xbr="360.40" ybr="472.15" z_order="19">
    </box>
  </image>
  <image id="81" name="MP_SEL_003284.jpg" width="1920" height="1080">
    <box label="car" occluded="1" xtl="0.00" ytl="377.00" xbr="829.20" ybr="962.00" z_order="0">
    </box>
    <box label="tree_trunk" occluded="0" xtl="1078.60" ytl="295.80" xbr="1101.85" ybr="474.09" z_order="3">
    </box>
    <box label="truck" occluded="1" xtl="433.00" ytl="269.00" xbr="840.20" ybr="461.60" z_order="0">
    </box>
    <box label="car" occluded="1" xtl="0.00" ytl="302.00" xbr="201.00" ybr="417.90" z_order="0">
    </box>
    <box label="car" occluded="1" xtl="165.40" ytl="316.00" xbr="807.80" ybr="567.10" z_order="0">
    </box>
    <box label="car" occluded="1" xtl="169.74" ytl="322.95" xbr="289.40" ybr="383.10" z_order="1">
    </box>
  </image>
  <image id="82" name="MP_SEL_003285.jpg" width="1920" height="1080">
    <box label="movable_signage" occluded="0" xtl="960.14" ytl="285.33" xbr="1017.71" ybr="468.08" z_order="3">
    </box>
    <box label="car" occluded="1" xtl="318.20" ytl="282.99" xbr="605.30" ybr="521.89" z_order="0">
    </box>
    <box label="car" occluded="1" xtl="518.40" ytl="334.00" xbr="664.60" ybr="458.00" z_order="0">
    </box>
    <box label="truck" occluded="1" xtl="638.50" ytl="264.31" xbr="747.30" ybr="407.80" z_order="1">
    </box>
    <box label="chair" occluded="0" xtl="830.73" ytl="366.71" xbr="858.00" ybr="401.42" z_order="4">
    </box>
    <box label="car" occluded="1" xtl="598.40" ytl="348.80" xbr="703.00" ybr="429.00" z_order="0">
    </box>
    <box label="car" occluded="1" xtl="0.00" ytl="320.10" xbr="456.00" ybr="876.00" z_order="0">
    </box>
    <box label="movable_signage" occluded="0" xtl="1035.10" ytl="235.98" xbr="1138.33" ybr="557.60" z_order="2">
    </box>
  </image>
  <image id="83" name="MP_SEL_003286.jpg" width="1920" height="1080">
    <box label="car" occluded="1" xtl="787.30" ytl="358.00" xbr="994.90" ybr="438.80" z_order="0">
    </box>
    <box label="tree_trunk" occluded="0" xtl="1814.36" ytl="210.30" xbr="1861.40" ybr="437.14" z_order="2">
    </box>
    <box label="bus" occluded="1" xtl="973.20" ytl="322.30" xbr="1083.20" ybr="410.00" z_order="0">
    </box>
    <box label="car" occluded="0" xtl="1017.20" ytl="353.00" xbr="1105.10" ybr="424.00" z_order="0">
    </box>
    <box label="car" occluded="0" xtl="1147.00" ytl="359.00" xbr="1231.00" ybr="413.00" z_order="0">
    </box>
  </image>
  <image id="84" name="MP_SEL_003287.jpg" width="1920" height="1080">
    <box label="car" occluded="1" xtl="666.70" ytl="352.40" xbr="849.90" ybr="478.10" z_order="0">
    </box>
    <box label="car" occluded="1" xtl="0.00" ytl="448.20" xbr="289.50" ybr="1080.00" z_order="5">
    </box>
    <box label="tree_trunk" occluded="0" xtl="1165.95" ytl="336.50" xbr="1192.79" ybr="522.98" z_order="4">
    </box>
    <box label="tree_trunk" occluded="0" xtl="1304.89" ytl="118.61" xbr="1358.58" ybr="603.51" z_order="3">
    </box>
    <box label="car" occluded="1" xtl="422.95" ytl="365.00" xbr="575.90" ybr="449.00" z_order="0">
    </box>
    <box label="car" occluded="1" xtl="0.00" ytl="276.20" xbr="114.40" ybr="374.10" z_order="0">
    </box>
    <box label="tree_trunk" occluded="1" xtl="1461.21" ytl="0.00" xbr="1529.11" ybr="637.50" z_order="2">
    </box>
    <box label="tree_trunk" occluded="1" xtl="1512.95" ytl="0.00" xbr="1584.60" ybr="663.90" z_order="1">
    </box>
    <box label="car" occluded="0" xtl="540.20" ytl="356.63" xbr="818.20" ybr="562.50" z_order="0">
    </box>
    <box label="bus" occluded="1" xtl="773.10" ytl="295.30" xbr="919.90" ybr="445.00" z_order="0">
    </box>
  </image>
  <image id="85" name="MP_SEL_003288.jpg" width="1920" height="1080">
    <box label="tree_trunk" occluded="0" xtl="602.28" ytl="88.97" xbr="648.05" ybr="311.32" z_order="6">
    </box>
    <box label="car" occluded="1" xtl="0.00" ytl="110.00" xbr="350.30" ybr="370.70" z_order="0">
    </box>
    <box label="car" occluded="1" xtl="310.27" ytl="107.11" xbr="576.90" ybr="249.00" z_order="1">
    </box>
    <box label="tree_trunk" occluded="0" xtl="801.02" ytl="112.58" xbr="815.57" ybr="240.51" z_order="12">
    </box>
    <box label="tree_trunk" occluded="0" xtl="538.32" ytl="89.73" xbr="599.31" ybr="379.09" z_order="5">
    </box>
    <box label="tree_trunk" occluded="0" xtl="772.85" ytl="92.80" xbr="797.29" ybr="241.27" z_order="11">
    </box>
    <box label="tree_trunk" occluded="0" xtl="668.53" ytl="101.90" xbr="697.54" ybr="277.06" z_order="7">
    </box>
    <box label="tree_trunk" occluded="0" xtl="702.03" ytl="105.70" xbr="724.19" ybr="302.95" z_order="8">
    </box>
    <box label="tree_trunk" occluded="1" xtl="229.24" ytl="0.00" xbr="396.00" ybr="434.68" z_order="4">
    </box>
  </image>
  <image id="86" name="MP_SEL_003289.jpg" width="1920" height="1080">
    <box label="bench" occluded="0" xtl="556.63" ytl="305.35" xbr="653.72" ybr="349.76" z_order="9">
    </box>
    <box label="bench" occluded="0" xtl="358.65" ytl="303.44" xbr="469.06" ybr="343.42" z_order="8">
    </box>
    <box label="bench" occluded="0" xtl="716.50" ytl="366.50" xbr="926.00" ybr="416.00" z_order="0">
    </box>
    <box label="car" occluded="1" xtl="101.00" ytl="286.52" xbr="305.30" ybr="344.60" z_order="0">
    </box>
    <box label="bench" occluded="1" xtl="858.25" ytl="336.36" xbr="883.87" ybr="378.91" z_order="21">
    </box>
  </image>
  <image id="87" name="MP_SEL_003290.jpg" width="1920" height="1080">
    <box label="tree_trunk" occluded="1" xtl="1405.79" ytl="0.00" xbr="1510.16" ybr="801.80" z_order="3">
    </box>
    <box label="tree_trunk" occluded="0" xtl="1140.52" ytl="199.61" xbr="1188.05" ybr="573.83" z_order="5">
    </box>
    <box label="car" occluded="1" xtl="0.00" ytl="441.00" xbr="717.00" ybr="1080.00" z_order="0">
    </box>
    <box label="bus" occluded="1" xtl="677.53" ytl="313.94" xbr="838.23" ybr="482.84" z_order="0">
    </box>
    <box label="car" occluded="1" xtl="0.00" ytl="402.70" xbr="288.38" ybr="641.06" z_order="14">
    </box>
    <box label="tree_trunk" occluded="0" xtl="1067.89" ytl="228.03" xbr="1090.15" ybr="469.61" z_order="6">
    </box>
    <box label="car" occluded="1" xtl="338.90" ytl="385.90" xbr="515.00" ybr="478.90" z_order="0">
    </box>
    <box label="car" occluded="1" xtl="670.10" ytl="402.00" xbr="819.60" ybr="524.00" z_order="0">
    </box>
    <box label="tree_trunk" occluded="1" xtl="1603.17" ytl="0.00" xbr="1884.60" ybr="1080.00" z_order="4">
    </box>
    <box label="pole" occluded="0" xtl="837.80" ytl="0.00" xbr="897.60" ybr="658.60" z_order="1">
    </box>
    <box label="tree_trunk" occluded="1" xtl="1273.16" ytl="0.00" xbr="1385.43" ybr="673.30" z_order="2">
    </box>
    <box label="car" occluded="1" xtl="816.36" ytl="382.14" xbr="941.50" ybr="440.10" z_order="12">
    </box>
    <box label="car" occluded="1" xtl="899.64" ytl="385.45" xbr="1044.10" ybr="443.60" z_order="11">
    </box>
    <box label="car" occluded="1" xtl="607.64" ytl="401.70" xbr="784.00" ybr="563.10" z_order="13">
    </box>
  </image>
  <image id="88" name="MP_SEL_003291.jpg" width="1920" height="1080">
    <box label="car" occluded="1" xtl="140.80" ytl="304.40" xbr="373.80" ybr="379.80" z_order="0">
    </box>
    <box label="tree_trunk" occluded="1" xtl="1560.63" ytl="0.00" xbr="1844.85" ybr="1059.27" z_order="11">
    </box>
    <box label="car" occluded="1" xtl="423.60" ytl="298.00" xbr="576.30" ybr="407.80" z_order="0">
    </box>
    <box label="car" occluded="1" xtl="581.68" ytl="262.49" xbr="734.38" ybr="327.69" z_order="0">
    </box>
    <box label="car" occluded="1" xtl="265.03" ytl="328.65" xbr="563.73" ybr="552.65" z_order="0">
    </box>
    <box label="car" occluded="1" xtl="1.00" ytl="362.00" xbr="421.00" ybr="919.00" z_order="0">
    </box>
    <box label="tree_trunk" occluded="0" xtl="1860.40" ytl="176.24" xbr="1909.33" ybr="528.35" z_order="10">
    </box>
    <box label="tree_trunk" occluded="0" xtl="1193.74" ytl="204.68" xbr="1246.37" ybr="486.48" z_order="4">
    </box>
  </image>
  <image id="89" name="MP_SEL_003292.jpg" width="1920" height="1080">
    <box label="tree_trunk" occluded="0" xtl="1341.37" ytl="331.77" xbr="1363.48" ybr="538.80" z_order="7">
    </box>
    <box label="tree_trunk" occluded="1" xtl="576.65" ytl="0.00" xbr="600.33" ybr="335.56" z_order="23">
    </box>
    <box label="bench" occluded="1" xtl="1410.00" ytl="437.00" xbr="1725.00" ybr="516.00" z_order="0">
    </box>
    <box label="tree_trunk" occluded="1" xtl="1821.38" ytl="0.00" xbr="1870.30" ybr="594.04" z_order="2">
    </box>
    <box label="tree_trunk" occluded="1" xtl="1557.69" ytl="0.00" xbr="1601.90" ybr="557.72" z_order="4">
    </box>
    <box label="car" occluded="1" xtl="938.10" ytl="321.74" xbr="1041.40" ybr="367.57" z_order="26">
    </box>
    <box label="tree_trunk" occluded="1" xtl="1685.32" ytl="1.87" xbr="1719.67" ybr="670.30" z_order="1">
    </box>
    <box label="bench" occluded="1" xtl="1790.59" ytl="433.59" xbr="1920.00" ybr="517.80" z_order="27">
    </box>
    <box label="tree_trunk" occluded="1" xtl="1492.95" ytl="0.00" xbr="1532.43" ybr="608.25" z_order="5">
    </box>
    <box label="tree_trunk" occluded="0" xtl="1364.80" ytl="183.34" xbr="1398.21" ybr="564.60" z_order="6">
    </box>
    <box label="tree_trunk" occluded="1" xtl="1638.22" ytl="0.00" xbr="1682.43" ybr="642.99" z_order="3">
    </box>
    <box label="tree_trunk" occluded="0" xtl="1234.00" ytl="334.93" xbr="1256.11" ybr="581.41" z_order="8">
    </box>
  </image>
  <image id="90" name="MP_SEL_003293.jpg" width="1920" height="1080">
    <box label="bench" occluded="1" xtl="752.53" ytl="381.46" xbr="830.20" ybr="444.60" z_order="7">
    </box>
    <box label="tree_trunk" occluded="1" xtl="813.39" ytl="222.02" xbr="833.66" ybr="415.91" z_order="11">
    </box>
    <box label="bench" occluded="1" xtl="781.77" ytl="368.66" xbr="854.00" ybr="421.66" z_order="8">
    </box>
    <box label="bench" occluded="1" xtl="1321.50" ytl="377.09" xbr="1564.80" ybr="419.09" z_order="0">
    </box>
    <box label="pole" occluded="0" xtl="1799.37" ytl="147.50" xbr="1831.77" ybr="571.93" z_order="6">
    </box>
    <box label="tree_trunk" occluded="0" xtl="1777.60" ytl="183.45" xbr="1793.36" ybr="399.24" z_order="17">
    </box>
    <box label="tree_trunk" occluded="0" xtl="1181.79" ytl="306.62" xbr="1195.89" ybr="387.27" z_order="14">
    </box>
    <box label="tree_trunk" occluded="0" xtl="1041.21" ytl="295.61" xbr="1058.84" ybr="372.28" z_order="13">
    </box>
  </image>
  <image id="91" name="MP_SEL_003294.jpg" width="1920" height="1080">
    <box label="tree_trunk" occluded="0" xtl="1774.80" ytl="135.97" xbr="1902.86" ybr="706.15" z_order="6">
    </box>
  </image>
  <image id="92" name="MP_SEL_003295.jpg" width="1920" height="1080">
    <box label="tree_trunk" occluded="0" xtl="1591.00" ytl="178.60" xbr="1631.12" ybr="444.00" z_order="3">
    </box>
    <box label="tree_trunk" occluded="0" xtl="1627.00" ytl="44.41" xbr="1824.31" ybr="747.80" z_order="6">
    </box>
    <box label="tree_trunk" occluded="0" xtl="1438.60" ytl="127.45" xbr="1462.16" ybr="463.00" z_order="4">
    </box>
  </image>
  <image id="93" name="MP_SEL_003296.jpg" width="1920" height="1080">
    <box label="bench" occluded="0" xtl="464.58" ytl="409.00" xbr="720.10" ybr="552.30" z_order="0">
    </box>
    <box label="bench" occluded="1" xtl="357.82" ytl="535.28" xbr="636.60" ybr="817.20" z_order="1">
    </box>
    <box label="tree_trunk" occluded="1" xtl="1224.77" ytl="344.08" xbr="1251.26" ybr="515.87" z_order="8">
    </box>
    <box label="tree_trunk" occluded="0" xtl="143.24" ytl="264.35" xbr="182.71" ybr="491.72" z_order="6">
    </box>
    <box label="bench" occluded="1" xtl="291.31" ytl="468.21" xbr="459.60" ybr="696.21" z_order="0">
    </box>
    <box label="tree_trunk" occluded="0" xtl="204.82" ytl="314.87" xbr="242.71" ybr="523.30" z_order="5">
    </box>
    <box label="tree_trunk" occluded="1" xtl="1612.32" ytl="225.84" xbr="1692.04" ybr="725.56" z_order="9">
    </box>
    <box label="car" occluded="1" xtl="846.35" ytl="255.74" xbr="971.50" ybr="302.20" z_order="0">
    </box>
  </image>
  <image id="94" name="MP_SEL_003297.jpg" width="1920" height="1080">
    <box label="tree_trunk" occluded="0" xtl="1102.53" ytl="121.04" xbr="1144.17" ybr="484.92" z_order="14">
    </box>
    <box label="tree_trunk" occluded="0" xtl="237.03" ytl="212.87" xbr="271.92" ybr="456.19" z_order="8">
    </box>
    <box label="tree_trunk" occluded="1" xtl="12.81" ytl="127.61" xbr="90.00" ybr="497.50" z_order="7">
    </box>
    <box label="tree_trunk" occluded="0" xtl="287.56" ytl="202.00" xbr="306.66" ybr="413.56" z_order="9">
    </box>
    <box label="tree_trunk" occluded="0" xtl="413.80" ytl="53.70" xbr="553.30" ybr="496.10" z_order="6">
    </box>
    <box label="tree_trunk" occluded="1" xtl="1252.55" ytl="237.40" xbr="1280.18" ybr="420.20" z_order="2">
    </box>
    <box label="tree_trunk" occluded="1" xtl="1678.80" ytl="0.00" xbr="1714.20" ybr="307.10" z_order="4">
    </box>
    <box label="tree_trunk" occluded="1" xtl="1602.20" ytl="93.37" xbr="1645.40" ybr="326.70" z_order="3">
    </box>
    <box label="tree_trunk" occluded="0" xtl="603.70" ytl="210.00" xbr="637.11" ybr="487.04" z_order="5">
    </box>
  </image>
  <image id="95" name="MP_SEL_003298.jpg" width="1920" height="1080">
    <box label="tree_trunk" occluded="0" xtl="1146.40" ytl="179.71" xbr="1178.20" ybr="441.60" z_order="4">
    </box>
    <box label="person" occluded="1" xtl="70.60" ytl="266.40" xbr="153.00" ybr="483.70" z_order="0">
    </box>
    <box label="movable_signage" occluded="0" xtl="725.87" ytl="332.94" xbr="763.70" ybr="431.62" z_order="11">
    </box>
    <box label="tree_trunk" occluded="1" xtl="1321.79" ytl="0.00" xbr="1394.58" ybr="525.51" z_order="3">
    </box>
    <box label="tree_trunk" occluded="0" xtl="1025.87" ytl="269.84" xbr="1067.00" ybr="414.10" z_order="5">
    </box>
    <box label="tree_trunk" occluded="0" xtl="1000.00" ytl="263.50" xbr="1029.15" ybr="392.07" z_order="7">
    </box>
  </image>
  <image id="96" name="MP_SEL_003299.jpg" width="1920" height="1080">
    <box label="pole" occluded="1" xtl="950.73" ytl="0.00" xbr="1006.15" ybr="523.93" z_order="2">
    </box>
    <box label="tree_trunk" occluded="0" xtl="100.60" ytl="304.93" xbr="423.51" ybr="619.90" z_order="5">
    </box>
    <box label="tree_trunk" occluded="1" xtl="1784.43" ytl="18.50" xbr="1814.59" ybr="403.30" z_order="4">
    </box>
    <box label="bench" occluded="0" xtl="523.00" ytl="418.00" xbr="706.00" ybr="632.00" z_order="0">
    </box>
  </image>
  <image id="97" name="MP_SEL_003300.jpg" width="1920" height="1080">
    <box label="movable_signage" occluded="0" xtl="973.88" ytl="326.40" xbr="1001.64" ybr="397.82" z_order="12">
    </box>
    <box label="tree_trunk" occluded="1" xtl="202.64" ytl="0.00" xbr="261.38" ybr="647.80" z_order="5">
    </box>
    <box label="tree_trunk" occluded="1" xtl="540.56" ytl="0.00" xbr="624.10" ybr="505.82" z_order="4">
    </box>
    <box label="tree_trunk" occluded="0" xtl="673.99" ytl="270.56" xbr="706.88" ybr="415.30" z_order="8">
    </box>
    <box label="bench" occluded="1" xtl="1697.00" ytl="367.00" xbr="1920.00" ybr="473.00" z_order="0">
    </box>
    <box label="tree_trunk" occluded="1" xtl="696.36" ytl="269.24" xbr="733.20" ybr="406.10" z_order="9">
    </box>
    <box label="car" occluded="1" xtl="1288.62" ytl="286.70" xbr="1415.80" ybr="363.20" z_order="0">
    </box>
    <box label="tree_trunk" occluded="1" xtl="365.50" ytl="0.00" xbr="420.90" ybr="669.80" z_order="6">
    </box>
  </image>
</annotations>