<?xml version="1.0" encoding="utf-8"?>
<annotations>
  <version>1.1</version>
  <meta>
    <task>
      <id>5020</id>
      <name>0627_02(최종검수)</name>
      <size>95</size>
      <mode>annotation</mode>
      <overlap>0</overlap>
      <bugtracker></bugtracker>
      <flipped>False</flipped>
      <created>2019-11-22 05:07:21.282225+03:00</created>
      <updated>2019-11-25 10:39:34.224928+03:00</updated>
      <start_frame>0</start_frame>
      <stop_frame>0</stop_frame>
      <frame_filter>0</frame_filter>
      <labels>
        <label>
          <name>wheelchair</name>
          <attributes>
          </attributes>
        </label>
        <label>
          <name>truck</name>
          <attributes>
          </attributes>
        </label>
        <label>
          <name>tree_trunk</name>
          <attributes>
          </attributes>
        </label>
        <label>
          <name>traffic_sign</name>
          <attributes>
          </attributes>
        </label>
        <label>
          <name>traffic_light</name>
          <attributes>
          </attributes>
        </label>
        <label>
          <name>table</name>
          <attributes>
          </attributes>
        </label>
        <label>
          <name>stroller</name>
          <attributes>
          </attributes>
        </label>
        <label>
          <name>stop</name>
          <attributes>
          </attributes>
        </label>
        <label>
          <name>scooter</name>
          <attributes>
          </attributes>
        </label>
        <label>
          <name>potted_plant</name>
          <attributes>
          </attributes>
        </label>
        <label>
          <name>pole</name>
          <attributes>
          </attributes>
        </label>
        <label>
          <name>person</name>
          <attributes>
          </attributes>
        </label>
        <label>
          <name>parking_meter</name>
          <attributes>
          </attributes>
        </label>
        <label>
          <name>movable_signage</name>
          <attributes>
          </attributes>
        </label>
        <label>
          <name>motorcycle</name>
          <attributes>
          </attributes>
        </label>
        <label>
          <name>kiosk</name>
          <attributes>
          </attributes>
        </label>
        <label>
          <name>fire_hydrant</name>
          <attributes>
          </attributes>
        </label>
        <label>
          <name>dog</name>
          <attributes>
          </attributes>
        </label>
        <label>
          <name>chair</name>
          <attributes>
          </attributes>
        </label>
        <label>
          <name>cat</name>
          <attributes>
          </attributes>
        </label>
        <label>
          <name>carrier</name>
          <attributes>
          </attributes>
        </label>
        <label>
          <name>car</name>
          <attributes>
          </attributes>
        </label>
        <label>
          <name>bus</name>
          <attributes>
          </attributes>
        </label>
        <label>
          <name>bollard</name>
          <attributes>
          </attributes>
        </label>
        <label>
          <name>bicycle</name>
          <attributes>
          </attributes>
        </label>
        <label>
          <name>bench</name>
          <attributes>
          </attributes>
        </label>
        <label>
          <name>barricade</name>
          <attributes>
          </attributes>
        </label>
      </labels>
      <segments>
        <segment>
          <id>4818</id>
          <start>0</start>
          <stop>94</stop>
          <url>http://112.169.146.227:8080/?id=4818</url>
        </segment>
      </segments>
      <owner>
        <username>aiadmin</username>
        <email>aiadmin@testworks.co.kr</email>
      </owner>
    </task>
    <dumped>2019-11-29 03:56:55.505907+03:00</dumped>
  </meta>
  <image id="0" name="MP_SEL_009401.jpg" width="1920" height="1080">
    <box label="tree_trunk" occluded="0" xtl="655.73" ytl="374.00" xbr="746.90" ybr="613.78" z_order="12">
    </box>
    <box label="tree_trunk" occluded="0" xtl="1783.60" ytl="376.60" xbr="1850.20" ybr="633.00" z_order="17">
    </box>
    <box label="tree_trunk" occluded="0" xtl="1486.65" ytl="371.68" xbr="1558.84" ybr="645.81" z_order="14">
    </box>
    <box label="pole" occluded="1" xtl="504.77" ytl="0.00" xbr="578.46" ybr="706.22" z_order="1">
    </box>
    <box label="bollard" occluded="0" xtl="1366.71" ytl="659.18" xbr="1413.03" ybr="811.47" z_order="9">
    </box>
    <box label="tree_trunk" occluded="0" xtl="1308.47" ytl="378.99" xbr="1367.86" ybr="609.25" z_order="15">
    </box>
    <box label="bollard" occluded="0" xtl="730.88" ytl="622.37" xbr="770.22" ybr="757.53" z_order="11">
    </box>
    <box label="bollard" occluded="0" xtl="1731.63" ytl="683.27" xbr="1783.90" ybr="844.60" z_order="8">
    </box>
    <box label="person" occluded="0" xtl="972.90" ytl="493.91" xbr="988.71" ybr="551.80" z_order="19">
    </box>
    <box label="tree_trunk" occluded="0" xtl="1684.21" ytl="154.75" xbr="1731.72" ybr="586.04" z_order="18">
    </box>
    <box label="bollard" occluded="0" xtl="1038.01" ytl="642.68" xbr="1080.52" ybr="786.72" z_order="10">
    </box>
    <box label="tree_trunk" occluded="0" xtl="1205.49" ytl="381.10" xbr="1261.02" ybr="583.80" z_order="16">
    </box>
    <box label="tree_trunk" occluded="0" xtl="716.41" ytl="25.76" xbr="932.73" ybr="668.41" z_order="13">
    </box>
  </image>
  <image id="1" name="MP_SEL_009402.jpg" width="1920" height="1080">
    <box label="person" occluded="0" xtl="1811.88" ytl="486.93" xbr="1859.80" ybr="585.70" z_order="0">
    </box>
    <box label="bench" occluded="1" xtl="656.29" ytl="539.36" xbr="760.90" ybr="586.20" z_order="0">
    </box>
    <box label="bench" occluded="1" xtl="807.99" ytl="540.17" xbr="912.50" ybr="586.70" z_order="0">
    </box>
    <box label="person" occluded="0" xtl="1636.18" ytl="484.76" xbr="1674.90" ybr="570.10" z_order="0">
    </box>
    <box label="tree_trunk" occluded="0" xtl="1125.71" ytl="102.13" xbr="1241.50" ybr="710.04" z_order="2">
    </box>
    <box label="tree_trunk" occluded="1" xtl="722.26" ytl="457.65" xbr="760.34" ybr="570.28" z_order="5">
    </box>
    <box label="tree_trunk" occluded="1" xtl="1866.51" ytl="112.66" xbr="1920.00" ybr="710.04" z_order="3">
    </box>
    <box label="tree_trunk" occluded="0" xtl="544.58" ytl="448.66" xbr="568.91" ybr="601.48" z_order="4">
    </box>
    <box label="bench" occluded="1" xtl="1360.92" ytl="595.44" xbr="1458.80" ybr="630.60" z_order="0">
    </box>
    <box label="tree_trunk" occluded="0" xtl="184.11" ytl="124.24" xbr="338.06" ybr="684.78" z_order="1">
    </box>
  </image>
  <image id="2" name="MP_SEL_009403.jpg" width="1920" height="1080">
    <box label="tree_trunk" occluded="1" xtl="1266.00" ytl="0.00" xbr="1920.00" ybr="1080.00" z_order="1">
    </box>
    <box label="tree_trunk" occluded="0" xtl="372.01" ytl="363.06" xbr="507.54" ybr="640.70" z_order="4">
    </box>
    <box label="car" occluded="1" xtl="419.60" ytl="466.10" xbr="519.30" ybr="507.40" z_order="0">
    </box>
    <box label="tree_trunk" occluded="1" xtl="1227.30" ytl="277.53" xbr="1348.34" ybr="669.60" z_order="3">
    </box>
    <box label="tree_trunk" occluded="1" xtl="0.00" ytl="248.78" xbr="80.83" ybr="707.48" z_order="9">
    </box>
    <box label="tree_trunk" occluded="1" xtl="1275.46" ytl="0.00" xbr="1514.21" ybr="772.21" z_order="2">
    </box>
    <box label="car" occluded="1" xtl="605.36" ytl="480.88" xbr="716.90" ybr="520.70" z_order="0">
    </box>
    <box label="bench" occluded="0" xtl="35.40" ytl="509.20" xbr="110.20" ybr="534.00" z_order="13">
    </box>
    <box label="tree_trunk" occluded="0" xtl="697.84" ytl="190.10" xbr="749.62" ybr="576.16" z_order="6">
    </box>
    <box label="car" occluded="1" xtl="508.39" ytl="465.46" xbr="568.25" ybr="487.13" z_order="11">
    </box>
    <box label="tree_trunk" occluded="0" xtl="1105.69" ytl="380.35" xbr="1156.90" ybr="555.30" z_order="14">
    </box>
    <box label="bus" occluded="1" xtl="45.42" ytl="411.46" xbr="384.27" ybr="513.49" z_order="10">
    </box>
    <box label="tree_trunk" occluded="0" xtl="767.14" ytl="414.00" xbr="809.02" ybr="560.17" z_order="7">
    </box>
    <box label="tree_trunk" occluded="0" xtl="796.66" ytl="424.34" xbr="831.56" ybr="545.96" z_order="8">
    </box>
    <box label="tree_trunk" occluded="0" xtl="578.59" ytl="134.11" xbr="666.75" ybr="605.17" z_order="5">
    </box>
    <box label="truck" occluded="1" xtl="567.20" ytl="446.40" xbr="667.70" ybr="493.50" z_order="0">
    </box>
    <box label="bench" occluded="0" xtl="241.96" ytl="516.50" xbr="319.53" ybr="540.42" z_order="12">
    </box>
  </image>
  <image id="3" name="MP_SEL_009404.jpg" width="1920" height="1080">
    <box label="bollard" occluded="0" xtl="691.74" ytl="604.30" xbr="703.50" ybr="651.45" z_order="17">
    </box>
    <box label="bollard" occluded="0" xtl="657.20" ytl="611.68" xbr="670.71" ybr="660.64" z_order="16">
    </box>
    <box label="person" occluded="0" xtl="1095.47" ytl="541.67" xbr="1124.47" ybr="603.67" z_order="0">
    </box>
    <box label="tree_trunk" occluded="0" xtl="1046.28" ytl="458.57" xbr="1078.89" ybr="614.12" z_order="13">
    </box>
    <box label="bench" occluded="1" xtl="777.15" ytl="567.44" xbr="829.04" ybr="590.64" z_order="8">
    </box>
    <box label="bollard" occluded="0" xtl="718.12" ytl="595.70" xbr="729.88" ybr="639.83" z_order="18">
    </box>
    <box label="tree_trunk" occluded="0" xtl="833.88" ytl="452.40" xbr="873.54" ybr="610.16" z_order="12">
    </box>
    <box label="tree_trunk" occluded="0" xtl="6.53" ytl="415.19" xbr="101.71" ybr="594.77" z_order="9">
    </box>
    <box label="tree_trunk" occluded="0" xtl="340.31" ytl="462.14" xbr="378.38" ybr="599.84" z_order="10">
    </box>
    <box label="tree_trunk" occluded="0" xtl="1222.11" ytl="452.40" xbr="1267.50" ybr="614.56" z_order="14">
    </box>
    <box label="bench" occluded="1" xtl="702.24" ytl="567.79" xbr="755.55" ybr="592.94" z_order="7">
    </box>
    <box label="bollard" occluded="0" xtl="743.11" ytl="593.17" xbr="753.10" ybr="633.00" z_order="19">
    </box>
    <box label="tree_trunk" occluded="0" xtl="448.50" ytl="316.30" xbr="507.83" ybr="651.24" z_order="11">
    </box>
    <box label="bollard" occluded="0" xtl="766.44" ytl="589.20" xbr="776.42" ybr="627.20" z_order="20">
    </box>
    <box label="tree_trunk" occluded="1" xtl="1290.41" ytl="349.40" xbr="1376.34" ybr="654.22" z_order="15">
    </box>
  </image>
  <image id="4" name="MP_SEL_009405.jpg" width="1920" height="1080">
    <box label="tree_trunk" occluded="0" xtl="1029.22" ytl="418.46" xbr="1075.82" ybr="592.08" z_order="2">
    </box>
    <box label="tree_trunk" occluded="0" xtl="1118.70" ytl="484.30" xbr="1137.95" ybr="554.60" z_order="4">
    </box>
    <box label="tree_trunk" occluded="0" xtl="430.11" ytl="437.42" xbr="460.57" ybr="595.05" z_order="6">
    </box>
    <box label="pole" occluded="1" xtl="290.00" ytl="174.10" xbr="335.00" ybr="620.70" z_order="12">
    </box>
    <box label="bollard" occluded="0" xtl="69.25" ytl="632.36" xbr="119.51" ybr="799.12" z_order="7">
    </box>
    <box label="tree_trunk" occluded="0" xtl="1076.21" ytl="472.23" xbr="1107.30" ybr="569.96" z_order="3">
    </box>
    <box label="tree_trunk" occluded="0" xtl="136.95" ytl="432.85" xbr="197.86" ybr="635.40" z_order="5">
    </box>
    <box label="pole" occluded="1" xtl="1527.06" ytl="0.00" xbr="1609.17" ybr="744.04" z_order="11">
    </box>
    <box label="tree_trunk" occluded="1" xtl="1786.01" ytl="0.00" xbr="1890.23" ybr="728.25" z_order="10">
    </box>
    <box label="tree_trunk" occluded="0" xtl="940.59" ytl="169.00" xbr="1027.39" ybr="629.54" z_order="1">
    </box>
    <box label="bollard" occluded="0" xtl="551.30" ytl="621.70" xbr="593.14" ybr="774.00" z_order="8">
    </box>
    <box label="bollard" occluded="0" xtl="950.27" ytl="616.37" xbr="987.58" ybr="756.48" z_order="9">
    </box>
  </image>
  <image id="5" name="MP_SEL_009406.jpg" width="1920" height="1080">
    <box label="car" occluded="0" xtl="921.33" ytl="452.00" xbr="1281.10" ybr="616.10" z_order="0">
    </box>
    <box label="car" occluded="0" xtl="546.64" ytl="436.64" xbr="613.64" ybr="491.64" z_order="0">
    </box>
    <box label="tree_trunk" occluded="0" xtl="286.10" ytl="331.93" xbr="402.10" ybr="726.70" z_order="1">
    </box>
    <box label="car" occluded="1" xtl="1277.72" ytl="429.00" xbr="1920.00" ybr="718.90" z_order="0">
    </box>
    <box label="car" occluded="0" xtl="586.12" ytl="459.36" xbr="718.20" ybr="532.20" z_order="0">
    </box>
    <box label="person" occluded="1" xtl="247.00" ytl="408.50" xbr="307.30" ybr="593.40" z_order="0">
    </box>
  </image>
  <image id="6" name="MP_SEL_009407.jpg" width="1920" height="1080">
    <box label="tree_trunk" occluded="1" xtl="218.55" ytl="0.00" xbr="508.46" ybr="1054.72" z_order="1">
    </box>
    <box label="tree_trunk" occluded="0" xtl="1644.30" ytl="549.20" xbr="1689.12" ybr="699.28" z_order="11">
    </box>
    <box label="tree_trunk" occluded="0" xtl="1041.88" ytl="482.39" xbr="1084.39" ybr="654.35" z_order="2">
    </box>
    <box label="car" occluded="1" xtl="736.29" ytl="503.92" xbr="784.80" ybr="542.70" z_order="0">
    </box>
    <box label="tree_trunk" occluded="0" xtl="586.93" ytl="423.20" xbr="628.30" ybr="664.94" z_order="3">
    </box>
    <box label="car" occluded="1" xtl="295.64" ytl="546.77" xbr="529.90" ybr="705.10" z_order="0">
    </box>
    <box label="car" occluded="1" xtl="541.47" ytl="512.71" xbr="669.00" ybr="587.40" z_order="0">
    </box>
    <box label="car" occluded="1" xtl="656.00" ytl="503.41" xbr="740.30" ybr="559.00" z_order="0">
    </box>
  </image>
  <image id="7" name="MP_SEL_009408.jpg" width="1920" height="1080">
    <box label="car" occluded="1" xtl="1109.19" ytl="482.61" xbr="1613.20" ybr="820.70" z_order="0">
    </box>
    <box label="car" occluded="1" xtl="1423.81" ytl="563.26" xbr="1920.00" ybr="1080.00" z_order="0">
    </box>
    <box label="tree_trunk" occluded="0" xtl="963.08" ytl="351.35" xbr="1000.54" ybr="603.41" z_order="1">
    </box>
    <box label="bollard" occluded="1" xtl="1488.82" ytl="507.63" xbr="1504.14" ybr="560.08" z_order="10">
    </box>
    <box label="bollard" occluded="0" xtl="1061.32" ytl="521.46" xbr="1077.80" ybr="575.45" z_order="3">
    </box>
    <box label="tree_trunk" occluded="0" xtl="941.05" ytl="437.72" xbr="975.86" ybr="546.57" z_order="2">
    </box>
    <box label="tree_trunk" occluded="0" xtl="1790.17" ytl="498.01" xbr="1817.05" ybr="567.19" z_order="5">
    </box>
    <box label="tree_trunk" occluded="0" xtl="1683.04" ytl="198.55" xbr="1710.32" ybr="560.88" z_order="4">
    </box>
  </image>
  <image id="8" name="MP_SEL_009409.jpg" width="1920" height="1080">
    <box label="car" occluded="1" xtl="801.76" ytl="473.43" xbr="946.40" ybr="585.90" z_order="0">
    </box>
    <box label="tree_trunk" occluded="1" xtl="604.30" ytl="0.00" xbr="740.09" ybr="1017.99" z_order="1">
    </box>
    <box label="car" occluded="1" xtl="449.00" ytl="481.43" xbr="832.30" ybr="712.50" z_order="0">
    </box>
    <box label="car" occluded="1" xtl="925.73" ytl="483.27" xbr="994.30" ybr="539.80" z_order="0">
    </box>
  </image>
  <image id="9" name="MP_SEL_009410.jpg" width="1920" height="1080">
    <box label="car" occluded="1" xtl="855.50" ytl="498.10" xbr="955.10" ybr="595.70" z_order="0">
    </box>
    <box label="car" occluded="1" xtl="1123.73" ytl="499.45" xbr="1222.07" ybr="603.27" z_order="0">
    </box>
    <box label="car" occluded="0" xtl="1172.00" ytl="503.65" xbr="1588.90" ybr="819.30" z_order="0">
    </box>
    <box label="car" occluded="1" xtl="1045.84" ytl="501.64" xbr="1078.31" ybr="525.40" z_order="8">
    </box>
    <box label="traffic_sign" occluded="0" xtl="49.50" ytl="271.80" xbr="112.66" ybr="387.55" z_order="4">
    </box>
    <box label="car" occluded="1" xtl="985.97" ytl="511.63" xbr="1036.30" ybr="557.70" z_order="0">
    </box>
    <box label="car" occluded="1" xtl="516.50" ytl="489.91" xbr="839.40" ybr="641.90" z_order="0">
    </box>
    <box label="car" occluded="1" xtl="1011.78" ytl="515.55" xbr="1051.80" ybr="546.40" z_order="2">
    </box>
    <box label="car" occluded="1" xtl="944.49" ytl="502.27" xbr="1012.90" ybr="567.10" z_order="0">
    </box>
    <box label="pole" occluded="1" xtl="1208.80" ytl="0.00" xbr="1246.40" ybr="607.79" z_order="6">
    </box>
    <box label="car" occluded="1" xtl="0.00" ytl="477.34" xbr="597.00" ybr="827.30" z_order="0">
    </box>
    <box label="car" occluded="1" xtl="1140.12" ytl="497.70" xbr="1307.40" ybr="660.20" z_order="0">
    </box>
    <box label="car" occluded="0" xtl="1083.31" ytl="501.12" xbr="1121.35" ybr="529.60" z_order="7">
    </box>
    <box label="car" occluded="1" xtl="800.50" ytl="509.65" xbr="932.30" ybr="615.40" z_order="0">
    </box>
    <box label="traffic_sign" occluded="0" xtl="1201.21" ytl="392.53" xbr="1270.38" ybr="466.14" z_order="5">
    </box>
    <box label="car" occluded="1" xtl="924.28" ytl="509.88" xbr="994.00" ybr="576.70" z_order="0">
    </box>
    <box label="pole" occluded="1" xtl="24.30" ytl="1.10" xbr="94.50" ybr="688.72" z_order="1">
    </box>
  </image>
  <image id="10" name="MP_SEL_009411.jpg" width="1920" height="1080">
    <box label="person" occluded="0" xtl="738.27" ytl="403.20" xbr="777.70" ybr="515.50" z_order="0">
    </box>
    <box label="car" occluded="0" xtl="1047.29" ytl="384.20" xbr="1370.30" ybr="589.80" z_order="0">
    </box>
    <box label="motorcycle" occluded="0" xtl="272.40" ytl="439.63" xbr="549.00" ybr="850.90" z_order="0">
    </box>
    <box label="car" occluded="0" xtl="886.12" ytl="438.30" xbr="981.90" ybr="510.90" z_order="0">
    </box>
    <box label="car" occluded="1" xtl="363.82" ytl="387.94" xbr="739.38" ybr="666.64" z_order="3">
    </box>
    <box label="car" occluded="1" xtl="1294.57" ytl="399.10" xbr="1920.00" ybr="839.50" z_order="0">
    </box>
    <box label="pole" occluded="1" xtl="566.86" ytl="0.00" xbr="612.55" ybr="520.35" z_order="4">
    </box>
    <box label="pole" occluded="1" xtl="597.93" ytl="0.00" xbr="634.48" ybr="522.17" z_order="5">
    </box>
    <box label="car" occluded="1" xtl="849.10" ytl="453.47" xbr="916.20" ybr="501.30" z_order="0">
    </box>
  </image>
  <image id="11" name="MP_SEL_009412.jpg" width="1920" height="1080">
    <box label="car" occluded="1" xtl="1064.51" ytl="534.98" xbr="1152.40" ybr="601.30" z_order="0">
    </box>
    <box label="car" occluded="1" xtl="1332.27" ytl="538.00" xbr="1670.50" ybr="693.90" z_order="0">
    </box>
    <box label="car" occluded="1" xtl="747.16" ytl="520.06" xbr="808.50" ybr="578.90" z_order="0">
    </box>
    <box label="car" occluded="0" xtl="700.30" ytl="530.47" xbr="799.20" ybr="605.90" z_order="0">
    </box>
    <box label="car" occluded="1" xtl="1111.13" ytl="538.20" xbr="1228.90" ybr="616.00" z_order="0">
    </box>
    <box label="car" occluded="1" xtl="1568.17" ytl="537.92" xbr="1920.00" ybr="790.00" z_order="0">
    </box>
    <box label="car" occluded="1" xtl="0.00" ytl="506.76" xbr="421.20" ybr="806.90" z_order="0">
    </box>
    <box label="person" occluded="0" xtl="270.17" ytl="496.91" xbr="406.70" ybr="864.40" z_order="0">
    </box>
    <box label="car" occluded="1" xtl="973.79" ytl="534.98" xbr="1022.25" ybr="578.33" z_order="2">
    </box>
    <box label="car" occluded="1" xtl="1022.18" ytl="530.84" xbr="1108.30" ybr="593.90" z_order="0">
    </box>
    <box label="car" occluded="1" xtl="1189.00" ytl="526.92" xbr="1398.50" ybr="644.20" z_order="0">
    </box>
    <box label="car" occluded="1" xtl="995.88" ytl="536.03" xbr="1053.80" ybr="584.70" z_order="0">
    </box>
    <box label="tree_trunk" occluded="1" xtl="1482.30" ytl="411.70" xbr="1521.80" ybr="645.80" z_order="4">
    </box>
    <box label="car" occluded="1" xtl="950.44" ytl="536.88" xbr="991.00" ybr="572.00" z_order="0">
    </box>
  </image>
  <image id="12" name="MP_SEL_009413.jpg" width="1920" height="1080">
    <box label="car" occluded="0" xtl="1053.12" ytl="405.47" xbr="1209.90" ybr="528.50" z_order="0">
    </box>
    <box label="car" occluded="1" xtl="140.87" ytl="419.92" xbr="484.30" ybr="587.50" z_order="0">
    </box>
    <box label="car" occluded="1" xtl="1041.10" ytl="413.43" xbr="1134.40" ybr="486.90" z_order="1">
    </box>
    <box label="car" occluded="1" xtl="687.33" ytl="424.90" xbr="779.80" ybr="493.80" z_order="0">
    </box>
    <box label="car" occluded="1" xtl="0.00" ytl="427.94" xbr="188.60" ybr="655.40" z_order="0">
    </box>
    <box label="person" occluded="1" xtl="0.00" ytl="397.08" xbr="65.30" ybr="733.10" z_order="0">
    </box>
    <box label="car" occluded="1" xtl="443.95" ytl="418.73" xbr="626.70" ybr="533.70" z_order="0">
    </box>
    <box label="car" occluded="1" xtl="590.31" ytl="409.19" xbr="730.20" ybr="508.70" z_order="0">
    </box>
  </image>
  <image id="13" name="MP_SEL_009414.jpg" width="1920" height="1080">
    <box label="car" occluded="1" xtl="1195.11" ytl="448.96" xbr="1329.60" ybr="535.00" z_order="0">
    </box>
    <box label="car" occluded="1" xtl="1063.55" ytl="454.43" xbr="1111.10" ybr="495.70" z_order="0">
    </box>
    <box label="car" occluded="1" xtl="1126.90" ytl="453.80" xbr="1200.20" ybr="508.50" z_order="0">
    </box>
    <box label="car" occluded="1" xtl="747.62" ytl="417.91" xbr="888.00" ybr="539.80" z_order="0">
    </box>
    <box label="car" occluded="1" xtl="1077.45" ytl="452.12" xbr="1132.80" ybr="498.50" z_order="0">
    </box>
    <box label="car" occluded="1" xtl="1164.69" ytl="450.88" xbr="1261.30" ybr="521.39" z_order="1">
    </box>
    <box label="car" occluded="1" xtl="0.00" ytl="413.42" xbr="735.40" ybr="915.10" z_order="0">
    </box>
    <box label="person" occluded="0" xtl="1288.67" ytl="439.53" xbr="1352.70" ybr="580.20" z_order="0">
    </box>
    <box label="car" occluded="1" xtl="1096.86" ytl="452.39" xbr="1160.60" ybr="503.90" z_order="0">
    </box>
    <box label="car" occluded="1" xtl="1272.61" ytl="446.53" xbr="1443.20" ybr="561.40" z_order="0">
    </box>
    <box label="car" occluded="1" xtl="567.91" ytl="422.97" xbr="846.71" ybr="631.09" z_order="0">
    </box>
    <box label="car" occluded="1" xtl="1392.64" ytl="426.36" xbr="1665.40" ybr="603.90" z_order="0">
    </box>
    <box label="car" occluded="1" xtl="862.68" ytl="444.02" xbr="907.20" ybr="490.90" z_order="0">
    </box>
    <box label="car" occluded="1" xtl="1628.53" ytl="446.24" xbr="1920.00" ybr="702.70" z_order="0">
    </box>
  </image>
  <image id="14" name="MP_SEL_009415.jpg" width="1920" height="1080">
    <box label="car" occluded="1" xtl="1388.62" ytl="457.26" xbr="1880.06" ybr="621.11" z_order="0">
    </box>
    <box label="car" occluded="1" xtl="0.00" ytl="455.86" xbr="354.40" ybr="742.90" z_order="0">
    </box>
    <box label="car" occluded="0" xtl="632.00" ytl="471.00" xbr="788.30" ybr="566.80" z_order="0">
    </box>
    <box label="car" occluded="1" xtl="755.01" ytl="469.41" xbr="860.00" ybr="543.70" z_order="0">
    </box>
    <box label="car" occluded="0" xtl="1121.04" ytl="465.36" xbr="1193.10" ybr="518.90" z_order="0">
    </box>
    <box label="tree_trunk" occluded="1" xtl="474.00" ytl="284.00" xbr="514.50" ybr="538.80" z_order="3">
    </box>
    <box label="tree_trunk" occluded="1" xtl="86.04" ytl="45.19" xbr="158.80" ybr="595.00" z_order="2">
    </box>
    <box label="car" occluded="1" xtl="817.07" ytl="467.24" xbr="890.00" ybr="532.60" z_order="0">
    </box>
    <box label="car" occluded="1" xtl="871.84" ytl="463.10" xbr="934.60" ybr="517.00" z_order="0">
    </box>
    <box label="car" occluded="1" xtl="904.78" ytl="469.61" xbr="944.80" ybr="511.50" z_order="0">
    </box>
    <box label="car" occluded="1" xtl="849.07" ytl="467.69" xbr="905.30" ybr="521.80" z_order="0">
    </box>
    <box label="car" occluded="1" xtl="1101.24" ytl="465.79" xbr="1150.20" ybr="509.20" z_order="0">
    </box>
    <box label="car" occluded="1" xtl="336.69" ytl="468.91" xbr="621.60" ybr="632.40" z_order="0">
    </box>
  </image>
  <image id="15" name="MP_SEL_009416.jpg" width="1920" height="1080">
    <box label="tree_trunk" occluded="1" xtl="1514.22" ytl="94.53" xbr="1556.86" ybr="460.04" z_order="5">
    </box>
    <box label="tree_trunk" occluded="1" xtl="1533.40" ytl="0.00" xbr="1601.78" ybr="478.70" z_order="4">
    </box>
    <box label="car" occluded="1" xtl="897.00" ytl="419.60" xbr="949.50" ybr="465.60" z_order="0">
    </box>
    <box label="tree_trunk" occluded="1" xtl="1269.20" ytl="251.06" xbr="1350.50" ybr="470.40" z_order="3">
    </box>
    <box label="tree_trunk" occluded="0" xtl="876.79" ytl="316.04" xbr="917.15" ybr="587.89" z_order="2">
    </box>
    <box label="car" occluded="1" xtl="826.98" ytl="412.42" xbr="920.10" ybr="487.80" z_order="0">
    </box>
    <box label="car" occluded="1" xtl="497.00" ytl="405.86" xbr="834.50" ybr="621.50" z_order="0">
    </box>
    <box label="tree_trunk" occluded="1" xtl="1617.50" ytl="0.00" xbr="1766.45" ybr="494.94" z_order="6">
    </box>
    <box label="car" occluded="1" xtl="721.54" ytl="409.30" xbr="871.30" ybr="540.20" z_order="0">
    </box>
    <box label="tree_trunk" occluded="1" xtl="618.16" ytl="0.00" xbr="781.40" ybr="1080.00" z_order="1">
    </box>
  </image>
  <image id="16" name="MP_SEL_009417.jpg" width="1920" height="1080">
    <box label="car" occluded="1" xtl="1121.73" ytl="333.19" xbr="1276.80" ybr="444.90" z_order="0">
    </box>
    <box label="tree_trunk" occluded="1" xtl="553.60" ytl="387.10" xbr="583.90" ybr="509.90" z_order="7">
    </box>
    <box label="tree_trunk" occluded="1" xtl="1172.91" ytl="0.00" xbr="1209.08" ybr="466.97" z_order="2">
    </box>
    <box label="car" occluded="1" xtl="1009.00" ytl="316.00" xbr="1105.40" ybr="381.30" z_order="0">
    </box>
    <box label="pole" occluded="1" xtl="1501.89" ytl="0.00" xbr="1662.95" ybr="995.23" z_order="1">
    </box>
  </image>
  <image id="17" name="MP_SEL_009418.jpg" width="1920" height="1080">
    <box label="tree_trunk" occluded="0" xtl="884.60" ytl="348.60" xbr="906.50" ybr="559.13" z_order="4">
    </box>
    <box label="car" occluded="1" xtl="808.33" ytl="472.53" xbr="921.60" ybr="547.90" z_order="0">
    </box>
    <box label="car" occluded="0" xtl="274.48" ytl="477.00" xbr="744.80" ybr="731.80" z_order="0">
    </box>
    <box label="tree_trunk" occluded="0" xtl="47.00" ytl="470.99" xbr="67.20" ybr="559.60" z_order="2">
    </box>
    <box label="tree_trunk" occluded="0" xtl="764.80" ytl="306.70" xbr="826.44" ybr="666.47" z_order="3">
    </box>
  </image>
  <image id="18" name="MP_SEL_009419.jpg" width="1920" height="1080">
    <box label="tree_trunk" occluded="1" xtl="400.29" ytl="0.00" xbr="462.80" ybr="451.30" z_order="2">
    </box>
    <box label="tree_trunk" occluded="0" xtl="1306.00" ytl="102.00" xbr="1355.10" ybr="611.37" z_order="3">
    </box>
    <box label="car" occluded="1" xtl="1124.11" ytl="399.17" xbr="1206.50" ybr="456.90" z_order="0">
    </box>
    <box label="tree_trunk" occluded="1" xtl="140.42" ytl="0.00" xbr="334.51" ybr="491.85" z_order="1">
    </box>
    <box label="tree_trunk" occluded="0" xtl="1194.60" ytl="288.09" xbr="1232.18" ybr="502.10" z_order="4">
    </box>
    <box label="car" occluded="1" xtl="1051.72" ytl="389.45" xbr="1114.30" ybr="432.20" z_order="0">
    </box>
    <box label="car" occluded="1" xtl="1418.68" ytl="392.19" xbr="1920.00" ybr="758.10" z_order="0">
    </box>
    <box label="car" occluded="1" xtl="1023.45" ytl="385.94" xbr="1070.63" ybr="419.86" z_order="5">
    </box>
  </image>
  <image id="19" name="MP_SEL_009420.jpg" width="1920" height="1080">
    <box label="person" occluded="0" xtl="944.44" ytl="502.19" xbr="972.70" ybr="573.10" z_order="0">
    </box>
    <box label="tree_trunk" occluded="0" xtl="1151.06" ytl="467.22" xbr="1203.94" ybr="618.46" z_order="8">
    </box>
    <box label="tree_trunk" occluded="0" xtl="1449.39" ytl="451.55" xbr="1523.00" ybr="636.84" z_order="6">
    </box>
    <box label="bench" occluded="0" xtl="1478.06" ytl="615.27" xbr="1632.60" ybr="696.40" z_order="0">
    </box>
    <box label="car" occluded="1" xtl="777.18" ytl="512.18" xbr="862.30" ybr="601.90" z_order="0">
    </box>
    <box label="car" occluded="1" xtl="690.10" ytl="514.09" xbr="823.30" ybr="640.30" z_order="0">
    </box>
    <box label="car" occluded="1" xtl="532.23" ytl="510.80" xbr="781.50" ybr="708.60" z_order="0">
    </box>
    <box label="car" occluded="1" xtl="813.75" ytl="506.54" xbr="891.30" ybr="574.10" z_order="0">
    </box>
    <box label="car" occluded="1" xtl="152.31" ytl="518.45" xbr="704.50" ybr="836.60" z_order="0">
    </box>
    <box label="bench" occluded="0" xtl="1604.40" ytl="633.17" xbr="1826.70" ybr="752.10" z_order="0">
    </box>
    <box label="tree_trunk" occluded="0" xtl="1296.48" ytl="473.57" xbr="1346.19" ybr="612.11" z_order="7">
    </box>
    <box label="tree_trunk" occluded="0" xtl="820.29" ytl="496.92" xbr="853.29" ybr="654.92" z_order="4">
    </box>
    <box label="tree_trunk" occluded="0" xtl="600.57" ytl="249.05" xbr="678.24" ybr="835.69" z_order="3">
    </box>
    <box label="tree_trunk" occluded="0" xtl="868.63" ytl="459.33" xbr="888.46" ybr="602.55" z_order="5">
    </box>
  </image>
  <image id="20" name="MP_SEL_009421.jpg" width="1920" height="1080">
    <box label="tree_trunk" occluded="1" xtl="853.48" ytl="237.50" xbr="881.50" ybr="400.15" z_order="3">
    </box>
    <box label="movable_signage" occluded="1" xtl="1134.43" ytl="210.75" xbr="1191.72" ybr="390.87" z_order="5">
    </box>
    <box label="person" occluded="0" xtl="741.00" ytl="326.90" xbr="780.10" ybr="457.40" z_order="0">
    </box>
    <box label="car" occluded="1" xtl="586.58" ytl="315.19" xbr="747.40" ybr="425.70" z_order="0">
    </box>
    <box label="tree_trunk" occluded="1" xtl="724.95" ytl="122.40" xbr="820.90" ybr="467.35" z_order="2">
    </box>
    <box label="bus" occluded="1" xtl="246.98" ytl="220.65" xbr="615.80" ybr="418.00" z_order="0">
    </box>
    <box label="pole" occluded="1" xtl="0.00" ytl="0.00" xbr="160.76" ybr="1080.00" z_order="1">
    </box>
    <box label="person" occluded="0" xtl="797.92" ytl="285.10" xbr="879.50" ybr="518.30" z_order="0">
    </box>
    <box label="car" occluded="1" xtl="26.04" ytl="306.80" xbr="486.60" ybr="561.10" z_order="0">
    </box>
    <box label="person" occluded="0" xtl="502.15" ytl="320.54" xbr="559.20" ybr="485.90" z_order="0">
    </box>
    <box label="car" occluded="1" xtl="438.54" ytl="338.37" xbr="676.80" ybr="466.40" z_order="0">
    </box>
    <box label="person" occluded="0" xtl="995.63" ytl="312.90" xbr="1030.10" ybr="411.50" z_order="0">
    </box>
    <box label="traffic_sign" occluded="1" xtl="873.80" ytl="256.48" xbr="899.09" ybr="284.96" z_order="6">
    </box>
    <box label="movable_signage" occluded="0" xtl="1056.10" ytl="289.30" xbr="1100.07" ybr="399.60" z_order="4">
    </box>
    <box label="person" occluded="0" xtl="1109.73" ytl="180.46" xbr="1238.73" ybr="609.46" z_order="0">
    </box>
  </image>
  <image id="21" name="MP_SEL_009422.jpg" width="1920" height="1080">
    <box label="car" occluded="1" xtl="1474.70" ytl="345.42" xbr="1546.20" ybr="403.90" z_order="0">
    </box>
    <box label="truck" occluded="1" xtl="1593.61" ytl="304.68" xbr="1771.20" ybr="430.50" z_order="0">
    </box>
    <box label="bus" occluded="0" xtl="1374.47" ytl="308.56" xbr="1507.30" ybr="429.60" z_order="0">
    </box>
    <box label="car" occluded="0" xtl="1243.10" ytl="347.12" xbr="1361.80" ybr="464.20" z_order="0">
    </box>
    <box label="tree_trunk" occluded="0" xtl="914.48" ytl="350.60" xbr="948.85" ybr="470.91" z_order="5">
    </box>
    <box label="traffic_light" occluded="0" xtl="636.91" ytl="274.00" xbr="672.87" ybr="332.17" z_order="6">
    </box>
    <box label="pole" occluded="1" xtl="1157.77" ytl="0.00" xbr="1181.40" ybr="448.80" z_order="4">
    </box>
    <box label="car" occluded="1" xtl="1607.29" ytl="351.18" xbr="1920.00" ybr="623.20" z_order="0">
    </box>
    <box label="car" occluded="1" xtl="1337.13" ytl="350.96" xbr="1383.04" ybr="396.50" z_order="2">
    </box>
    <box label="car" occluded="1" xtl="0.00" ytl="432.94" xbr="158.70" ybr="579.30" z_order="0">
    </box>
    <box label="car" occluded="1" xtl="1773.78" ytl="335.70" xbr="1854.90" ybr="382.90" z_order="0">
    </box>
    <box label="car" occluded="1" xtl="1844.02" ytl="327.33" xbr="1920.00" ybr="383.00" z_order="0">
    </box>
    <box label="motorcycle" occluded="1" xtl="110.97" ytl="438.66" xbr="200.60" ybr="503.00" z_order="0">
    </box>
  </image>
  <image id="22" name="MP_SEL_009423.jpg" width="1920" height="1080">
    <box label="potted_plant" occluded="0" xtl="138.95" ytl="690.58" xbr="460.30" ybr="1003.50" z_order="0">
    </box>
    <box label="movable_signage" occluded="0" xtl="130.45" ytl="458.41" xbr="156.89" ybr="506.15" z_order="1">
    </box>
    <box label="motorcycle" occluded="1" xtl="579.96" ytl="462.15" xbr="704.30" ybr="534.40" z_order="0">
    </box>
    <box label="potted_plant" occluded="0" xtl="565.57" ytl="594.09" xbr="694.30" ybr="744.90" z_order="0">
    </box>
    <box label="person" occluded="1" xtl="614.17" ytl="452.00" xbr="655.80" ybr="521.90" z_order="0">
    </box>
    <box label="movable_signage" occluded="0" xtl="197.70" ytl="477.36" xbr="275.72" ybr="582.00" z_order="6">
    </box>
  </image>
  <image id="23" name="MP_SEL_009424.jpg" width="1920" height="1080">
    <box label="pole" occluded="1" xtl="1220.10" ytl="0.00" xbr="1326.10" ybr="677.20" z_order="2">
    </box>
    <box label="car" occluded="1" xtl="1473.05" ytl="394.03" xbr="1591.70" ybr="458.10" z_order="0">
    </box>
    <box label="car" occluded="1" xtl="1293.77" ytl="383.60" xbr="1599.30" ybr="558.10" z_order="0">
    </box>
    <box label="car" occluded="1" xtl="1590.12" ytl="399.24" xbr="1749.00" ybr="464.50" z_order="0">
    </box>
    <box label="car" occluded="1" xtl="1746.68" ytl="383.21" xbr="1891.20" ybr="467.10" z_order="0">
    </box>
    <box label="car" occluded="1" xtl="1089.31" ytl="395.56" xbr="1185.00" ybr="466.50" z_order="0">
    </box>
    <box label="pole" occluded="1" xtl="1135.10" ytl="0.00" xbr="1208.20" ybr="607.80" z_order="3">
    </box>
  </image>
  <image id="24" name="MP_SEL_009425.jpg" width="1920" height="1080">
    <box label="pole" occluded="1" xtl="1622.62" ytl="0.00" xbr="1650.95" ybr="516.33" z_order="3">
    </box>
    <box label="car" occluded="1" xtl="1069.48" ytl="403.96" xbr="1139.90" ybr="438.10" z_order="0">
    </box>
    <box label="car" occluded="1" xtl="934.73" ytl="409.15" xbr="1000.78" ybr="447.40" z_order="4">
    </box>
    <box label="bollard" occluded="0" xtl="642.90" ytl="506.70" xbr="690.89" ybr="557.41" z_order="7">
    </box>
    <box label="pole" occluded="1" xtl="345.54" ytl="0.00" xbr="403.11" ybr="546.66" z_order="1">
    </box>
    <box label="car" occluded="1" xtl="460.80" ytl="412.83" xbr="524.50" ybr="454.50" z_order="0">
    </box>
    <box label="car" occluded="1" xtl="1002.57" ytl="398.95" xbr="1068.11" ybr="442.81" z_order="5">
    </box>
    <box label="car" occluded="1" xtl="1155.96" ytl="407.80" xbr="1211.20" ybr="432.60" z_order="0">
    </box>
    <box label="tree_trunk" occluded="0" xtl="525.72" ytl="374.46" xbr="546.65" ybr="484.26" z_order="9">
    </box>
    <box label="bollard" occluded="0" xtl="878.60" ytl="499.20" xbr="922.00" ybr="547.00" z_order="8">
    </box>
    <box label="tree_trunk" occluded="1" xtl="0.00" ytl="134.46" xbr="84.30" ybr="583.12" z_order="10">
    </box>
  </image>
  <image id="25" name="MP_SEL_009426.jpg" width="1920" height="1080">
    <box label="car" occluded="1" xtl="371.88" ytl="368.83" xbr="544.80" ybr="452.40" z_order="0">
    </box>
    <box label="bollard" occluded="0" xtl="1058.34" ytl="453.42" xbr="1086.25" ybr="494.18" z_order="7">
    </box>
    <box label="car" occluded="1" xtl="1302.06" ytl="390.45" xbr="1486.10" ybr="479.70" z_order="0">
    </box>
    <box label="car" occluded="1" xtl="1858.12" ytl="402.12" xbr="1920.00" ybr="467.40" z_order="0">
    </box>
    <box label="tree_trunk" occluded="0" xtl="231.48" ytl="47.92" xbr="328.85" ybr="609.78" z_order="1">
    </box>
    <box label="car" occluded="1" xtl="287.00" ytl="370.83" xbr="397.70" ybr="437.70" z_order="0">
    </box>
    <box label="motorcycle" occluded="0" xtl="1060.58" ytl="408.69" xbr="1125.58" ybr="450.55" z_order="5">
    </box>
    <box label="car" occluded="1" xtl="1604.11" ytl="387.06" xbr="1797.40" ybr="471.00" z_order="0">
    </box>
    <box label="bollard" occluded="0" xtl="947.40" ytl="457.50" xbr="968.37" ybr="495.28" z_order="6">
    </box>
    <box label="tree_trunk" occluded="0" xtl="699.10" ytl="322.76" xbr="731.07" ybr="461.90" z_order="3">
    </box>
    <box label="car" occluded="1" xtl="1458.63" ytl="375.59" xbr="1628.00" ybr="472.30" z_order="0">
    </box>
    <box label="tree_trunk" occluded="0" xtl="606.89" ytl="343.86" xbr="643.69" ybr="508.85" z_order="2">
    </box>
    <box label="car" occluded="0" xtl="897.84" ytl="396.45" xbr="938.30" ybr="428.90" z_order="0">
    </box>
    <box label="tree_trunk" occluded="0" xtl="1435.81" ytl="363.85" xbr="1471.98" ybr="478.07" z_order="4">
    </box>
  </image>
  <image id="26" name="MP_SEL_009427.jpg" width="1920" height="1080">
    <box label="car" occluded="1" xtl="1503.60" ytl="425.04" xbr="1650.80" ybr="488.90" z_order="0">
    </box>
    <box label="person" occluded="0" xtl="706.73" ytl="401.06" xbr="752.30" ybr="529.80" z_order="0">
    </box>
    <box label="bollard" occluded="0" xtl="1052.92" ytl="548.32" xbr="1110.66" ybr="615.58" z_order="2">
    </box>
    <box label="bollard" occluded="0" xtl="762.29" ytl="549.59" xbr="818.77" ybr="616.85" z_order="1">
    </box>
    <box label="person" occluded="0" xtl="660.16" ytl="406.51" xbr="707.90" ybr="527.50" z_order="0">
    </box>
    <box label="tree_trunk" occluded="0" xtl="1637.10" ytl="363.70" xbr="1685.95" ybr="595.91" z_order="5">
    </box>
    <box label="motorcycle" occluded="1" xtl="1089.27" ytl="437.74" xbr="1156.70" ybr="498.50" z_order="0">
    </box>
    <box label="pole" occluded="1" xtl="1423.35" ytl="0.00" xbr="1470.20" ybr="596.70" z_order="4">
    </box>
    <box label="person" occluded="0" xtl="751.04" ytl="417.04" xbr="788.10" ybr="525.90" z_order="0">
    </box>
    <box label="car" occluded="1" xtl="176.90" ytl="410.23" xbr="344.70" ybr="471.20" z_order="0">
    </box>
    <box label="person" occluded="0" xtl="915.21" ytl="423.76" xbr="970.30" ybr="577.60" z_order="0">
    </box>
    <box label="person" occluded="0" xtl="1009.47" ytl="411.90" xbr="1064.50" ybr="578.90" z_order="0">
    </box>
    <box label="stroller" occluded="1" xtl="939.80" ytl="476.30" xbr="996.35" ybr="571.41" z_order="3">
    </box>
  </image>
  <image id="27" name="MP_SEL_009428.jpg" width="1920" height="1080">
    <box label="bench" occluded="1" xtl="1060.21" ytl="554.81" xbr="1135.13" ybr="573.17" z_order="4">
    </box>
    <box label="tree_trunk" occluded="0" xtl="1253.76" ytl="545.65" xbr="1310.23" ybr="634.49" z_order="2">
    </box>
    <box label="tree_trunk" occluded="0" xtl="1656.06" ytl="469.57" xbr="1757.59" ybr="669.45" z_order="3">
    </box>
    <box label="car" occluded="1" xtl="1515.29" ytl="558.40" xbr="1662.30" ybr="617.80" z_order="0">
    </box>
    <box label="car" occluded="1" xtl="1716.00" ytl="564.53" xbr="1859.50" ybr="625.60" z_order="0">
    </box>
    <box label="tree_trunk" occluded="1" xtl="0.00" ytl="431.56" xbr="40.48" ybr="610.50" z_order="6">
    </box>
    <box label="person" occluded="1" xtl="17.52" ytl="488.30" xbr="30.78" ybr="531.91" z_order="8">
    </box>
    <box label="car" occluded="1" xtl="634.51" ytl="486.16" xbr="747.80" ybr="525.40" z_order="0">
    </box>
    <box label="tree_trunk" occluded="0" xtl="996.12" ytl="532.39" xbr="1071.00" ybr="643.37" z_order="1">
    </box>
    <box label="bench" occluded="0" xtl="1061.39" ytl="561.20" xbr="1139.50" ybr="595.40" z_order="0">
    </box>
  </image>
  <image id="28" name="MP_SEL_009429.jpg" width="1920" height="1080">
    <box label="bollard" occluded="1" xtl="1191.51" ytl="949.08" xbr="1383.40" ybr="1080.00" z_order="14">
    </box>
    <box label="movable_signage" occluded="1" xtl="1506.30" ytl="475.90" xbr="1559.19" ybr="574.31" z_order="1">
    </box>
    <box label="motorcycle" occluded="0" xtl="1292.21" ytl="499.00" xbr="1416.40" ybr="573.20" z_order="0">
    </box>
    <box label="car" occluded="0" xtl="1009.72" ytl="482.38" xbr="1062.10" ybr="527.40" z_order="0">
    </box>
  </image>
  <image id="29" name="MP_SEL_009430.jpg" width="1920" height="1080">
    <box label="tree_trunk" occluded="0" xtl="1418.23" ytl="284.60" xbr="1475.34" ybr="612.66" z_order="2">
    </box>
    <box label="table" occluded="1" xtl="1609.26" ytl="468.96" xbr="1797.30" ybr="523.20" z_order="0">
    </box>
    <box label="bus" occluded="1" xtl="165.70" ytl="385.63" xbr="468.00" ybr="478.70" z_order="0">
    </box>
    <box label="tree_trunk" occluded="0" xtl="1190.20" ytl="457.38" xbr="1211.40" ybr="527.90" z_order="4">
    </box>
    <box label="tree_trunk" occluded="0" xtl="1248.15" ytl="444.42" xbr="1282.08" ybr="556.79" z_order="3">
    </box>
    <box label="table" occluded="1" xtl="1412.30" ytl="464.47" xbr="1544.19" ybr="506.09" z_order="6">
    </box>
    <box label="tree_trunk" occluded="0" xtl="241.63" ytl="374.05" xbr="294.95" ybr="596.14" z_order="5">
    </box>
  </image>
  <image id="30" name="MP_SEL_009431.jpg" width="1920" height="1080">
    <box label="tree_trunk" occluded="1" xtl="1437.02" ytl="359.09" xbr="1474.45" ybr="598.20" z_order="3">
    </box>
    <box label="tree_trunk" occluded="1" xtl="1789.40" ytl="347.48" xbr="1840.20" ybr="742.00" z_order="5">
    </box>
    <box label="tree_trunk" occluded="1" xtl="116.87" ytl="0.00" xbr="328.45" ybr="995.42" z_order="1">
    </box>
    <box label="tree_trunk" occluded="0" xtl="1289.80" ytl="367.15" xbr="1315.81" ybr="534.67" z_order="4">
    </box>
    <box label="tree_trunk" occluded="1" xtl="607.30" ytl="343.08" xbr="649.60" ybr="700.20" z_order="2">
    </box>
  </image>
  <image id="31" name="MP_SEL_009432.jpg" width="1920" height="1080">
    <box label="tree_trunk" occluded="1" xtl="121.23" ytl="445.65" xbr="167.40" ybr="643.70" z_order="2">
    </box>
    <box label="bollard" occluded="0" xtl="1819.90" ytl="423.60" xbr="1856.89" ybr="456.63" z_order="4">
    </box>
    <box label="tree_trunk" occluded="0" xtl="485.60" ytl="224.10" xbr="539.80" ybr="572.00" z_order="1">
    </box>
    <box label="tree_trunk" occluded="0" xtl="1503.67" ytl="389.17" xbr="1533.81" ybr="464.26" z_order="3">
    </box>
  </image>
  <image id="32" name="MP_SEL_009433.jpg" width="1920" height="1080">
    <box label="tree_trunk" occluded="0" xtl="216.60" ytl="641.20" xbr="252.85" ybr="741.20" z_order="2">
    </box>
    <box label="tree_trunk" occluded="0" xtl="415.71" ytl="558.70" xbr="436.34" ybr="710.47" z_order="1">
    </box>
    <box label="tree_trunk" occluded="0" xtl="1144.90" ytl="516.96" xbr="1191.51" ybr="784.70" z_order="5">
    </box>
    <box label="bollard" occluded="0" xtl="515.50" ytl="669.29" xbr="551.63" ybr="705.43" z_order="3">
    </box>
    <box label="tree_trunk" occluded="0" xtl="1317.61" ytl="365.28" xbr="1388.88" ybr="933.64" z_order="4">
    </box>
  </image>
  <image id="33" name="MP_SEL_009434.jpg" width="1920" height="1080">
    <box label="tree_trunk" occluded="1" xtl="0.00" ytl="0.00" xbr="108.80" ybr="487.69" z_order="1">
    </box>
  </image>
  <image id="34" name="MP_SEL_009437.jpg" width="1920" height="1080">
    <box label="motorcycle" occluded="0" xtl="379.79" ytl="391.95" xbr="656.80" ybr="745.70" z_order="0">
    </box>
  </image>
  <image id="35" name="MP_SEL_009438.jpg" width="1920" height="1080">
    <box label="bench" occluded="0" xtl="324.87" ytl="530.80" xbr="445.44" ybr="572.61" z_order="1">
    </box>
    <box label="tree_trunk" occluded="0" xtl="1506.94" ytl="295.76" xbr="1539.30" ybr="566.72" z_order="6">
    </box>
    <box label="bench" occluded="1" xtl="473.52" ytl="502.43" xbr="571.90" ybr="594.90" z_order="0">
    </box>
    <box label="tree_trunk" occluded="0" xtl="426.29" ytl="451.87" xbr="482.77" ybr="618.12" z_order="8">
    </box>
    <box label="tree_trunk" occluded="0" xtl="154.70" ytl="405.54" xbr="200.39" ybr="672.69" z_order="7">
    </box>
    <box label="tree_trunk" occluded="0" xtl="1624.32" ytl="435.59" xbr="1660.87" ybr="644.24" z_order="4">
    </box>
    <box label="tree_trunk" occluded="0" xtl="639.46" ytl="472.27" xbr="664.58" ybr="545.42" z_order="9">
    </box>
    <box label="movable_signage" occluded="0" xtl="1229.88" ytl="415.04" xbr="1291.56" ybr="542.96" z_order="3">
    </box>
    <box label="bench" occluded="1" xtl="0.00" ytl="569.00" xbr="272.40" ybr="638.17" z_order="2">
    </box>
    <box label="tree_trunk" occluded="0" xtl="754.47" ytl="460.81" xbr="776.95" ybr="542.34" z_order="10">
    </box>
  </image>
  <image id="36" name="MP_SEL_009439.jpg" width="1920" height="1080">
    <box label="tree_trunk" occluded="0" xtl="1215.50" ytl="494.60" xbr="1239.90" ybr="668.44" z_order="2">
    </box>
    <box label="tree_trunk" occluded="0" xtl="189.35" ytl="483.60" xbr="212.30" ybr="707.40" z_order="1">
    </box>
    <box label="tree_trunk" occluded="1" xtl="1796.30" ytl="456.20" xbr="1851.24" ybr="808.55" z_order="4">
    </box>
    <box label="tree_trunk" occluded="1" xtl="1453.71" ytl="421.60" xbr="1508.91" ybr="722.38" z_order="3">
    </box>
  </image>
  <image id="37" name="MP_SEL_009440.jpg" width="1920" height="1080">
    <box label="tree_trunk" occluded="1" xtl="428.20" ytl="0.00" xbr="471.00" ybr="553.90" z_order="2">
    </box>
    <box label="tree_trunk" occluded="1" xtl="1261.40" ytl="131.60" xbr="1316.20" ybr="552.17" z_order="6">
    </box>
    <box label="tree_trunk" occluded="1" xtl="1510.71" ytl="0.00" xbr="1618.61" ybr="790.60" z_order="7">
    </box>
    <box label="tree_trunk" occluded="1" xtl="772.34" ytl="237.50" xbr="838.30" ybr="646.70" z_order="4">
    </box>
    <box label="tree_trunk" occluded="1" xtl="580.50" ytl="217.10" xbr="666.00" ybr="732.60" z_order="3">
    </box>
    <box label="tree_trunk" occluded="1" xtl="230.34" ytl="255.01" xbr="280.78" ybr="616.86" z_order="8">
    </box>
    <box label="tree_trunk" occluded="1" xtl="1357.90" ytl="254.40" xbr="1407.23" ybr="643.40" z_order="5">
    </box>
  </image>
  <image id="38" name="MP_SEL_009441.jpg" width="1920" height="1080">
    <box label="tree_trunk" occluded="1" xtl="1621.58" ytl="0.00" xbr="1687.07" ybr="412.80" z_order="7">
    </box>
    <box label="tree_trunk" occluded="1" xtl="1246.63" ytl="0.00" xbr="1292.68" ybr="546.00" z_order="5">
    </box>
    <box label="tree_trunk" occluded="1" xtl="1112.60" ytl="33.40" xbr="1182.16" ybr="399.10" z_order="6">
    </box>
    <box label="tree_trunk" occluded="1" xtl="1464.85" ytl="0.00" xbr="1548.53" ybr="594.00" z_order="4">
    </box>
    <box label="tree_trunk" occluded="1" xtl="117.07" ytl="318.61" xbr="183.95" ybr="685.90" z_order="2">
    </box>
    <box label="tree_trunk" occluded="1" xtl="433.80" ytl="0.00" xbr="515.88" ybr="712.30" z_order="3">
    </box>
  </image>
  <image id="39" name="MP_SEL_009442.jpg" width="1920" height="1080">
    <box label="tree_trunk" occluded="1" xtl="476.10" ytl="0.00" xbr="584.25" ybr="656.72" z_order="6">
    </box>
    <box label="tree_trunk" occluded="1" xtl="0.00" ytl="0.00" xbr="142.13" ybr="1033.00" z_order="7">
    </box>
    <box label="tree_trunk" occluded="1" xtl="270.50" ytl="0.00" xbr="363.45" ybr="480.96" z_order="8">
    </box>
    <box label="bench" occluded="1" xtl="1419.58" ytl="345.82" xbr="1558.47" ybr="428.97" z_order="1">
    </box>
    <box label="tree_trunk" occluded="1" xtl="9.60" ytl="0.00" xbr="136.11" ybr="478.13" z_order="9">
    </box>
    <box label="bench" occluded="1" xtl="1459.92" ytl="396.07" xbr="1718.82" ybr="456.23" z_order="2">
    </box>
    <box label="tree_trunk" occluded="1" xtl="1308.50" ytl="0.00" xbr="1403.00" ybr="668.10" z_order="4">
    </box>
    <box label="tree_trunk" occluded="1" xtl="1724.28" ytl="0.00" xbr="1850.59" ybr="953.73" z_order="3">
    </box>
    <box label="tree_trunk" occluded="1" xtl="667.20" ytl="4.70" xbr="732.67" ybr="525.67" z_order="5">
    </box>
  </image>
  <image id="40" name="MP_SEL_009443.jpg" width="1920" height="1080">
    <box label="tree_trunk" occluded="1" xtl="1303.06" ytl="0.00" xbr="1351.30" ybr="541.30" z_order="5">
    </box>
    <box label="tree_trunk" occluded="1" xtl="1467.54" ytl="11.69" xbr="1532.23" ybr="638.90" z_order="6">
    </box>
    <box label="tree_trunk" occluded="1" xtl="426.94" ytl="0.00" xbr="521.24" ybr="682.76" z_order="3">
    </box>
    <box label="bicycle" occluded="1" xtl="1796.01" ytl="253.84" xbr="1887.24" ybr="332.40" z_order="0">
    </box>
    <box label="movable_signage" occluded="1" xtl="1169.42" ytl="251.78" xbr="1243.29" ybr="436.05" z_order="8">
    </box>
    <box label="tree_trunk" occluded="1" xtl="640.76" ytl="114.76" xbr="684.62" ybr="552.30" z_order="4">
    </box>
    <box label="tree_trunk" occluded="0" xtl="90.88" ytl="329.73" xbr="146.62" ybr="556.35" z_order="2">
    </box>
    <box label="bench" occluded="1" xtl="0.00" ytl="574.17" xbr="104.13" ybr="730.42" z_order="1">
    </box>
    <box label="tree_trunk" occluded="1" xtl="1635.30" ytl="259.50" xbr="1679.16" ybr="544.60" z_order="7">
    </box>
  </image>
  <image id="41" name="MP_SEL_009444.jpg" width="1920" height="1080">
    <box label="tree_trunk" occluded="1" xtl="518.70" ytl="0.00" xbr="612.10" ybr="494.50" z_order="1">
    </box>
    <box label="tree_trunk" occluded="1" xtl="1306.90" ytl="0.00" xbr="1370.10" ybr="395.80" z_order="2">
    </box>
  </image>
  <image id="42" name="MP_SEL_009445.jpg" width="1920" height="1080">
    <box label="bollard" occluded="1" xtl="781.26" ytl="291.38" xbr="830.12" ybr="441.14" z_order="2">
    </box>
    <box label="bollard" occluded="0" xtl="443.00" ytl="291.40" xbr="498.89" ybr="444.31" z_order="1">
    </box>
  </image>
  <image id="43" name="MP_SEL_009446.jpg" width="1920" height="1080">
    <box label="tree_trunk" occluded="1" xtl="1003.73" ytl="86.12" xbr="1061.30" ybr="452.00" z_order="5">
    </box>
    <box label="pole" occluded="1" xtl="1718.64" ytl="0.00" xbr="1758.11" ybr="417.73" z_order="10">
    </box>
    <box label="tree_trunk" occluded="1" xtl="1347.30" ytl="198.52" xbr="1376.54" ybr="441.20" z_order="9">
    </box>
    <box label="tree_trunk" occluded="0" xtl="1636.96" ytl="24.90" xbr="1689.96" ybr="460.77" z_order="6">
    </box>
    <box label="tree_trunk" occluded="1" xtl="345.95" ytl="0.00" xbr="414.38" ybr="494.00" z_order="2">
    </box>
    <box label="tree_trunk" occluded="1" xtl="1597.67" ytl="235.07" xbr="1628.74" ybr="437.10" z_order="7">
    </box>
    <box label="tree_trunk" occluded="1" xtl="1462.44" ytl="111.71" xbr="1499.90" ybr="442.90" z_order="8">
    </box>
    <box label="tree_trunk" occluded="1" xtl="935.20" ytl="116.28" xbr="969.92" ybr="456.10" z_order="4">
    </box>
    <box label="tree_trunk" occluded="1" xtl="127.50" ytl="0.00" xbr="228.84" ybr="534.80" z_order="1">
    </box>
    <box label="tree_trunk" occluded="1" xtl="481.97" ytl="0.00" xbr="544.10" ybr="472.30" z_order="3">
    </box>
  </image>
  <image id="44" name="MP_SEL_009447.jpg" width="1920" height="1080">
    <box label="tree_trunk" occluded="0" xtl="765.15" ytl="372.51" xbr="814.32" ybr="701.96" z_order="2">
    </box>
    <box label="tree_trunk" occluded="0" xtl="863.50" ytl="446.54" xbr="897.87" ybr="595.67" z_order="1">
    </box>
    <box label="tree_trunk" occluded="1" xtl="380.75" ytl="0.00" xbr="547.49" ybr="1080.00" z_order="3">
    </box>
    <box label="movable_signage" occluded="1" xtl="1813.00" ytl="0.00" xbr="1920.00" ybr="897.60" z_order="4">
    </box>
  </image>
  <image id="45" name="MP_SEL_009448.jpg" width="1920" height="1080">
    <box label="bollard" occluded="0" xtl="914.00" ytl="404.86" xbr="927.96" ybr="457.00" z_order="18">
    </box>
    <box label="pole" occluded="1" xtl="821.49" ytl="0.00" xbr="862.11" ybr="447.68" z_order="4">
    </box>
    <box label="traffic_light" occluded="0" xtl="1876.47" ytl="250.96" xbr="1892.80" ybr="291.60" z_order="0">
    </box>
    <box label="traffic_light" occluded="0" xtl="1208.00" ytl="62.70" xbr="1275.80" ybr="87.00" z_order="6">
    </box>
    <box label="bollard" occluded="0" xtl="951.96" ytl="407.11" xbr="966.35" ybr="460.35" z_order="19">
    </box>
    <box label="tree_trunk" occluded="0" xtl="1037.31" ytl="281.02" xbr="1067.01" ybr="548.29" z_order="2">
    </box>
    <box label="traffic_light" occluded="0" xtl="1494.11" ytl="264.04" xbr="1512.09" ybr="306.11" z_order="17">
    </box>
    <box label="tree_trunk" occluded="0" xtl="1246.76" ytl="229.63" xbr="1359.92" ybr="834.91" z_order="1">
    </box>
    <box label="pole" occluded="1" xtl="781.50" ytl="0.00" xbr="831.65" ybr="445.14" z_order="3">
    </box>
    <box label="traffic_light" occluded="0" xtl="1098.59" ytl="205.32" xbr="1132.01" ybr="218.54" z_order="9">
    </box>
    <box label="traffic_sign" occluded="1" xtl="1153.90" ytl="33.70" xbr="1211.00" ybr="106.20" z_order="5">
    </box>
    <box label="traffic_light" occluded="0" xtl="832.78" ytl="251.14" xbr="860.50" ybr="298.30" z_order="13">
    </box>
    <box label="traffic_sign" occluded="0" xtl="1781.87" ytl="76.23" xbr="1810.42" ybr="138.10" z_order="8">
    </box>
    <box label="bollard" occluded="1" xtl="976.29" ytl="409.86" xbr="988.80" ybr="463.11" z_order="20">
    </box>
    <box label="traffic_light" occluded="0" xtl="1731.63" ytl="107.96" xbr="1773.41" ybr="133.87" z_order="7">
    </box>
  </image>
  <image id="46" name="MP_SEL_009449.jpg" width="1920" height="1080">
    <box label="bench" occluded="1" xtl="212.26" ytl="564.08" xbr="434.10" ybr="685.40" z_order="0">
    </box>
    <box label="bench" occluded="0" xtl="685.15" ytl="556.08" xbr="841.10" ybr="666.40" z_order="0">
    </box>
    <box label="movable_signage" occluded="1" xtl="502.50" ytl="297.41" xbr="618.63" ybr="631.82" z_order="6">
    </box>
    <box label="bicycle" occluded="1" xtl="728.78" ytl="449.22" xbr="805.02" ybr="579.66" z_order="4">
    </box>
    <box label="movable_signage" occluded="1" xtl="716.98" ytl="351.98" xbr="796.30" ybr="558.22" z_order="5">
    </box>
    <box label="bench" occluded="0" xtl="283.77" ytl="590.50" xbr="660.70" ybr="683.00" z_order="0">
    </box>
    <box label="carrier" occluded="1" xtl="1085.68" ytl="467.51" xbr="1174.69" ybr="588.69" z_order="8">
    </box>
    <box label="pole" occluded="1" xtl="193.90" ytl="0.00" xbr="301.40" ybr="755.60" z_order="7">
    </box>
    <box label="bench" occluded="0" xtl="864.08" ytl="509.83" xbr="944.60" ybr="569.00" z_order="0">
    </box>
  </image>
  <image id="47" name="MP_SEL_009450.jpg" width="1920" height="1080">
    <box label="tree_trunk" occluded="0" xtl="322.30" ytl="355.50" xbr="369.20" ybr="493.80" z_order="3">
    </box>
    <box label="bollard" occluded="0" xtl="828.79" ytl="405.31" xbr="852.66" ybr="487.20" z_order="5">
    </box>
    <box label="traffic_sign" occluded="1" xtl="1528.83" ytl="267.37" xbr="1579.51" ybr="350.55" z_order="9">
    </box>
    <box label="bollard" occluded="0" xtl="1123.67" ytl="390.26" xbr="1146.44" ybr="472.88" z_order="7">
    </box>
    <box label="bollard" occluded="0" xtl="655.10" ytl="410.45" xbr="680.80" ybr="492.71" z_order="4">
    </box>
    <box label="movable_signage" occluded="1" xtl="0.00" ytl="555.83" xbr="195.95" ybr="1080.00" z_order="1">
    </box>
    <box label="bollard" occluded="0" xtl="972.38" ytl="400.17" xbr="995.88" ybr="479.12" z_order="6">
    </box>
    <box label="traffic_sign" occluded="1" xtl="1546.50" ytl="154.60" xbr="1573.80" ybr="230.80" z_order="8">
    </box>
  </image>
  <image id="48" name="MP_SEL_009451.jpg" width="1920" height="1080">
    <box label="tree_trunk" occluded="1" xtl="110.24" ytl="0.00" xbr="260.24" ybr="1080.00" z_order="4">
    </box>
    <box label="tree_trunk" occluded="1" xtl="788.52" ytl="383.94" xbr="826.59" ybr="683.24" z_order="3">
    </box>
    <box label="car" occluded="0" xtl="841.70" ytl="459.94" xbr="881.20" ybr="491.40" z_order="0">
    </box>
    <box label="car" occluded="0" xtl="700.00" ytl="440.36" xbr="800.30" ybr="519.60" z_order="0">
    </box>
    <box label="movable_signage" occluded="0" xtl="440.00" ytl="528.40" xbr="615.70" ybr="916.36" z_order="1">
    </box>
  </image>
  <image id="49" name="MP_SEL_009452.jpg" width="1920" height="1080">
    <box label="bollard" occluded="0" xtl="1022.00" ytl="244.71" xbr="1040.95" ybr="321.39" z_order="4">
    </box>
    <box label="bollard" occluded="1" xtl="1803.90" ytl="943.00" xbr="1920.00" ybr="1080.00" z_order="1">
    </box>
    <box label="bollard" occluded="0" xtl="785.40" ytl="246.27" xbr="804.68" ybr="322.01" z_order="14">
    </box>
    <box label="movable_signage" occluded="0" xtl="1050.33" ytl="225.72" xbr="1112.73" ybr="378.54" z_order="10">
    </box>
    <box label="bollard" occluded="0" xtl="905.22" ytl="286.13" xbr="927.70" ybr="370.30" z_order="3">
    </box>
    <box label="bollard" occluded="1" xtl="905.60" ytl="249.40" xbr="924.91" ybr="321.80" z_order="6">
    </box>
    <box label="bollard" occluded="0" xtl="1236.12" ytl="273.73" xbr="1259.38" ybr="360.33" z_order="7">
    </box>
    <box label="tree_trunk" occluded="0" xtl="1631.35" ytl="128.82" xbr="1667.93" ybr="340.78" z_order="13">
    </box>
    <box label="bollard" occluded="0" xtl="752.26" ytl="281.40" xbr="773.20" ybr="367.15" z_order="2">
    </box>
    <box label="movable_signage" occluded="0" xtl="91.12" ytl="234.57" xbr="157.01" ybr="367.34" z_order="8">
    </box>
    <box label="bollard" occluded="0" xtl="1135.69" ytl="248.68" xbr="1156.40" ybr="321.39" z_order="5">
    </box>
  </image>
  <image id="50" name="MP_SEL_009453.jpg" width="1920" height="1080">
    <box label="bollard" occluded="0" xtl="527.20" ytl="649.72" xbr="625.43" ybr="976.39" z_order="4">
    </box>
    <box label="bollard" occluded="1" xtl="66.51" ytl="870.55" xbr="208.14" ybr="1080.00" z_order="3">
    </box>
    <box label="tree_trunk" occluded="0" xtl="1024.22" ytl="306.10" xbr="1040.30" ybr="450.30" z_order="6">
    </box>
    <box label="traffic_sign" occluded="1" xtl="1023.20" ytl="249.20" xbr="1061.66" ybr="290.70" z_order="5">
    </box>
    <box label="tree_trunk" occluded="0" xtl="702.90" ytl="183.10" xbr="808.20" ybr="677.61" z_order="1">
    </box>
    <box label="tree_trunk" occluded="0" xtl="957.62" ytl="344.79" xbr="981.86" ybr="514.00" z_order="2">
    </box>
  </image>
  <image id="51" name="MP_SEL_009454.jpg" width="1920" height="1080">
    <box label="tree_trunk" occluded="0" xtl="1184.22" ytl="292.14" xbr="1216.48" ybr="590.91" z_order="5">
    </box>
    <box label="pole" occluded="1" xtl="1611.20" ytl="0.70" xbr="1686.70" ybr="939.42" z_order="3">
    </box>
    <box label="traffic_sign" occluded="1" xtl="1500.76" ytl="0.00" xbr="1749.67" ybr="107.20" z_order="2">
    </box>
    <box label="tree_trunk" occluded="0" xtl="1358.09" ytl="192.85" xbr="1439.41" ybr="779.49" z_order="4">
    </box>
    <box label="movable_signage" occluded="0" xtl="1741.26" ytl="383.99" xbr="1783.03" ybr="464.89" z_order="1">
    </box>
  </image>
  <image id="52" name="MP_SEL_009455.jpg" width="1920" height="1080">
    <box label="tree_trunk" occluded="1" xtl="909.93" ytl="183.26" xbr="944.83" ybr="487.84" z_order="1">
    </box>
  </image>
  <image id="53" name="MP_SEL_009456.jpg" width="1920" height="1080">
    <box label="pole" occluded="1" xtl="0.00" ytl="0.00" xbr="46.30" ybr="531.00" z_order="3">
    </box>
    <box label="tree_trunk" occluded="1" xtl="1583.30" ytl="0.00" xbr="1725.69" ybr="901.10" z_order="2">
    </box>
    <box label="tree_trunk" occluded="1" xtl="1198.12" ytl="0.00" xbr="1241.98" ybr="614.20" z_order="1">
    </box>
  </image>
  <image id="54" name="MP_SEL_009457.jpg" width="1920" height="1080">
    <box label="tree_trunk" occluded="1" xtl="1824.60" ytl="0.00" xbr="1920.00" ybr="631.60" z_order="1">
    </box>
  </image>
  <image id="55" name="MP_SEL_009459.jpg" width="1920" height="1080">
    <box label="car" occluded="0" xtl="1075.94" ytl="461.12" xbr="1147.33" ybr="532.95" z_order="1">
    </box>
    <box label="car" occluded="0" xtl="1339.85" ytl="482.37" xbr="1920.00" ybr="845.40" z_order="0">
    </box>
    <box label="car" occluded="1" xtl="1367.02" ytl="459.00" xbr="1639.40" ybr="550.10" z_order="0">
    </box>
    <box label="car" occluded="1" xtl="822.00" ytl="480.00" xbr="990.50" ybr="609.30" z_order="0">
    </box>
    <box label="car" occluded="1" xtl="0.00" ytl="477.74" xbr="455.20" ybr="1080.00" z_order="0">
    </box>
    <box label="car" occluded="1" xtl="332.89" ytl="471.05" xbr="795.40" ybr="828.30" z_order="0">
    </box>
    <box label="car" occluded="1" xtl="702.00" ytl="505.15" xbr="925.20" ybr="676.50" z_order="0">
    </box>
    <box label="car" occluded="0" xtl="1175.76" ytl="468.59" xbr="1258.50" ybr="536.50" z_order="0">
    </box>
    <box label="bus" occluded="1" xtl="1562.80" ytl="276.86" xbr="1920.00" ybr="623.30" z_order="0">
    </box>
  </image>
  <image id="56" name="MP_SEL_009460.jpg" width="1920" height="1080">
    <box label="car" occluded="1" xtl="1110.90" ytl="485.65" xbr="1208.50" ybr="561.60" z_order="0">
    </box>
    <box label="car" occluded="0" xtl="923.71" ytl="491.10" xbr="1166.60" ybr="594.60" z_order="0">
    </box>
    <box label="truck" occluded="1" xtl="0.00" ytl="146.05" xbr="783.90" ybr="889.50" z_order="0">
    </box>
    <box label="car" occluded="1" xtl="883.90" ytl="500.06" xbr="932.06" ybr="537.10" z_order="0">
    </box>
    <box label="car" occluded="0" xtl="790.70" ytl="471.77" xbr="894.80" ybr="557.60" z_order="0">
    </box>
  </image>
  <image id="57" name="MP_SEL_009461.jpg" width="1920" height="1080">
    <box label="car" occluded="0" xtl="1083.14" ytl="502.20" xbr="1154.60" ybr="556.80" z_order="0">
    </box>
    <box label="car" occluded="0" xtl="1010.96" ytl="509.25" xbr="1042.10" ybr="535.10" z_order="0">
    </box>
    <box label="car" occluded="1" xtl="959.74" ytl="501.10" xbr="996.70" ybr="537.80" z_order="0">
    </box>
    <box label="car" occluded="0" xtl="236.26" ytl="512.35" xbr="725.00" ybr="824.00" z_order="0">
    </box>
    <box label="movable_signage" occluded="0" xtl="835.00" ytl="478.90" xbr="880.37" ybr="593.39" z_order="2">
    </box>
    <box label="movable_signage" occluded="0" xtl="874.91" ytl="476.92" xbr="913.84" ybr="593.33" z_order="3">
    </box>
    <box label="car" occluded="1" xtl="1379.09" ytl="462.12" xbr="1920.00" ybr="764.80" z_order="0">
    </box>
    <box label="car" occluded="1" xtl="837.60" ytl="506.70" xbr="952.80" ybr="551.50" z_order="0">
    </box>
    <box label="car" occluded="1" xtl="1063.13" ytl="500.03" xbr="1110.57" ybr="543.49" z_order="1">
    </box>
    <box label="car" occluded="1" xtl="633.18" ytl="484.83" xbr="839.90" ybr="664.50" z_order="0">
    </box>
  </image>
  <image id="58" name="MP_SEL_009462.jpg" width="1920" height="1080">
    <box label="car" occluded="1" xtl="268.88" ytl="536.47" xbr="346.10" ybr="572.80" z_order="0">
    </box>
    <box label="stop" occluded="1" xtl="218.74" ytl="507.46" xbr="298.06" ybr="566.70" z_order="1">
    </box>
    <box label="bus" occluded="1" xtl="508.06" ytl="503.47" xbr="600.20" ybr="551.60" z_order="2">
    </box>
    <box label="car" occluded="1" xtl="13.18" ytl="535.69" xbr="125.20" ybr="580.80" z_order="0">
    </box>
  </image>
  <image id="59" name="MP_SEL_009463.jpg" width="1920" height="1080">
    <box label="bollard" occluded="0" xtl="747.41" ytl="571.52" xbr="771.28" ybr="633.94" z_order="14">
    </box>
    <box label="car" occluded="0" xtl="1305.00" ytl="525.37" xbr="1385.60" ybr="600.30" z_order="0">
    </box>
    <box label="car" occluded="1" xtl="596.20" ytl="509.80" xbr="808.82" ybr="591.75" z_order="4">
    </box>
    <box label="bollard" occluded="0" xtl="620.42" ytl="601.81" xbr="656.53" ybr="681.99" z_order="11">
    </box>
    <box label="bollard" occluded="0" xtl="704.57" ytl="586.51" xbr="729.05" ybr="648.63" z_order="13">
    </box>
    <box label="car" occluded="1" xtl="432.47" ytl="497.89" xbr="718.30" ybr="620.30" z_order="0">
    </box>
    <box label="car" occluded="1" xtl="240.02" ytl="498.00" xbr="606.00" ybr="662.00" z_order="0">
    </box>
    <box label="traffic_sign" occluded="0" xtl="1260.50" ytl="301.90" xbr="1312.10" ybr="348.60" z_order="7">
    </box>
    <box label="bollard" occluded="0" xtl="473.73" ytl="621.00" xbr="502.81" ybr="725.43" z_order="8">
    </box>
    <box label="bollard" occluded="1" xtl="374.58" ytl="637.30" xbr="394.41" ybr="743.06" z_order="9">
    </box>
    <box label="bollard" occluded="0" xtl="792.40" ytl="569.68" xbr="811.07" ybr="616.50" z_order="16">
    </box>
    <box label="bollard" occluded="0" xtl="806.20" ytl="565.70" xbr="830.65" ybr="611.60" z_order="17">
    </box>
    <box label="car" occluded="1" xtl="361.24" ytl="509.00" xbr="681.20" ybr="636.30" z_order="0">
    </box>
    <box label="bus" occluded="1" xtl="1090.54" ytl="542.79" xbr="1142.50" ybr="584.20" z_order="18">
    </box>
    <box label="stop" occluded="0" xtl="1146.50" ytl="418.08" xbr="1329.25" ybr="661.75" z_order="5">
    </box>
    <box label="car" occluded="1" xtl="0.00" ytl="496.68" xbr="459.67" ybr="722.47" z_order="1">
    </box>
    <box label="bollard" occluded="0" xtl="545.99" ytl="615.27" xbr="602.84" ybr="701.20" z_order="10">
    </box>
    <box label="car" occluded="1" xtl="0.00" ytl="453.59" xbr="308.70" ybr="785.40" z_order="0">
    </box>
    <box label="bollard" occluded="0" xtl="662.65" ytl="591.41" xbr="692.03" ybr="659.34" z_order="12">
    </box>
    <box label="car" occluded="1" xtl="523.30" ytl="515.30" xbr="752.82" ybr="609.21" z_order="0">
    </box>
    <box label="car" occluded="0" xtl="930.62" ytl="529.19" xbr="1027.10" ybr="582.30" z_order="0">
    </box>
    <box label="bollard" occluded="0" xtl="775.26" ytl="573.35" xbr="793.32" ybr="623.23" z_order="15">
    </box>
    <box label="bus" occluded="1" xtl="595.19" ytl="466.96" xbr="862.76" ybr="590.70" z_order="3">
    </box>
    <box label="car" occluded="1" xtl="519.41" ytl="493.80" xbr="758.60" ybr="595.40" z_order="0">
    </box>
  </image>
  <image id="60" name="MP_SEL_009464.jpg" width="1920" height="1080">
    <box label="car" occluded="0" xtl="622.70" ytl="472.77" xbr="657.80" ybr="500.60" z_order="0">
    </box>
    <box label="bus" occluded="1" xtl="1814.12" ytl="435.53" xbr="1920.00" ybr="604.20" z_order="0">
    </box>
    <box label="bollard" occluded="0" xtl="1069.54" ytl="538.68" xbr="1079.40" ybr="576.78" z_order="20">
    </box>
    <box label="bollard" occluded="0" xtl="1149.97" ytl="542.72" xbr="1159.83" ybr="580.82" z_order="21">
    </box>
    <box label="bollard" occluded="0" xtl="1225.70" ytl="542.20" xbr="1242.92" ybr="580.30" z_order="10">
    </box>
    <box label="traffic_light" occluded="0" xtl="633.03" ytl="338.40" xbr="694.28" ybr="353.40" z_order="13">
    </box>
    <box label="traffic_sign" occluded="0" xtl="779.58" ytl="344.78" xbr="798.97" ybr="382.77" z_order="19">
    </box>
    <box label="traffic_light" occluded="0" xtl="1390.00" ytl="288.90" xbr="1432.30" ybr="330.29" z_order="12">
    </box>
    <box label="bollard" occluded="0" xtl="870.52" ytl="527.68" xbr="880.38" ybr="565.01" z_order="24">
    </box>
    <box label="bollard" occluded="0" xtl="999.04" ytl="536.47" xbr="1008.90" ybr="573.80" z_order="22">
    </box>
    <box label="bollard" occluded="0" xtl="934.04" ytl="531.35" xbr="943.90" ybr="568.68" z_order="23">
    </box>
    <box label="traffic_light" occluded="0" xtl="444.02" ytl="354.75" xbr="491.39" ybr="367.97" z_order="14">
    </box>
    <box label="traffic_light" occluded="0" xtl="1331.33" ytl="421.14" xbr="1349.00" ybr="471.90" z_order="11">
    </box>
    <box label="car" occluded="0" xtl="512.80" ytl="475.40" xbr="595.50" ybr="530.50" z_order="0">
    </box>
  </image>
  <image id="61" name="MP_SEL_009465.jpg" width="1920" height="1080">
    <box label="tree_trunk" occluded="0" xtl="1627.55" ytl="290.35" xbr="1668.67" ybr="736.27" z_order="4">
    </box>
    <box label="pole" occluded="1" xtl="1434.20" ytl="0.00" xbr="1475.19" ybr="685.10" z_order="5">
    </box>
    <box label="tree_trunk" occluded="0" xtl="30.84" ytl="538.62" xbr="85.10" ybr="748.80" z_order="1">
    </box>
    <box label="tree_trunk" occluded="0" xtl="391.90" ytl="512.78" xbr="440.50" ybr="638.90" z_order="3">
    </box>
    <box label="tree_trunk" occluded="0" xtl="79.27" ytl="493.85" xbr="122.22" ybr="725.94" z_order="2">
    </box>
  </image>
  <image id="62" name="MP_SEL_009466.jpg" width="1920" height="1080">
    <box label="tree_trunk" occluded="0" xtl="733.00" ytl="541.15" xbr="763.67" ybr="700.85" z_order="2">
    </box>
    <box label="tree_trunk" occluded="0" xtl="1366.26" ytl="539.76" xbr="1402.05" ybr="715.66" z_order="3">
    </box>
    <box label="tree_trunk" occluded="0" xtl="1555.11" ytl="517.68" xbr="1634.30" ybr="803.99" z_order="4">
    </box>
    <box label="tree_trunk" occluded="0" xtl="1245.64" ytl="572.04" xbr="1272.08" ybr="682.20" z_order="5">
    </box>
    <box label="tree_trunk" occluded="0" xtl="661.37" ytl="545.93" xbr="700.97" ybr="769.04" z_order="1">
    </box>
    <box label="tree_trunk" occluded="0" xtl="70.05" ytl="501.61" xbr="96.07" ybr="683.73" z_order="6">
    </box>
  </image>
  <image id="63" name="MP_SEL_009467.jpg" width="1920" height="1080">
    <box label="tree_trunk" occluded="0" xtl="140.70" ytl="476.88" xbr="252.53" ybr="962.40" z_order="1">
    </box>
    <box label="bench" occluded="0" xtl="1179.10" ytl="524.17" xbr="1274.80" ybr="593.20" z_order="0">
    </box>
    <box label="bench" occluded="0" xtl="1532.54" ytl="626.44" xbr="1903.30" ybr="859.40" z_order="0">
    </box>
    <box label="tree_trunk" occluded="0" xtl="573.07" ytl="383.28" xbr="607.79" ybr="661.07" z_order="2">
    </box>
  </image>
  <image id="64" name="MP_SEL_009468.jpg" width="1920" height="1080">
    <box label="tree_trunk" occluded="0" xtl="1321.34" ytl="552.51" xbr="1370.83" ybr="786.02" z_order="6">
    </box>
    <box label="tree_trunk" occluded="0" xtl="1197.60" ytl="472.55" xbr="1231.23" ybr="699.09" z_order="7">
    </box>
    <box label="bench" occluded="0" xtl="176.67" ytl="712.04" xbr="462.40" ybr="893.00" z_order="0">
    </box>
    <box label="tree_trunk" occluded="0" xtl="308.74" ytl="570.98" xbr="337.82" ybr="668.37" z_order="5">
    </box>
    <box label="tree_trunk" occluded="0" xtl="529.66" ytl="599.40" xbr="565.83" ybr="766.92" z_order="4">
    </box>
  </image>
  <image id="65" name="MP_SEL_009469.jpg" width="1920" height="1080">
    <box label="tree_trunk" occluded="0" xtl="1162.06" ytl="435.28" xbr="1193.79" ybr="694.39" z_order="3">
    </box>
    <box label="pole" occluded="1" xtl="1098.67" ytl="0.00" xbr="1145.90" ybr="632.60" z_order="1">
    </box>
  </image>
  <image id="66" name="MP_SEL_009470.jpg" width="1920" height="1080">
    <box label="bollard" occluded="0" xtl="727.23" ytl="586.31" xbr="747.86" ybr="680.96" z_order="3">
    </box>
    <box label="bollard" occluded="0" xtl="1418.37" ytl="588.42" xbr="1440.05" ybr="688.89" z_order="6">
    </box>
    <box label="tree_trunk" occluded="1" xtl="1813.64" ytl="534.98" xbr="1851.40" ybr="667.50" z_order="7">
    </box>
    <box label="bollard" occluded="0" xtl="508.31" ytl="578.38" xbr="534.75" ybr="675.15" z_order="2">
    </box>
    <box label="bollard" occluded="0" xtl="1159.79" ytl="592.10" xbr="1179.40" ybr="687.84" z_order="5">
    </box>
    <box label="bollard" occluded="0" xtl="920.80" ytl="587.89" xbr="945.62" ybr="684.70" z_order="4">
    </box>
  </image>
  <image id="67" name="MP_SEL_009471.jpg" width="1920" height="1080">
    <box label="pole" occluded="1" xtl="1727.40" ytl="1.80" xbr="1782.80" ybr="549.80" z_order="17">
    </box>
    <box label="traffic_light" occluded="0" xtl="333.15" ytl="147.49" xbr="406.60" ybr="174.66" z_order="15">
    </box>
    <box label="bollard" occluded="0" xtl="1125.10" ytl="463.40" xbr="1146.71" ybr="545.82" z_order="6">
    </box>
    <box label="bollard" occluded="1" xtl="6.21" ytl="810.06" xbr="89.54" ybr="1080.00" z_order="1">
    </box>
    <box label="bollard" occluded="1" xtl="1727.74" ytl="808.97" xbr="1812.17" ybr="1080.00" z_order="3">
    </box>
    <box label="bollard" occluded="0" xtl="1528.30" ytl="470.46" xbr="1552.56" ybr="561.70" z_order="4">
    </box>
    <box label="bollard" occluded="1" xtl="783.64" ytl="816.64" xbr="850.53" ybr="1080.00" z_order="2">
    </box>
    <box label="bollard" occluded="0" xtl="839.74" ytl="446.84" xbr="858.61" ybr="521.56" z_order="8">
    </box>
    <box label="bollard" occluded="0" xtl="782.36" ytl="443.01" xbr="800.47" ybr="513.91" z_order="9">
    </box>
    <box label="traffic_light" occluded="0" xtl="1674.20" ytl="140.30" xbr="1726.19" ybr="242.50" z_order="18">
    </box>
    <box label="bollard" occluded="0" xtl="1296.98" ytl="467.38" xbr="1316.37" ybr="556.39" z_order="5">
    </box>
    <box label="pole" occluded="1" xtl="596.40" ytl="4.15" xbr="620.17" ybr="448.30" z_order="19">
    </box>
    <box label="bollard" occluded="0" xtl="965.60" ytl="462.50" xbr="985.50" ybr="535.00" z_order="7">
    </box>
  </image>
  <image id="68" name="MP_SEL_009472.jpg" width="1920" height="1080">
    <box label="pole" occluded="1" xtl="1721.90" ytl="0.00" xbr="1856.12" ybr="1080.00" z_order="3">
    </box>
    <box label="bollard" occluded="0" xtl="11.34" ytl="523.30" xbr="29.40" ybr="585.88" z_order="2">
    </box>
    <box label="bollard" occluded="1" xtl="197.00" ytl="945.40" xbr="280.79" ybr="1080.00" z_order="1">
    </box>
  </image>
  <image id="69" name="MP_SEL_009473.jpg" width="1920" height="1080">
    <box label="bollard" occluded="0" xtl="1120.75" ytl="434.15" xbr="1135.40" ybr="484.71" z_order="13">
    </box>
    <box label="bollard" occluded="0" xtl="1001.25" ytl="442.61" xbr="1019.61" ybr="493.17" z_order="12">
    </box>
    <box label="bollard" occluded="0" xtl="1402.91" ytl="433.33" xbr="1440.00" ybr="468.70" z_order="8">
    </box>
    <box label="movable_signage" occluded="0" xtl="1427.15" ytl="316.41" xbr="1474.74" ybr="408.95" z_order="10">
    </box>
    <box label="bollard" occluded="0" xtl="896.12" ytl="445.90" xbr="914.49" ybr="496.47" z_order="4">
    </box>
    <box label="bollard" occluded="1" xtl="867.80" ytl="769.88" xbr="940.91" ybr="1080.00" z_order="2">
    </box>
    <box label="bollard" occluded="1" xtl="1672.24" ytl="812.75" xbr="1749.91" ybr="1080.00" z_order="11">
    </box>
    <box label="bollard" occluded="0" xtl="783.33" ytl="446.73" xbr="806.83" ybr="499.25" z_order="3">
    </box>
    <box label="bollard" occluded="0" xtl="243.40" ytl="758.46" xbr="338.58" ybr="1069.14" z_order="1">
    </box>
    <box label="bollard" occluded="0" xtl="1234.71" ytl="426.21" xbr="1247.80" ybr="478.90" z_order="14">
    </box>
    <box label="bicycle" occluded="1" xtl="623.80" ytl="433.70" xbr="697.40" ybr="489.80" z_order="0">
    </box>
  </image>
  <image id="70" name="MP_SEL_009474.jpg" width="1920" height="1080">
    <box label="bollard" occluded="1" xtl="1889.76" ytl="538.72" xbr="1920.00" ybr="672.24" z_order="11">
    </box>
    <box label="tree_trunk" occluded="1" xtl="327.82" ytl="0.00" xbr="387.20" ybr="672.30" z_order="6">
    </box>
    <box label="bollard" occluded="0" xtl="1769.00" ytl="530.80" xbr="1792.37" ybr="645.36" z_order="10">
    </box>
    <box label="pole" occluded="1" xtl="1337.53" ytl="18.05" xbr="1384.10" ybr="548.00" z_order="9">
    </box>
    <box label="tree_trunk" occluded="1" xtl="0.00" ytl="0.00" xbr="85.10" ybr="741.00" z_order="7">
    </box>
    <box label="pole" occluded="1" xtl="637.80" ytl="110.80" xbr="686.00" ybr="607.80" z_order="5">
    </box>
    <box label="tree_trunk" occluded="1" xtl="159.93" ytl="173.39" xbr="236.30" ybr="693.60" z_order="8">
    </box>
  </image>
  <image id="71" name="MP_SEL_009475.jpg" width="1920" height="1080">
    <box label="bollard" occluded="0" xtl="391.43" ytl="709.72" xbr="452.35" ybr="958.73" z_order="1">
    </box>
    <box label="bollard" occluded="0" xtl="1783.40" ytl="609.21" xbr="1827.56" ybr="759.20" z_order="6">
    </box>
    <box label="bollard" occluded="0" xtl="1068.38" ytl="649.00" xbr="1115.59" ybr="833.84" z_order="3">
    </box>
    <box label="bollard" occluded="0" xtl="1328.04" ytl="629.01" xbr="1367.63" ybr="801.10" z_order="4">
    </box>
    <box label="bollard" occluded="0" xtl="774.45" ytl="673.17" xbr="824.71" ybr="883.34" z_order="2">
    </box>
    <box label="bollard" occluded="0" xtl="1559.52" ytl="616.82" xbr="1599.88" ybr="779.78" z_order="5">
    </box>
  </image>
  <image id="72" name="MP_SEL_009476.jpg" width="1920" height="1080">
    <box label="pole" occluded="1" xtl="1795.01" ytl="0.00" xbr="1920.00" ybr="1080.00" z_order="5">
    </box>
    <box label="bollard" occluded="0" xtl="611.77" ytl="713.43" xbr="663.17" ybr="931.72" z_order="2">
    </box>
    <box label="bollard" occluded="0" xtl="265.30" ytl="702.60" xbr="317.30" ybr="908.87" z_order="1">
    </box>
    <box label="bollard" occluded="0" xtl="969.66" ytl="743.89" xbr="1021.70" ybr="968.52" z_order="3">
    </box>
    <box label="bollard" occluded="0" xtl="1375.15" ytl="759.12" xbr="1445.58" ybr="1012.31" z_order="4">
    </box>
  </image>
  <image id="73" name="MP_SEL_009478.jpg" width="1920" height="1080">
    <box label="pole" occluded="1" xtl="1451.80" ytl="0.00" xbr="1486.00" ybr="671.70" z_order="2">
    </box>
  </image>
  <image id="74" name="MP_SEL_009479.jpg" width="1920" height="1080">
    <box label="bench" occluded="0" xtl="429.88" ytl="665.10" xbr="567.70" ybr="753.40" z_order="1">
    </box>
    <box label="bench" occluded="1" xtl="543.78" ytl="637.75" xbr="633.01" ybr="702.20" z_order="4">
    </box>
    <box label="bench" occluded="0" xtl="1573.00" ytl="752.36" xbr="1920.00" ybr="956.90" z_order="0">
    </box>
    <box label="bench" occluded="1" xtl="1298.00" ytl="646.09" xbr="1424.38" ybr="748.77" z_order="5">
    </box>
    <box label="bench" occluded="0" xtl="1378.46" ytl="685.55" xbr="1574.92" ybr="803.43" z_order="3">
    </box>
  </image>
  <image id="75" name="MP_SEL_009480.jpg" width="1920" height="1080">
    <box label="bench" occluded="1" xtl="1122.90" ytl="515.70" xbr="1194.20" ybr="563.50" z_order="1">
    </box>
    <box label="bench" occluded="1" xtl="1168.36" ytl="531.68" xbr="1269.30" ybr="608.80" z_order="0">
    </box>
    <box label="bench" occluded="0" xtl="1239.67" ytl="561.41" xbr="1383.30" ybr="661.50" z_order="0">
    </box>
  </image>
  <image id="76" name="MP_SEL_009482.jpg" width="1920" height="1080">
    <box label="tree_trunk" occluded="1" xtl="0.00" ytl="376.70" xbr="80.00" ybr="660.10" z_order="6">
    </box>
    <box label="tree_trunk" occluded="0" xtl="253.88" ytl="454.47" xbr="284.30" ybr="620.09" z_order="7">
    </box>
    <box label="tree_trunk" occluded="0" xtl="373.54" ytl="532.45" xbr="442.07" ybr="797.44" z_order="1">
    </box>
    <box label="tree_trunk" occluded="0" xtl="1374.92" ytl="433.47" xbr="1412.99" ybr="639.70" z_order="9">
    </box>
    <box label="tree_trunk" occluded="0" xtl="705.81" ytl="521.85" xbr="732.25" ybr="637.65" z_order="4">
    </box>
    <box label="tree_trunk" occluded="0" xtl="1819.26" ytl="473.97" xbr="1898.45" ybr="809.02" z_order="8">
    </box>
    <box label="tree_trunk" occluded="0" xtl="566.21" ytl="508.10" xbr="600.58" ybr="624.43" z_order="3">
    </box>
    <box label="tree_trunk" occluded="0" xtl="652.41" ytl="499.11" xbr="698.41" ybr="592.70" z_order="5">
    </box>
    <box label="tree_trunk" occluded="0" xtl="459.58" ytl="457.07" xbr="506.79" ybr="660.38" z_order="2">
    </box>
  </image>
  <image id="77" name="MP_SEL_009483.jpg" width="1920" height="1080">
    <box label="traffic_light" occluded="0" xtl="1638.53" ytl="329.90" xbr="1661.00" ybr="388.90" z_order="0">
    </box>
    <box label="traffic_light" occluded="0" xtl="1680.50" ytl="62.80" xbr="1714.90" ybr="114.00" z_order="7">
    </box>
    <box label="traffic_light" occluded="0" xtl="158.28" ytl="283.39" xbr="208.59" ybr="303.22" z_order="1">
    </box>
    <box label="traffic_light" occluded="0" xtl="1684.90" ytl="124.90" xbr="1713.10" ybr="168.10" z_order="8">
    </box>
    <box label="pole" occluded="0" xtl="1669.40" ytl="127.40" xbr="1693.90" ybr="510.98" z_order="9">
    </box>
  </image>
  <image id="78" name="MP_SEL_009484.jpg" width="1920" height="1080">
    <box label="pole" occluded="1" xtl="0.00" ytl="0.00" xbr="64.37" ybr="846.62" z_order="4">
    </box>
    <box label="tree_trunk" occluded="0" xtl="1275.07" ytl="320.48" xbr="1308.90" ybr="587.90" z_order="15">
    </box>
    <box label="bollard" occluded="1" xtl="239.26" ytl="632.31" xbr="263.05" ybr="733.31" z_order="5">
    </box>
    <box label="traffic_light" occluded="1" xtl="55.39" ytl="236.09" xbr="123.92" ybr="437.88" z_order="11">
    </box>
    <box label="bollard" occluded="1" xtl="341.84" ytl="615.80" xbr="362.70" ybr="711.63" z_order="6">
    </box>
    <box label="tree_trunk" occluded="1" xtl="1368.50" ytl="79.90" xbr="1430.22" ybr="603.10" z_order="13">
    </box>
    <box label="bollard" occluded="0" xtl="488.59" ytl="588.96" xbr="508.17" ybr="668.22" z_order="8">
    </box>
    <box label="bollard" occluded="0" xtl="423.81" ytl="597.10" xbr="445.20" ybr="689.10" z_order="7">
    </box>
    <box label="bollard" occluded="0" xtl="540.30" ytl="578.25" xbr="558.05" ybr="649.24" z_order="9">
    </box>
    <box label="tree_trunk" occluded="1" xtl="1752.30" ytl="0.00" xbr="1819.20" ybr="627.10" z_order="12">
    </box>
  </image>
  <image id="79" name="MP_SEL_009485.jpg" width="1920" height="1080">
    <box label="bench" occluded="1" xtl="0.00" ytl="799.58" xbr="149.36" ybr="971.67" z_order="1">
    </box>
    <box label="tree_trunk" occluded="0" xtl="1398.69" ytl="363.54" xbr="1447.55" ybr="656.70" z_order="2">
    </box>
    <box label="bench" occluded="0" xtl="112.68" ytl="716.24" xbr="371.30" ybr="848.30" z_order="0">
    </box>
  </image>
  <image id="80" name="MP_SEL_009486.jpg" width="1920" height="1080">
    <box label="tree_trunk" occluded="1" xtl="1795.61" ytl="0.00" xbr="1880.05" ybr="638.13" z_order="6">
    </box>
    <box label="tree_trunk" occluded="1" xtl="1839.47" ytl="0.00" xbr="1920.00" ybr="712.69" z_order="5">
    </box>
    <box label="pole" occluded="0" xtl="1374.10" ytl="152.08" xbr="1433.30" ybr="688.30" z_order="7">
    </box>
  </image>
  <image id="81" name="MP_SEL_009487.jpg" width="1920" height="1080">
    <box label="pole" occluded="1" xtl="365.54" ytl="0.00" xbr="464.22" ybr="777.17" z_order="3">
    </box>
    <box label="tree_trunk" occluded="0" xtl="543.34" ytl="457.60" xbr="569.99" ybr="672.34" z_order="2">
    </box>
    <box label="car" occluded="1" xtl="29.60" ytl="470.90" xbr="107.50" ybr="501.20" z_order="0">
    </box>
    <box label="potted_plant" occluded="0" xtl="1642.42" ytl="421.11" xbr="1715.93" ybr="623.64" z_order="8">
    </box>
    <box label="bicycle" occluded="1" xtl="654.08" ytl="483.20" xbr="734.00" ybr="556.00" z_order="0">
    </box>
    <box label="car" occluded="0" xtl="184.69" ytl="468.00" xbr="340.20" ybr="545.40" z_order="0">
    </box>
    <box label="bicycle" occluded="1" xtl="694.78" ytl="475.61" xbr="743.50" ybr="530.40" z_order="4">
    </box>
    <box label="bus" occluded="1" xtl="331.66" ytl="377.67" xbr="547.70" ybr="543.30" z_order="0">
    </box>
    <box label="tree_trunk" occluded="0" xtl="0.00" ytl="380.90" xbr="194.15" ybr="1004.15" z_order="1">
    </box>
  </image>
  <image id="82" name="MP_SEL_009488.jpg" width="1920" height="1080">
    <box label="pole" occluded="1" xtl="1121.20" ytl="0.00" xbr="1155.46" ybr="562.64" z_order="9">
    </box>
    <box label="traffic_sign" occluded="0" xtl="1575.67" ytl="189.16" xbr="1628.30" ybr="238.00" z_order="6">
    </box>
    <box label="traffic_sign" occluded="0" xtl="1573.45" ytl="238.40" xbr="1628.02" ybr="262.51" z_order="8">
    </box>
  </image>
  <image id="83" name="MP_SEL_009489.jpg" width="1920" height="1080">
    <box label="tree_trunk" occluded="0" xtl="1278.31" ytl="440.25" xbr="1317.66" ybr="756.26" z_order="2">
    </box>
    <box label="bench" occluded="1" xtl="0.00" ytl="755.08" xbr="193.05" ybr="928.00" z_order="3">
    </box>
    <box label="tree_trunk" occluded="0" xtl="1050.34" ytl="478.71" xbr="1074.57" ybr="628.97" z_order="1">
    </box>
    <box label="bus" occluded="1" xtl="1268.31" ytl="449.48" xbr="1377.60" ybr="509.90" z_order="0">
    </box>
  </image>
  <image id="84" name="MP_SEL_009490.jpg" width="1920" height="1080">
    <box label="tree_trunk" occluded="0" xtl="1389.70" ytl="433.14" xbr="1429.00" ybr="672.40" z_order="2">
    </box>
    <box label="car" occluded="0" xtl="1514.00" ytl="439.71" xbr="1623.50" ybr="504.70" z_order="0">
    </box>
    <box label="fire_hydrant" occluded="0" xtl="1409.10" ytl="598.30" xbr="1595.70" ybr="735.00" z_order="1">
    </box>
  </image>
  <image id="85" name="MP_SEL_009491.jpg" width="1920" height="1080">
    <box label="bollard" occluded="0" xtl="1248.90" ytl="460.00" xbr="1260.32" ybr="511.80" z_order="19">
    </box>
    <box label="person" occluded="0" xtl="929.07" ytl="408.14" xbr="949.61" ybr="474.55" z_order="14">
    </box>
    <box label="tree_trunk" occluded="0" xtl="1659.94" ytl="350.53" xbr="1731.01" ybr="669.71" z_order="3">
    </box>
    <box label="pole" occluded="1" xtl="1538.10" ytl="0.00" xbr="1593.20" ybr="614.20" z_order="13">
    </box>
    <box label="tree_trunk" occluded="0" xtl="580.32" ytl="405.38" xbr="617.78" ybr="561.37" z_order="2">
    </box>
    <box label="tree_trunk" occluded="0" xtl="151.64" ytl="399.80" xbr="255.20" ybr="686.88" z_order="1">
    </box>
    <box label="bollard" occluded="0" xtl="1327.85" ytl="471.50" xbr="1341.11" ybr="544.43" z_order="15">
    </box>
    <box label="bollard" occluded="0" xtl="1301.07" ytl="467.84" xbr="1315.06" ybr="533.36" z_order="16">
    </box>
    <box label="bollard" occluded="0" xtl="1262.68" ytl="462.55" xbr="1274.78" ybr="516.86" z_order="18">
    </box>
    <box label="bollard" occluded="0" xtl="661.10" ytl="466.41" xbr="691.90" ybr="520.90" z_order="4">
    </box>
    <box label="bollard" occluded="0" xtl="1282.60" ytl="465.21" xbr="1293.82" ybr="524.09" z_order="17">
    </box>
    <box label="car" occluded="0" xtl="1393.80" ytl="390.50" xbr="1452.40" ybr="425.70" z_order="0">
    </box>
    <box label="pole" occluded="1" xtl="497.20" ytl="0.00" xbr="597.20" ybr="641.00" z_order="20">
    </box>
  </image>
  <image id="86" name="MP_SEL_009492.jpg" width="1920" height="1080">
    <box label="bollard" occluded="0" xtl="1122.97" ytl="710.32" xbr="1183.89" ybr="979.37" z_order="3">
    </box>
    <box label="bollard" occluded="0" xtl="1581.45" ytl="697.01" xbr="1649.99" ybr="971.14" z_order="4">
    </box>
    <box label="bollard" occluded="0" xtl="177.48" ytl="735.07" xbr="249.82" ybr="1004.76" z_order="1">
    </box>
    <box label="bollard" occluded="0" xtl="657.20" ytl="719.84" xbr="719.39" ybr="987.60" z_order="2">
    </box>
    <box label="traffic_sign" occluded="0" xtl="64.91" ytl="293.40" xbr="94.40" ybr="358.40" z_order="18">
    </box>
  </image>
  <image id="87" name="MP_SEL_009493.jpg" width="1920" height="1080">
    <box label="tree_trunk" occluded="0" xtl="170.56" ytl="226.48" xbr="271.10" ybr="655.00" z_order="3">
    </box>
    <box label="pole" occluded="1" xtl="467.40" ytl="0.00" xbr="557.40" ybr="645.80" z_order="5">
    </box>
    <box label="stop" occluded="1" xtl="1326.70" ytl="0.00" xbr="1920.00" ybr="1080.00" z_order="1">
    </box>
    <box label="pole" occluded="1" xtl="1368.63" ytl="0.00" xbr="1437.30" ybr="646.50" z_order="2">
    </box>
  </image>
  <image id="88" name="MP_SEL_009494.jpg" width="1920" height="1080">
    <box label="tree_trunk" occluded="0" xtl="11.38" ytl="439.00" xbr="101.70" ybr="696.75" z_order="9">
    </box>
    <box label="car" occluded="1" xtl="1772.66" ytl="422.54" xbr="1901.19" ybr="469.17" z_order="7">
    </box>
    <box label="tree_trunk" occluded="0" xtl="733.01" ytl="405.42" xbr="764.30" ybr="564.06" z_order="13">
    </box>
    <box label="car" occluded="1" xtl="557.35" ytl="438.33" xbr="732.90" ybr="504.00" z_order="0">
    </box>
    <box label="car" occluded="1" xtl="1379.61" ytl="421.49" xbr="1701.00" ybr="536.30" z_order="0">
    </box>
    <box label="tree_trunk" occluded="0" xtl="207.48" ytl="395.29" xbr="251.98" ybr="586.98" z_order="10">
    </box>
    <box label="bench" occluded="1" xtl="1714.20" ytl="517.25" xbr="1920.00" ybr="679.60" z_order="0">
    </box>
    <box label="pole" occluded="1" xtl="293.38" ytl="177.70" xbr="309.91" ybr="525.84" z_order="15">
    </box>
    <box label="tree_trunk" occluded="1" xtl="947.68" ytl="372.93" xbr="991.09" ybr="687.41" z_order="14">
    </box>
    <box label="pole" occluded="1" xtl="309.00" ytl="179.50" xbr="331.76" ybr="525.85" z_order="1">
    </box>
    <box label="car" occluded="1" xtl="1123.55" ytl="427.96" xbr="1379.80" ybr="515.90" z_order="0">
    </box>
    <box label="bollard" occluded="0" xtl="5.50" ytl="494.80" xbr="16.17" ybr="539.38" z_order="2">
    </box>
  </image>
  <image id="89" name="MP_SEL_009495.jpg" width="1920" height="1080">
    <box label="bollard" occluded="0" xtl="516.96" ytl="571.20" xbr="535.00" ybr="640.87" z_order="7">
    </box>
    <box label="bollard" occluded="1" xtl="445.47" ytl="734.19" xbr="640.65" ybr="1080.00" z_order="1">
    </box>
    <box label="bollard" occluded="0" xtl="781.71" ytl="584.44" xbr="805.22" ybr="672.21" z_order="9">
    </box>
    <box label="pole" occluded="1" xtl="656.10" ytl="0.00" xbr="687.90" ybr="573.90" z_order="22">
    </box>
    <box label="barricade" occluded="1" xtl="0.00" ytl="619.78" xbr="692.41" ybr="1080.00" z_order="14">
    </box>
    <box label="bollard" occluded="0" xtl="636.60" ytl="576.69" xbr="654.66" ybr="654.26" z_order="8">
    </box>
    <box label="bollard" occluded="0" xtl="419.84" ytl="568.19" xbr="436.84" ybr="628.76" z_order="6">
    </box>
    <box label="traffic_sign" occluded="0" xtl="664.53" ytl="397.05" xbr="702.36" ybr="438.91" z_order="15">
    </box>
    <box label="truck" occluded="1" xtl="1767.27" ytl="484.41" xbr="1920.00" ybr="637.76" z_order="12">
    </box>
    <box label="bollard" occluded="0" xtl="1240.75" ytl="615.84" xbr="1276.88" ybr="734.38" z_order="11">
    </box>
    <box label="bollard" occluded="0" xtl="971.60" ytl="596.90" xbr="1000.20" ybr="697.90" z_order="10">
    </box>
  </image>
  <image id="90" name="MP_SEL_009496.jpg" width="1920" height="1080">
    <box label="bollard" occluded="0" xtl="0.70" ytl="559.03" xbr="25.70" ybr="643.20" z_order="3">
    </box>
    <box label="pole" occluded="1" xtl="251.55" ytl="40.60" xbr="341.56" ybr="1080.00" z_order="2">
    </box>
    <box label="motorcycle" occluded="1" xtl="315.79" ytl="535.14" xbr="439.30" ybr="669.20" z_order="0">
    </box>
    <box label="tree_trunk" occluded="0" xtl="1184.00" ytl="366.30" xbr="1265.12" ybr="735.80" z_order="14">
    </box>
    <box label="bench" occluded="1" xtl="1816.75" ytl="648.60" xbr="1920.00" ybr="737.28" z_order="20">
    </box>
    <box label="tree_trunk" occluded="0" xtl="767.43" ytl="500.09" xbr="823.91" ybr="705.69" z_order="13">
    </box>
    <box label="bollard" occluded="0" xtl="239.10" ytl="548.34" xbr="256.80" ybr="610.70" z_order="5">
    </box>
    <box label="tree_trunk" occluded="0" xtl="582.39" ytl="554.60" xbr="735.30" ybr="930.63" z_order="12">
    </box>
    <box label="person" occluded="1" xtl="353.35" ytl="491.09" xbr="435.00" ybr="643.90" z_order="0">
    </box>
    <box label="tree_trunk" occluded="0" xtl="842.70" ytl="517.39" xbr="869.00" ybr="611.20" z_order="16">
    </box>
    <box label="bollard" occluded="0" xtl="135.10" ytl="553.00" xbr="159.70" ybr="624.50" z_order="4">
    </box>
    <box label="tree_trunk" occluded="0" xtl="1074.56" ytl="464.81" xbr="1145.63" ybr="643.76" z_order="15">
    </box>
    <box label="tree_trunk" occluded="1" xtl="794.60" ytl="512.61" xbr="838.16" ybr="645.20" z_order="17">
    </box>
    <box label="traffic_sign" occluded="1" xtl="180.03" ytl="0.00" xbr="444.51" ybr="132.79" z_order="1">
    </box>
  </image>
  <image id="91" name="MP_SEL_009497.jpg" width="1920" height="1080">
    <box label="car" occluded="1" xtl="130.58" ytl="439.73" xbr="250.70" ybr="493.50" z_order="0">
    </box>
    <box label="traffic_sign" occluded="0" xtl="1067.78" ytl="126.58" xbr="1098.63" ybr="212.51" z_order="20">
    </box>
    <box label="barricade" occluded="1" xtl="1401.50" ytl="832.50" xbr="1920.00" ybr="1080.00" z_order="7">
    </box>
    <box label="bollard" occluded="0" xtl="1741.74" ytl="590.69" xbr="1788.01" ybr="734.27" z_order="6">
    </box>
    <box label="pole" occluded="1" xtl="1037.60" ytl="0.00" xbr="1073.78" ybr="584.00" z_order="10">
    </box>
    <box label="traffic_sign" occluded="1" xtl="1308.16" ytl="256.90" xbr="1334.79" ybr="303.11" z_order="8">
    </box>
    <box label="car" occluded="1" xtl="0.00" ytl="444.73" xbr="49.40" ybr="496.00" z_order="0">
    </box>
    <box label="pole" occluded="1" xtl="1253.95" ytl="0.00" xbr="1312.90" ybr="599.40" z_order="12">
    </box>
    <box label="pole" occluded="1" xtl="1091.30" ytl="0.00" xbr="1141.60" ybr="591.00" z_order="11">
    </box>
    <box label="traffic_sign" occluded="1" xtl="1306.33" ytl="182.54" xbr="1341.52" ybr="242.21" z_order="9">
    </box>
    <box label="tree_trunk" occluded="1" xtl="1517.74" ytl="426.24" xbr="1550.42" ybr="613.52" z_order="13">
    </box>
    <box label="bollard" occluded="0" xtl="1141.33" ytl="560.57" xbr="1175.49" ybr="681.39" z_order="5">
    </box>
  </image>
  <image id="92" name="MP_SEL_009498.jpg" width="1920" height="1080">
    <box label="car" occluded="1" xtl="1686.86" ytl="380.59" xbr="1785.60" ybr="458.20" z_order="0">
    </box>
    <box label="truck" occluded="1" xtl="1772.39" ytl="382.63" xbr="1885.50" ybr="426.10" z_order="0">
    </box>
    <box label="bus" occluded="1" xtl="0.00" ytl="345.00" xbr="79.10" ybr="433.80" z_order="0">
    </box>
    <box label="car" occluded="1" xtl="1076.12" ytl="401.94" xbr="1277.70" ybr="471.90" z_order="0">
    </box>
    <box label="car" occluded="1" xtl="686.29" ytl="379.94" xbr="889.50" ybr="459.60" z_order="0">
    </box>
    <box label="car" occluded="1" xtl="1895.71" ytl="398.74" xbr="1920.00" ybr="448.90" z_order="1">
    </box>
    <box label="traffic_sign" occluded="0" xtl="35.77" ytl="123.71" xbr="141.00" ybr="236.35" z_order="4">
    </box>
    <box label="car" occluded="1" xtl="1828.98" ytl="387.63" xbr="1920.00" ybr="444.60" z_order="0">
    </box>
    <box label="bollard" occluded="0" xtl="264.21" ytl="528.77" xbr="338.78" ybr="613.38" z_order="3">
    </box>
  </image>
  <image id="93" name="MP_SEL_009499.jpg" width="1920" height="1080">
    <box label="pole" occluded="1" xtl="1324.44" ytl="0.00" xbr="1384.75" ybr="624.53" z_order="1">
    </box>
    <box label="traffic_light" occluded="0" xtl="515.00" ytl="383.00" xbr="542.00" ybr="459.00" z_order="0">
    </box>
    <box label="tree_trunk" occluded="0" xtl="219.10" ytl="444.16" xbr="248.55" ybr="539.30" z_order="7">
    </box>
    <box label="bollard" occluded="0" xtl="112.77" ytl="527.24" xbr="136.33" ybr="619.65" z_order="8">
    </box>
    <box label="bollard" occluded="0" xtl="286.28" ytl="536.72" xbr="308.62" ybr="631.59" z_order="9">
    </box>
    <box label="traffic_sign" occluded="0" xtl="1182.05" ytl="113.14" xbr="1222.24" ybr="201.45" z_order="4">
    </box>
    <box label="tree_trunk" occluded="1" xtl="1534.20" ytl="465.31" xbr="1563.09" ybr="622.60" z_order="6">
    </box>
    <box label="bollard" occluded="0" xtl="495.29" ytl="540.09" xbr="518.50" ybr="637.40" z_order="10">
    </box>
    <box label="pole" occluded="1" xtl="1114.10" ytl="0.00" xbr="1157.60" ybr="624.30" z_order="2">
    </box>
    <box label="pole" occluded="1" xtl="1164.50" ytl="0.00" xbr="1218.10" ybr="623.40" z_order="3">
    </box>
  </image>
  <image id="94" name="MP_SEL_009500.jpg" width="1920" height="1080">
    <box label="bollard" occluded="0" xtl="791.84" ytl="497.40" xbr="800.34" ybr="535.72" z_order="35">
    </box>
    <box label="tree_trunk" occluded="0" xtl="341.00" ytl="434.49" xbr="369.55" ybr="586.25" z_order="30">
    </box>
    <box label="pole" occluded="1" xtl="134.46" ytl="0.00" xbr="173.75" ybr="592.99" z_order="9">
    </box>
    <box label="traffic_sign" occluded="1" xtl="1273.21" ytl="0.00" xbr="1394.27" ybr="187.92" z_order="10">
    </box>
    <box label="bollard" occluded="0" xtl="870.92" ytl="506.91" xbr="880.20" ybr="550.59" z_order="34">
    </box>
    <box label="person" occluded="1" xtl="868.70" ytl="454.82" xbr="898.30" ybr="537.60" z_order="0">
    </box>
    <box label="truck" occluded="1" xtl="1024.97" ytl="476.80" xbr="1116.60" ybr="531.11" z_order="25">
    </box>
    <box label="traffic_sign" occluded="1" xtl="1739.35" ytl="378.33" xbr="1785.89" ybr="426.98" z_order="12">
    </box>
    <box label="bollard" occluded="0" xtl="1134.80" ytl="540.20" xbr="1148.90" ybr="594.04" z_order="4">
    </box>
    <box label="bollard" occluded="0" xtl="1730.76" ytl="651.24" xbr="1797.23" ybr="730.93" z_order="8">
    </box>
    <box label="tree_trunk" occluded="0" xtl="1520.39" ytl="377.82" xbr="1644.30" ybr="1022.57" z_order="28">
    </box>
    <box label="bollard" occluded="0" xtl="881.67" ytl="546.60" xbr="901.60" ybr="621.20" z_order="2">
    </box>
    <box label="bollard" occluded="0" xtl="836.21" ytl="502.02" xbr="844.71" ybr="543.10" z_order="33">
    </box>
    <box label="tree_trunk" occluded="0" xtl="1673.90" ytl="523.16" xbr="1733.29" ybr="755.41" z_order="29">
    </box>
    <box label="bollard" occluded="0" xtl="855.77" ytl="520.30" xbr="865.46" ybr="568.25" z_order="31">
    </box>
    <box label="bollard" occluded="0" xtl="1384.35" ytl="533.21" xbr="1396.10" ybr="568.60" z_order="5">
    </box>
    <box label="bollard" occluded="0" xtl="669.64" ytl="551.51" xbr="695.56" ybr="645.64" z_order="1">
    </box>
    <box label="bollard" occluded="0" xtl="881.18" ytl="512.54" xbr="889.25" ybr="560.35" z_order="32">
    </box>
    <box label="bollard" occluded="0" xtl="1411.19" ytl="533.49" xbr="1420.80" ybr="566.10" z_order="6">
    </box>
    <box label="bollard" occluded="0" xtl="1026.78" ytl="542.00" xbr="1045.80" ybr="605.36" z_order="3">
    </box>
    <box label="traffic_sign" occluded="0" xtl="1245.33" ytl="177.50" xbr="1426.25" ybr="372.04" z_order="11">
    </box>
    <box label="traffic_sign" occluded="1" xtl="1738.29" ytl="426.98" xbr="1780.07" ybr="472.46" z_order="13">
    </box>
    <box label="pole" occluded="1" xtl="1303.28" ytl="203.30" xbr="1350.54" ybr="1080.00" z_order="27">
    </box>
  </image>
</annotations>