<?xml version="1.0" encoding="utf-8"?>
<annotations>
  <version>1.1</version>
  <meta>
    <task>
      <id>5023</id>
      <name>0627_05(최종검수)</name>
      <size>91</size>
      <mode>annotation</mode>
      <overlap>0</overlap>
      <bugtracker></bugtracker>
      <flipped>False</flipped>
      <created>2019-11-22 05:11:56.390521+03:00</created>
      <updated>2019-11-25 11:31:28.969467+03:00</updated>
      <start_frame>0</start_frame>
      <stop_frame>0</stop_frame>
      <frame_filter>0</frame_filter>
      <labels>
        <label>
          <name>wheelchair</name>
          <attributes>
          </attributes>
        </label>
        <label>
          <name>truck</name>
          <attributes>
          </attributes>
        </label>
        <label>
          <name>tree_trunk</name>
          <attributes>
          </attributes>
        </label>
        <label>
          <name>traffic_sign</name>
          <attributes>
          </attributes>
        </label>
        <label>
          <name>traffic_light</name>
          <attributes>
          </attributes>
        </label>
        <label>
          <name>table</name>
          <attributes>
          </attributes>
        </label>
        <label>
          <name>stroller</name>
          <attributes>
          </attributes>
        </label>
        <label>
          <name>stop</name>
          <attributes>
          </attributes>
        </label>
        <label>
          <name>scooter</name>
          <attributes>
          </attributes>
        </label>
        <label>
          <name>potted_plant</name>
          <attributes>
          </attributes>
        </label>
        <label>
          <name>pole</name>
          <attributes>
          </attributes>
        </label>
        <label>
          <name>person</name>
          <attributes>
          </attributes>
        </label>
        <label>
          <name>parking_meter</name>
          <attributes>
          </attributes>
        </label>
        <label>
          <name>movable_signage</name>
          <attributes>
          </attributes>
        </label>
        <label>
          <name>motorcycle</name>
          <attributes>
          </attributes>
        </label>
        <label>
          <name>kiosk</name>
          <attributes>
          </attributes>
        </label>
        <label>
          <name>fire_hydrant</name>
          <attributes>
          </attributes>
        </label>
        <label>
          <name>dog</name>
          <attributes>
          </attributes>
        </label>
        <label>
          <name>chair</name>
          <attributes>
          </attributes>
        </label>
        <label>
          <name>cat</name>
          <attributes>
          </attributes>
        </label>
        <label>
          <name>carrier</name>
          <attributes>
          </attributes>
        </label>
        <label>
          <name>car</name>
          <attributes>
          </attributes>
        </label>
        <label>
          <name>bus</name>
          <attributes>
          </attributes>
        </label>
        <label>
          <name>bollard</name>
          <attributes>
          </attributes>
        </label>
        <label>
          <name>bicycle</name>
          <attributes>
          </attributes>
        </label>
        <label>
          <name>bench</name>
          <attributes>
          </attributes>
        </label>
        <label>
          <name>barricade</name>
          <attributes>
          </attributes>
        </label>
      </labels>
      <segments>
        <segment>
          <id>4821</id>
          <start>0</start>
          <stop>90</stop>
          <url>http://112.169.146.227:8080/?id=4821</url>
        </segment>
      </segments>
      <owner>
        <username>aiadmin</username>
        <email>aiadmin@testworks.co.kr</email>
      </owner>
    </task>
    <dumped>2019-11-29 03:56:59.281422+03:00</dumped>
  </meta>
  <image id="0" name="MP_SEL_009701.jpg" width="1920" height="1080">
    <box label="pole" occluded="1" xtl="1396.94" ytl="41.65" xbr="1459.44" ybr="538.37" z_order="5">
    </box>
    <box label="bicycle" occluded="1" xtl="829.59" ytl="479.99" xbr="912.40" ybr="544.71" z_order="14">
    </box>
    <box label="person" occluded="0" xtl="786.30" ytl="443.10" xbr="820.19" ybr="561.20" z_order="16">
    </box>
    <box label="bollard" occluded="0" xtl="727.52" ytl="725.87" xbr="803.18" ybr="1002.19" z_order="3">
    </box>
    <box label="car" occluded="1" xtl="261.35" ytl="450.48" xbr="380.33" ybr="507.59" z_order="12">
    </box>
    <box label="bollard" occluded="0" xtl="1188.05" ytl="725.87" xbr="1263.71" ybr="1005.48" z_order="2">
    </box>
    <box label="car" occluded="0" xtl="3.40" ytl="445.72" xbr="179.49" ybr="519.96" z_order="11">
    </box>
    <box label="traffic_light" occluded="0" xtl="1014.25" ytl="292.76" xbr="1041.22" ybr="366.53" z_order="7">
    </box>
    <box label="person" occluded="0" xtl="706.90" ytl="452.35" xbr="743.50" ybr="560.00" z_order="17">
    </box>
    <box label="pole" occluded="1" xtl="982.29" ytl="0.00" xbr="1015.19" ybr="544.65" z_order="8">
    </box>
    <box label="person" occluded="1" xtl="851.92" ytl="436.49" xbr="899.52" ybr="539.60" z_order="15">
    </box>
    <box label="bollard" occluded="0" xtl="263.69" ytl="719.29" xbr="340.99" ybr="1008.77" z_order="4">
    </box>
    <box label="bollard" occluded="0" xtl="1637.08" ytl="711.07" xbr="1719.31" ybr="982.46" z_order="1">
    </box>
    <box label="person" occluded="1" xtl="34.92" ytl="439.39" xbr="52.55" ybr="509.90" z_order="19">
    </box>
    <box label="pole" occluded="1" xtl="620.17" ytl="1.64" xbr="633.87" ybr="553.14" z_order="9">
    </box>
    <box label="bollard" occluded="0" xtl="126.19" ytl="521.87" xbr="146.18" ybr="587.54" z_order="10">
    </box>
    <box label="truck" occluded="0" xtl="175.68" ytl="431.44" xbr="285.14" ybr="534.24" z_order="13">
    </box>
  </image>
  <image id="1" name="MP_SEL_009702.jpg" width="1920" height="1080">
    <box label="traffic_sign" occluded="0" xtl="1734.07" ytl="478.79" xbr="1751.20" ybr="515.34" z_order="3">
    </box>
    <box label="traffic_sign" occluded="0" xtl="1731.79" ytl="449.09" xbr="1764.91" ybr="476.50" z_order="2">
    </box>
    <box label="tree_trunk" occluded="0" xtl="957.00" ytl="409.10" xbr="990.00" ybr="635.30" z_order="7">
    </box>
    <box label="car" occluded="1" xtl="970.64" ytl="535.70" xbr="1038.70" ybr="590.30" z_order="12">
    </box>
    <box label="person" occluded="0" xtl="859.96" ytl="505.68" xbr="910.41" ybr="655.12" z_order="9">
    </box>
    <box label="car" occluded="1" xtl="1513.30" ytl="520.20" xbr="1771.25" ybr="614.19" z_order="11">
    </box>
    <box label="traffic_light" occluded="0" xtl="1345.75" ytl="300.72" xbr="1403.26" ybr="323.85" z_order="5">
    </box>
    <box label="truck" occluded="0" xtl="1166.94" ytl="502.40" xbr="1270.70" ybr="574.90" z_order="14">
    </box>
    <box label="tree_trunk" occluded="1" xtl="1391.80" ytl="0.00" xbr="1592.40" ybr="990.90" z_order="6">
    </box>
  </image>
  <image id="2" name="MP_SEL_009703.jpg" width="1920" height="1080">
    <box label="tree_trunk" occluded="0" xtl="862.00" ytl="513.10" xbr="892.89" ybr="623.60" z_order="10">
    </box>
    <box label="movable_signage" occluded="0" xtl="11.62" ytl="438.81" xbr="130.41" ybr="771.19" z_order="20">
    </box>
    <box label="tree_trunk" occluded="0" xtl="900.34" ytl="491.35" xbr="919.16" ybr="600.60" z_order="11">
    </box>
    <box label="motorcycle" occluded="0" xtl="1099.40" ytl="519.60" xbr="1143.60" ybr="599.17" z_order="6">
    </box>
    <box label="person" occluded="0" xtl="839.72" ytl="515.35" xbr="857.52" ybr="555.99" z_order="15">
    </box>
    <box label="person" occluded="0" xtl="570.12" ytl="499.12" xbr="634.85" ybr="715.18" z_order="17">
    </box>
    <box label="tree_trunk" occluded="0" xtl="669.62" ytl="110.20" xbr="762.30" ybr="835.58" z_order="8">
    </box>
    <box label="person" occluded="0" xtl="466.37" ytl="500.07" xbr="546.33" ybr="719.94" z_order="18">
    </box>
    <box label="scooter" occluded="1" xtl="736.62" ytl="530.55" xbr="777.50" ybr="583.30" z_order="19">
    </box>
    <box label="tree_trunk" occluded="0" xtl="781.13" ytl="421.56" xbr="835.95" ybr="703.69" z_order="9">
    </box>
    <box label="pole" occluded="1" xtl="1743.30" ytl="0.00" xbr="1920.00" ybr="1080.00" z_order="1">
    </box>
    <box label="person" occluded="0" xtl="757.90" ytl="505.23" xbr="778.89" ybr="580.67" z_order="16">
    </box>
    <box label="tree_trunk" occluded="1" xtl="152.67" ytl="542.64" xbr="336.88" ybr="1080.00" z_order="7">
    </box>
    <box label="pole" occluded="1" xtl="1427.48" ytl="318.49" xbr="1452.15" ybr="692.67" z_order="2">
    </box>
    <box label="pole" occluded="0" xtl="1047.68" ytl="412.07" xbr="1068.61" ybr="565.20" z_order="12">
    </box>
  </image>
  <image id="3" name="MP_SEL_009704.jpg" width="1920" height="1080">
    <box label="car" occluded="0" xtl="1354.12" ytl="533.18" xbr="1911.09" ybr="784.47" z_order="3">
    </box>
    <box label="truck" occluded="1" xtl="1464.50" ytl="451.20" xbr="1918.59" ybr="652.36" z_order="6">
    </box>
    <box label="car" occluded="1" xtl="743.08" ytl="452.50" xbr="847.73" ybr="508.01" z_order="5">
    </box>
    <box label="car" occluded="1" xtl="1299.70" ytl="478.70" xbr="1607.24" ybr="590.52" z_order="4">
    </box>
  </image>
  <image id="4" name="MP_SEL_009705.jpg" width="1920" height="1080">
    <box label="bollard" occluded="0" xtl="750.12" ytl="392.22" xbr="770.50" ybr="485.90" z_order="7">
    </box>
    <box label="car" occluded="1" xtl="1593.29" ytl="312.74" xbr="1895.27" ybr="435.11" z_order="1">
    </box>
    <box label="car" occluded="0" xtl="699.23" ytl="299.46" xbr="880.84" ybr="404.54" z_order="3">
    </box>
    <box label="bollard" occluded="0" xtl="823.41" ytl="462.66" xbr="857.00" ybr="628.70" z_order="6">
    </box>
    <box label="pole" occluded="1" xtl="321.64" ytl="0.00" xbr="359.30" ybr="498.20" z_order="8">
    </box>
    <box label="pole" occluded="1" xtl="50.25" ytl="0.00" xbr="202.40" ybr="485.57" z_order="9">
    </box>
    <box label="car" occluded="1" xtl="184.10" ytl="229.80" xbr="658.50" ybr="455.90" z_order="4">
    </box>
    <box label="car" occluded="1" xtl="1225.79" ytl="332.58" xbr="1509.05" ybr="449.09" z_order="2">
    </box>
    <box label="movable_signage" occluded="1" xtl="1834.83" ytl="205.27" xbr="1920.00" ybr="606.87" z_order="5">
    </box>
  </image>
  <image id="5" name="MP_SEL_009706.jpg" width="1920" height="1080">
    <box label="car" occluded="1" xtl="794.02" ytl="404.20" xbr="967.53" ybr="471.40" z_order="7">
    </box>
    <box label="pole" occluded="1" xtl="536.29" ytl="0.00" xbr="552.73" ybr="518.33" z_order="1">
    </box>
    <box label="pole" occluded="1" xtl="833.71" ytl="0.00" xbr="859.76" ybr="470.36" z_order="3">
    </box>
    <box label="person" occluded="1" xtl="1830.50" ytl="420.00" xbr="1920.00" ybr="773.40" z_order="4">
    </box>
    <box label="car" occluded="1" xtl="1612.60" ytl="383.32" xbr="1920.00" ybr="716.40" z_order="5">
    </box>
    <box label="pole" occluded="1" xtl="617.50" ytl="0.00" xbr="643.19" ybr="525.70" z_order="2">
    </box>
  </image>
  <image id="6" name="MP_SEL_009707.jpg" width="1920" height="1080">
    <box label="truck" occluded="1" xtl="809.71" ytl="476.00" xbr="858.10" ybr="520.00" z_order="5">
    </box>
    <box label="potted_plant" occluded="1" xtl="637.80" ytl="569.27" xbr="697.90" ybr="632.90" z_order="10">
    </box>
    <box label="pole" occluded="1" xtl="678.30" ytl="22.40" xbr="706.70" ybr="530.10" z_order="9">
    </box>
    <box label="truck" occluded="1" xtl="0.00" ytl="135.23" xbr="499.06" ybr="666.50" z_order="7">
    </box>
    <box label="car" occluded="0" xtl="771.30" ytl="485.41" xbr="821.90" ybr="522.40" z_order="2">
    </box>
    <box label="car" occluded="1" xtl="1796.62" ytl="587.71" xbr="1920.00" ybr="742.32" z_order="1">
    </box>
    <box label="pole" occluded="1" xtl="547.09" ytl="0.00" xbr="577.93" ybr="620.42" z_order="8">
    </box>
    <box label="car" occluded="1" xtl="1069.60" ytl="494.20" xbr="1185.92" ybr="554.91" z_order="6">
    </box>
  </image>
  <image id="7" name="MP_SEL_009708.jpg" width="1920" height="1080">
    <box label="truck" occluded="0" xtl="1024.40" ytl="368.20" xbr="1110.20" ybr="452.30" z_order="10">
    </box>
    <box label="bollard" occluded="0" xtl="827.60" ytl="446.48" xbr="870.30" ybr="529.40" z_order="2">
    </box>
    <box label="truck" occluded="1" xtl="1499.60" ytl="380.10" xbr="1920.00" ybr="603.70" z_order="8">
    </box>
    <box label="pole" occluded="1" xtl="699.50" ytl="0.00" xbr="783.60" ybr="720.80" z_order="13">
    </box>
    <box label="truck" occluded="1" xtl="876.85" ytl="374.41" xbr="981.60" ybr="423.50" z_order="11">
    </box>
    <box label="car" occluded="0" xtl="805.41" ytl="381.36" xbr="879.10" ybr="433.10" z_order="6">
    </box>
    <box label="car" occluded="1" xtl="1340.12" ytl="452.63" xbr="1920.00" ybr="1063.70" z_order="3">
    </box>
    <box label="car" occluded="1" xtl="729.39" ytl="380.69" xbr="802.60" ybr="428.80" z_order="12">
    </box>
    <box label="truck" occluded="1" xtl="1244.09" ytl="369.50" xbr="1396.70" ybr="459.16" z_order="9">
    </box>
    <box label="car" occluded="0" xtl="1156.30" ytl="391.35" xbr="1261.57" ybr="464.30" z_order="5">
    </box>
    <box label="bollard" occluded="1" xtl="777.15" ytl="470.60" xbr="838.07" ybr="587.35" z_order="1">
    </box>
    <box label="car" occluded="1" xtl="828.67" ytl="378.42" xbr="919.56" ybr="426.34" z_order="7">
    </box>
    <box label="car" occluded="1" xtl="1270.50" ytl="383.30" xbr="1482.40" ybr="516.50" z_order="4">
    </box>
  </image>
  <image id="8" name="MP_SEL_009709.jpg" width="1920" height="1080">
    <box label="car" occluded="1" xtl="1087.73" ytl="542.10" xbr="1199.60" ybr="593.77" z_order="8">
    </box>
    <box label="car" occluded="1" xtl="378.43" ytl="533.00" xbr="578.10" ybr="634.66" z_order="12">
    </box>
    <box label="car" occluded="1" xtl="1247.55" ytl="567.84" xbr="1504.54" ybr="702.05" z_order="6">
    </box>
    <box label="truck" occluded="1" xtl="1540.71" ytl="518.92" xbr="1920.00" ybr="760.68" z_order="14">
    </box>
    <box label="car" occluded="0" xtl="1436.25" ytl="588.09" xbr="1920.00" ybr="818.36" z_order="5">
    </box>
    <box label="car" occluded="1" xtl="1257.20" ytl="551.90" xbr="1425.94" ybr="613.79" z_order="7">
    </box>
    <box label="traffic_light" occluded="0" xtl="916.18" ytl="400.78" xbr="951.52" ybr="414.09" z_order="17">
    </box>
    <box label="car" occluded="1" xtl="653.17" ytl="532.90" xbr="808.90" ybr="619.30" z_order="10">
    </box>
    <box label="car" occluded="1" xtl="559.80" ytl="538.81" xbr="717.60" ybr="644.00" z_order="11">
    </box>
    <box label="car" occluded="1" xtl="0.00" ytl="480.70" xbr="274.04" ybr="660.17" z_order="13">
    </box>
    <box label="bollard" occluded="0" xtl="874.70" ytl="622.70" xbr="905.00" ybr="729.20" z_order="1">
    </box>
    <box label="pole" occluded="1" xtl="751.61" ytl="0.00" xbr="780.40" ybr="600.70" z_order="15">
    </box>
    <box label="traffic_light" occluded="0" xtl="991.64" ytl="405.79" xbr="1025.61" ybr="419.10" z_order="16">
    </box>
    <box label="bollard" occluded="0" xtl="244.95" ytl="577.05" xbr="291.77" ybr="685.01" z_order="4">
    </box>
    <box label="car" occluded="0" xtl="968.18" ytl="539.30" xbr="1065.81" ybr="588.08" z_order="9">
    </box>
  </image>
  <image id="9" name="MP_SEL_009710.jpg" width="1920" height="1080">
    <box label="car" occluded="1" xtl="1400.75" ytl="553.22" xbr="1493.95" ybr="610.73" z_order="12">
    </box>
    <box label="traffic_sign" occluded="0" xtl="111.94" ytl="212.41" xbr="165.48" ybr="262.64" z_order="3">
    </box>
    <box label="truck" occluded="1" xtl="0.00" ytl="460.96" xbr="123.44" ybr="561.53" z_order="23">
    </box>
    <box label="car" occluded="0" xtl="893.76" ytl="541.92" xbr="988.29" ybr="606.10" z_order="15">
    </box>
    <box label="car" occluded="1" xtl="1805.45" ytl="570.99" xbr="1866.04" ybr="602.20" z_order="9">
    </box>
    <box label="traffic_sign" occluded="0" xtl="51.00" ytl="188.20" xbr="103.33" ybr="235.89" z_order="1">
    </box>
    <box label="traffic_sign" occluded="0" xtl="46.50" ytl="238.19" xbr="103.50" ybr="266.60" z_order="2">
    </box>
    <box label="car" occluded="1" xtl="294.79" ytl="524.38" xbr="357.14" ybr="563.30" z_order="18">
    </box>
    <box label="car" occluded="1" xtl="6.40" ytl="508.70" xbr="107.90" ybr="568.20" z_order="16">
    </box>
    <box label="truck" occluded="1" xtl="288.54" ytl="479.01" xbr="397.80" ybr="556.70" z_order="22">
    </box>
    <box label="car" occluded="1" xtl="350.51" ytl="525.66" xbr="395.65" ybr="559.32" z_order="19">
    </box>
    <box label="car" occluded="0" xtl="1732.46" ytl="568.23" xbr="1810.96" ybr="603.12" z_order="11">
    </box>
    <box label="car" occluded="1" xtl="1760.92" ytl="564.56" xbr="1829.32" ybr="602.20" z_order="10">
    </box>
    <box label="car" occluded="1" xtl="435.00" ytl="525.70" xbr="494.47" ybr="555.00" z_order="20">
    </box>
    <box label="truck" occluded="1" xtl="123.80" ytl="501.70" xbr="236.80" ybr="562.45" z_order="24">
    </box>
    <box label="car" occluded="0" xtl="1078.18" ytl="537.30" xbr="1163.20" ybr="596.10" z_order="14">
    </box>
    <box label="truck" occluded="0" xtl="531.56" ytl="519.05" xbr="573.30" ybr="555.20" z_order="21">
    </box>
    <box label="traffic_light" occluded="0" xtl="241.49" ytl="271.90" xbr="310.24" ybr="297.68" z_order="4">
    </box>
    <box label="bollard" occluded="1" xtl="1909.17" ytl="611.91" xbr="1920.00" ybr="683.20" z_order="25">
    </box>
    <box label="car" occluded="1" xtl="1873.38" ytl="575.58" xbr="1920.00" ybr="600.82" z_order="8">
    </box>
    <box label="traffic_light" occluded="0" xtl="714.71" ytl="394.13" xbr="738.50" ybr="451.24" z_order="6">
    </box>
    <box label="car" occluded="0" xtl="201.84" ytl="520.17" xbr="297.85" ybr="567.61" z_order="17">
    </box>
    <box label="car" occluded="0" xtl="1291.70" ytl="553.22" xbr="1418.60" ybr="612.71" z_order="13">
    </box>
    <box label="car" occluded="1" xtl="346.48" ytl="525.96" xbr="401.40" ybr="561.00" z_order="26">
    </box>
  </image>
  <image id="10" name="MP_SEL_009711.jpg" width="1920" height="1080">
    <box label="traffic_light" occluded="1" xtl="964.76" ytl="39.19" xbr="1001.88" ybr="90.59" z_order="10">
    </box>
    <box label="pole" occluded="1" xtl="1231.90" ytl="0.00" xbr="1377.96" ybr="1043.61" z_order="7">
    </box>
    <box label="pole" occluded="0" xtl="946.67" ytl="15.40" xbr="982.84" ybr="516.06" z_order="9">
    </box>
    <box label="truck" occluded="1" xtl="1312.08" ytl="386.75" xbr="1664.60" ybr="574.22" z_order="6">
    </box>
    <box label="car" occluded="0" xtl="20.26" ytl="370.90" xbr="604.16" ybr="617.32" z_order="3">
    </box>
    <box label="car" occluded="0" xtl="752.40" ytl="413.40" xbr="854.17" ybr="496.90" z_order="2">
    </box>
    <box label="traffic_light" occluded="0" xtl="963.80" ytl="91.54" xbr="995.20" ybr="134.37" z_order="11">
    </box>
    <box label="car" occluded="1" xtl="772.81" ytl="423.20" xbr="901.20" ybr="471.10" z_order="4">
    </box>
    <box label="pole" occluded="1" xtl="992.50" ytl="1.10" xbr="1031.20" ybr="572.50" z_order="8">
    </box>
    <box label="bus" occluded="1" xtl="1045.50" ytl="267.90" xbr="1428.40" ybr="607.45" z_order="1">
    </box>
    <box label="car" occluded="1" xtl="1000.35" ytl="424.91" xbr="1073.99" ybr="491.30" z_order="5">
    </box>
  </image>
  <image id="11" name="MP_SEL_009712.jpg" width="1920" height="1080">
    <box label="car" occluded="1" xtl="1334.44" ytl="544.20" xbr="1870.50" ybr="766.80" z_order="3">
    </box>
    <box label="car" occluded="1" xtl="515.27" ytl="529.70" xbr="819.40" ybr="643.11" z_order="8">
    </box>
    <box label="car" occluded="1" xtl="0.00" ytl="452.10" xbr="560.80" ybr="1080.00" z_order="9">
    </box>
    <box label="car" occluded="0" xtl="1125.17" ytl="521.46" xbr="1230.80" ybr="587.10" z_order="4">
    </box>
    <box label="truck" occluded="1" xtl="457.10" ytl="478.90" xbr="742.80" ybr="616.50" z_order="11">
    </box>
    <box label="car" occluded="1" xtl="1678.62" ytl="480.38" xbr="1920.00" ybr="672.50" z_order="1">
    </box>
    <box label="truck" occluded="0" xtl="1156.11" ytl="492.49" xbr="1733.30" ybr="854.20" z_order="12">
    </box>
    <box label="car" occluded="0" xtl="1057.76" ytl="506.60" xbr="1114.30" ybr="544.20" z_order="5">
    </box>
    <box label="pole" occluded="1" xtl="684.09" ytl="0.00" xbr="718.40" ybr="605.10" z_order="13">
    </box>
    <box label="car" occluded="0" xtl="957.30" ytl="513.50" xbr="1010.90" ybr="549.60" z_order="6">
    </box>
  </image>
  <image id="12" name="MP_SEL_009713.jpg" width="1920" height="1080">
    <box label="tree_trunk" occluded="0" xtl="797.91" ytl="371.09" xbr="873.57" ybr="764.20" z_order="7">
    </box>
    <box label="pole" occluded="0" xtl="1858.46" ytl="36.52" xbr="1875.59" ybr="516.25" z_order="1">
    </box>
    <box label="bus" occluded="0" xtl="1116.50" ytl="398.19" xbr="1283.20" ybr="500.65" z_order="4">
    </box>
    <box label="car" occluded="1" xtl="0.00" ytl="502.18" xbr="558.40" ybr="1080.00" z_order="6">
    </box>
    <box label="car" occluded="0" xtl="966.49" ytl="450.08" xbr="1024.32" ybr="494.15" z_order="5">
    </box>
    <box label="person" occluded="0" xtl="668.57" ytl="443.00" xbr="700.50" ybr="545.00" z_order="8">
    </box>
    <box label="movable_signage" occluded="1" xtl="1368.50" ytl="415.70" xbr="1386.04" ybr="480.75" z_order="9">
    </box>
    <box label="car" occluded="1" xtl="1356.78" ytl="447.42" xbr="1454.95" ybr="482.70" z_order="10">
    </box>
  </image>
  <image id="13" name="MP_SEL_009714.jpg" width="1920" height="1080">
    <box label="pole" occluded="1" xtl="864.65" ytl="0.00" xbr="921.70" ybr="618.60" z_order="14">
    </box>
    <box label="car" occluded="1" xtl="0.00" ytl="490.58" xbr="176.00" ybr="663.58" z_order="2">
    </box>
    <box label="car" occluded="0" xtl="973.84" ytl="504.80" xbr="1035.20" ybr="533.80" z_order="10">
    </box>
    <box label="truck" occluded="0" xtl="795.61" ytl="492.01" xbr="831.44" ybr="524.26" z_order="9">
    </box>
    <box label="car" occluded="0" xtl="560.58" ytl="490.31" xbr="617.20" ybr="526.40" z_order="3">
    </box>
    <box label="traffic_light" occluded="0" xtl="631.86" ytl="348.50" xbr="670.00" ybr="363.60" z_order="12">
    </box>
    <box label="traffic_light" occluded="0" xtl="728.18" ytl="352.84" xbr="765.70" ybr="369.10" z_order="11">
    </box>
    <box label="car" occluded="0" xtl="1063.57" ytl="501.88" xbr="1270.54" ybr="667.73" z_order="1">
    </box>
    <box label="car" occluded="1" xtl="605.14" ytl="491.09" xbr="647.40" ybr="523.00" z_order="4">
    </box>
  </image>
  <image id="14" name="MP_SEL_009715.jpg" width="1920" height="1080">
    <box label="truck" occluded="1" xtl="1554.06" ytl="224.64" xbr="1920.00" ybr="676.96" z_order="14">
    </box>
    <box label="bollard" occluded="0" xtl="959.93" ytl="530.70" xbr="1012.81" ybr="662.32" z_order="6">
    </box>
    <box label="car" occluded="1" xtl="477.48" ytl="448.68" xbr="604.10" ybr="494.60" z_order="15">
    </box>
    <box label="pole" occluded="1" xtl="936.40" ytl="0.00" xbr="977.52" ybr="613.37" z_order="2">
    </box>
    <box label="bollard" occluded="0" xtl="1065.42" ytl="635.04" xbr="1103.11" ybr="773.25" z_order="5">
    </box>
    <box label="car" occluded="0" xtl="1212.90" ytl="466.70" xbr="1385.00" ybr="569.00" z_order="9">
    </box>
    <box label="car" occluded="1" xtl="1413.22" ytl="452.70" xbr="1618.82" ybr="568.50" z_order="8">
    </box>
    <box label="bollard" occluded="0" xtl="1257.13" ytl="768.76" xbr="1322.96" ybr="1025.75" z_order="3">
    </box>
    <box label="pole" occluded="1" xtl="1013.71" ytl="0.00" xbr="1056.47" ybr="685.74" z_order="1">
    </box>
    <box label="car" occluded="1" xtl="0.00" ytl="540.90" xbr="447.35" ybr="1080.00" z_order="7">
    </box>
    <box label="bollard" occluded="0" xtl="1137.36" ytl="684.68" xbr="1183.36" ybr="864.73" z_order="4">
    </box>
    <box label="car" occluded="1" xtl="1062.56" ytl="471.29" xbr="1149.77" ybr="529.70" z_order="12">
    </box>
    <box label="car" occluded="1" xtl="1120.30" ytl="468.54" xbr="1241.18" ybr="547.10" z_order="11">
    </box>
    <box label="car" occluded="1" xtl="1331.88" ytl="458.10" xbr="1468.94" ybr="531.90" z_order="10">
    </box>
    <box label="truck" occluded="1" xtl="1233.70" ytl="427.00" xbr="1373.90" ybr="541.02" z_order="13">
    </box>
  </image>
  <image id="15" name="MP_SEL_009716.jpg" width="1920" height="1080">
    <box label="car" occluded="1" xtl="969.93" ytl="459.81" xbr="1009.71" ybr="493.60" z_order="11">
    </box>
    <box label="car" occluded="1" xtl="1251.70" ytl="465.03" xbr="1385.05" ybr="534.00" z_order="7">
    </box>
    <box label="traffic_light" occluded="0" xtl="917.93" ytl="244.86" xbr="965.52" ybr="260.08" z_order="3">
    </box>
    <box label="pole" occluded="1" xtl="728.17" ytl="0.00" xbr="763.80" ybr="505.86" z_order="15">
    </box>
    <box label="car" occluded="0" xtl="1026.48" ytl="452.22" xbr="1164.90" ybr="551.00" z_order="8">
    </box>
    <box label="traffic_sign" occluded="0" xtl="826.55" ytl="371.86" xbr="857.96" ybr="423.26" z_order="2">
    </box>
    <box label="truck" occluded="1" xtl="1055.34" ytl="439.39" xbr="1199.66" ybr="524.77" z_order="14">
    </box>
    <box label="truck" occluded="1" xtl="1357.20" ytl="401.81" xbr="1708.43" ybr="617.85" z_order="13">
    </box>
    <box label="car" occluded="1" xtl="1321.26" ytl="498.62" xbr="1920.00" ybr="826.21" z_order="6">
    </box>
    <box label="car" occluded="1" xtl="1002.70" ytl="449.11" xbr="1069.26" ybr="504.10" z_order="9">
    </box>
    <box label="traffic_light" occluded="0" xtl="1038.88" ytl="242.41" xbr="1082.66" ybr="260.49" z_order="4">
    </box>
    <box label="truck" occluded="1" xtl="1617.05" ytl="389.94" xbr="1920.00" ybr="554.61" z_order="12">
    </box>
    <box label="traffic_sign" occluded="0" xtl="822.10" ytl="334.73" xbr="858.91" ybr="370.90" z_order="1">
    </box>
    <box label="traffic_light" occluded="0" xtl="1157.21" ytl="244.89" xbr="1200.99" ybr="259.17" z_order="5">
    </box>
    <box label="car" occluded="0" xtl="919.21" ytl="449.11" xbr="980.69" ybr="505.96" z_order="10">
    </box>
  </image>
  <image id="16" name="MP_SEL_009717.jpg" width="1920" height="1080">
    <box label="car" occluded="1" xtl="343.98" ytl="604.67" xbr="400.98" ybr="633.74" z_order="16">
    </box>
    <box label="car" occluded="1" xtl="198.24" ytl="604.40" xbr="279.72" ybr="654.00" z_order="17">
    </box>
    <box label="bollard" occluded="1" xtl="677.90" ytl="682.25" xbr="743.00" ybr="821.90" z_order="18">
    </box>
    <box label="bus" occluded="1" xtl="668.78" ytl="574.70" xbr="717.40" ybr="626.40" z_order="7">
    </box>
    <box label="traffic_light" occluded="0" xtl="471.33" ytl="423.71" xbr="521.82" ybr="441.46" z_order="23">
    </box>
    <box label="car" occluded="0" xtl="573.86" ytl="602.88" xbr="625.00" ybr="639.40" z_order="13">
    </box>
    <box label="traffic_sign" occluded="0" xtl="395.13" ytl="379.95" xbr="434.91" ybr="416.98" z_order="21">
    </box>
    <box label="truck" occluded="0" xtl="259.33" ytl="555.17" xbr="368.35" ybr="659.99" z_order="5">
    </box>
    <box label="car" occluded="0" xtl="1136.75" ytl="565.12" xbr="1272.91" ybr="684.10" z_order="9">
    </box>
    <box label="tree_trunk" occluded="0" xtl="703.00" ytl="543.50" xbr="767.44" ybr="803.32" z_order="20">
    </box>
    <box label="traffic_light" occluded="0" xtl="343.72" ytl="420.04" xbr="393.90" ybr="438.70" z_order="24">
    </box>
    <box label="car" occluded="0" xtl="873.01" ytl="597.28" xbr="999.26" ybr="694.87" z_order="11">
    </box>
    <box label="car" occluded="0" xtl="1295.39" ytl="564.46" xbr="1446.76" ybr="679.47" z_order="8">
    </box>
    <box label="car" occluded="1" xtl="552.46" ytl="601.61" xbr="586.50" ybr="626.48" z_order="15">
    </box>
    <box label="truck" occluded="1" xtl="1752.90" ytl="511.50" xbr="1920.00" ybr="656.80" z_order="1">
    </box>
    <box label="car" occluded="1" xtl="611.67" ytl="595.17" xbr="651.10" ybr="627.70" z_order="12">
    </box>
    <box label="car" occluded="0" xtl="1008.51" ytl="581.64" xbr="1149.31" ybr="690.71" z_order="10">
    </box>
    <box label="pole" occluded="1" xtl="742.10" ytl="187.20" xbr="792.00" ybr="781.30" z_order="19">
    </box>
    <box label="truck" occluded="1" xtl="0.00" ytl="598.75" xbr="204.30" ybr="749.40" z_order="2">
    </box>
    <box label="traffic_sign" occluded="0" xtl="396.35" ytl="417.28" xbr="436.75" ybr="436.87" z_order="22">
    </box>
    <box label="car" occluded="0" xtl="478.87" ytl="607.63" xbr="565.60" ybr="669.50" z_order="14">
    </box>
    <box label="truck" occluded="1" xtl="409.80" ytl="566.40" xbr="480.60" ybr="619.82" z_order="4">
    </box>
    <box label="truck" occluded="1" xtl="183.80" ytl="565.10" xbr="331.71" ybr="646.50" z_order="6">
    </box>
    <box label="truck" occluded="1" xtl="402.60" ytl="588.10" xbr="496.83" ybr="657.50" z_order="3">
    </box>
  </image>
  <image id="17" name="MP_SEL_009718.jpg" width="1920" height="1080">
    <box label="car" occluded="1" xtl="1765.50" ytl="615.68" xbr="1920.00" ybr="1080.00" z_order="16">
    </box>
    <box label="car" occluded="0" xtl="360.07" ytl="499.15" xbr="488.10" ybr="570.20" z_order="7">
    </box>
    <box label="car" occluded="0" xtl="0.90" ytl="492.30" xbr="276.30" ybr="646.30" z_order="10">
    </box>
    <box label="traffic_sign" occluded="0" xtl="446.07" ytl="312.02" xbr="477.14" ybr="343.02" z_order="13">
    </box>
    <box label="tree_trunk" occluded="0" xtl="518.63" ytl="434.80" xbr="579.00" ybr="780.15" z_order="1">
    </box>
    <box label="bollard" occluded="0" xtl="969.90" ytl="531.29" xbr="1066.98" ybr="588.40" z_order="15">
    </box>
    <box label="truck" occluded="1" xtl="445.35" ytl="482.40" xbr="525.68" ybr="537.94" z_order="11">
    </box>
    <box label="car" occluded="1" xtl="295.29" ytl="492.69" xbr="393.11" ybr="547.50" z_order="8">
    </box>
    <box label="car" occluded="1" xtl="577.49" ytl="490.04" xbr="630.60" ybr="529.10" z_order="5">
    </box>
    <box label="car" occluded="0" xtl="1540.22" ytl="457.80" xbr="1841.90" ybr="576.90" z_order="3">
    </box>
    <box label="car" occluded="1" xtl="515.60" ytl="487.25" xbr="584.00" ybr="542.70" z_order="6">
    </box>
    <box label="car" occluded="1" xtl="183.23" ytl="497.97" xbr="310.20" ybr="571.80" z_order="9">
    </box>
  </image>
  <image id="18" name="MP_SEL_009719.jpg" width="1920" height="1080">
    <box label="pole" occluded="1" xtl="74.40" ytl="0.00" xbr="272.47" ybr="1080.00" z_order="2">
    </box>
    <box label="car" occluded="1" xtl="578.90" ytl="482.77" xbr="642.83" ybr="526.40" z_order="5">
    </box>
    <box label="motorcycle" occluded="1" xtl="725.96" ytl="505.71" xbr="759.01" ybr="558.04" z_order="8">
    </box>
    <box label="car" occluded="0" xtl="447.07" ytl="473.68" xbr="556.10" ybr="551.67" z_order="4">
    </box>
    <box label="movable_signage" occluded="1" xtl="780.86" ytl="457.33" xbr="805.64" ybr="523.43" z_order="9">
    </box>
    <box label="truck" occluded="1" xtl="0.00" ytl="216.81" xbr="446.00" ybr="641.33" z_order="3">
    </box>
    <box label="stop" occluded="0" xtl="797.15" ytl="443.39" xbr="843.40" ybr="535.10" z_order="1">
    </box>
    <box label="car" occluded="1" xtl="547.00" ytl="481.32" xbr="597.05" ybr="515.50" z_order="7">
    </box>
  </image>
  <image id="19" name="MP_SEL_009720.jpg" width="1920" height="1080">
    <box label="car" occluded="1" xtl="1647.70" ytl="465.90" xbr="1920.00" ybr="699.20" z_order="3">
    </box>
    <box label="car" occluded="0" xtl="1319.12" ytl="446.86" xbr="1472.37" ybr="536.33" z_order="5">
    </box>
    <box label="traffic_light" occluded="0" xtl="1491.95" ytl="338.10" xbr="1536.48" ybr="350.96" z_order="10">
    </box>
    <box label="traffic_sign" occluded="1" xtl="1614.65" ytl="0.00" xbr="1835.48" ybr="65.98" z_order="17">
    </box>
    <box label="movable_signage" occluded="0" xtl="618.95" ytl="388.32" xbr="707.50" ybr="641.40" z_order="1">
    </box>
    <box label="bus" occluded="1" xtl="1303.00" ytl="414.80" xbr="1445.10" ybr="490.84" z_order="9">
    </box>
    <box label="traffic_sign" occluded="0" xtl="1545.03" ytl="338.91" xbr="1574.68" ybr="351.98" z_order="14">
    </box>
    <box label="car" occluded="0" xtl="1173.49" ytl="451.62" xbr="1249.64" ybr="506.83" z_order="6">
    </box>
    <box label="car" occluded="0" xtl="1083.21" ytl="458.20" xbr="1133.10" ybr="495.20" z_order="7">
    </box>
    <box label="pole" occluded="1" xtl="1635.93" ytl="0.00" xbr="1809.61" ybr="1048.35" z_order="16">
    </box>
    <box label="tree_trunk" occluded="1" xtl="1762.25" ytl="0.00" xbr="1920.00" ybr="1080.00" z_order="15">
    </box>
    <box label="traffic_sign" occluded="0" xtl="1548.22" ytl="314.68" xbr="1571.81" ybr="337.95" z_order="13">
    </box>
    <box label="car" occluded="1" xtl="1552.32" ytl="461.14" xbr="1803.61" ybr="581.07" z_order="4">
    </box>
    <box label="car" occluded="0" xtl="763.20" ytl="453.20" xbr="832.50" ybr="504.70" z_order="2">
    </box>
    <box label="traffic_light" occluded="0" xtl="1582.18" ytl="339.23" xbr="1622.57" ybr="351.10" z_order="11">
    </box>
  </image>
  <image id="20" name="MP_SEL_009721.jpg" width="1920" height="1080">
    <box label="bicycle" occluded="1" xtl="596.76" ytl="485.29" xbr="713.43" ybr="556.05" z_order="19">
    </box>
    <box label="bollard" occluded="1" xtl="588.21" ytl="496.17" xbr="688.15" ybr="560.89" z_order="4">
    </box>
    <box label="car" occluded="1" xtl="595.91" ytl="462.98" xbr="665.23" ybr="507.96" z_order="11">
    </box>
    <box label="car" occluded="1" xtl="1730.53" ytl="447.15" xbr="1920.00" ybr="627.61" z_order="5">
    </box>
    <box label="car" occluded="1" xtl="0.00" ytl="446.94" xbr="48.57" ybr="509.75" z_order="13">
    </box>
    <box label="car" occluded="0" xtl="786.00" ytl="441.43" xbr="857.90" ybr="506.90" z_order="10">
    </box>
    <box label="traffic_light" occluded="1" xtl="0.00" ytl="28.87" xbr="35.86" ybr="75.61" z_order="21">
    </box>
    <box label="car" occluded="1" xtl="862.90" ytl="443.70" xbr="937.43" ybr="509.90" z_order="9">
    </box>
    <box label="car" occluded="0" xtl="1434.70" ytl="418.59" xbr="1708.10" ybr="631.00" z_order="6">
    </box>
    <box label="bus" occluded="1" xtl="0.00" ytl="409.46" xbr="88.96" ybr="498.51" z_order="15">
    </box>
    <box label="bollard" occluded="0" xtl="789.05" ytl="519.96" xbr="812.84" ybr="591.45" z_order="3">
    </box>
    <box label="bollard" occluded="0" xtl="630.09" ytl="510.44" xbr="649.13" ybr="596.11" z_order="2">
    </box>
    <box label="tree_trunk" occluded="1" xtl="651.40" ytl="373.68" xbr="671.70" ybr="536.67" z_order="24">
    </box>
    <box label="car" occluded="0" xtl="888.05" ytl="445.11" xbr="993.60" ybr="521.90" z_order="8">
    </box>
    <box label="truck" occluded="1" xtl="143.70" ytl="441.09" xbr="237.31" ybr="489.47" z_order="22">
    </box>
    <box label="tree_trunk" occluded="1" xtl="693.24" ytl="378.74" xbr="712.28" ybr="542.14" z_order="23">
    </box>
    <box label="car" occluded="0" xtl="1041.78" ytl="454.00" xbr="1311.70" ybr="644.40" z_order="7">
    </box>
    <box label="truck" occluded="1" xtl="491.10" ytl="429.25" xbr="592.09" ybr="506.90" z_order="18">
    </box>
    <box label="pole" occluded="1" xtl="525.21" ytl="0.00" xbr="591.00" ybr="584.42" z_order="1">
    </box>
    <box label="truck" occluded="0" xtl="234.80" ytl="387.20" xbr="449.70" ybr="543.20" z_order="17">
    </box>
    <box label="car" occluded="1" xtl="403.30" ytl="458.60" xbr="495.90" ybr="520.10" z_order="12">
    </box>
  </image>
  <image id="21" name="MP_SEL_009722.jpg" width="1920" height="1080">
    <box label="car" occluded="1" xtl="1127.60" ytl="442.83" xbr="1183.11" ybr="485.06" z_order="11">
    </box>
    <box label="tree_trunk" occluded="1" xtl="961.58" ytl="334.16" xbr="1003.89" ybr="569.48" z_order="16">
    </box>
    <box label="car" occluded="1" xtl="1164.79" ytl="446.55" xbr="1246.34" ybr="488.52" z_order="10">
    </box>
    <box label="bus" occluded="1" xtl="1673.50" ytl="390.51" xbr="1920.00" ybr="509.49" z_order="14">
    </box>
    <box label="stop" occluded="0" xtl="766.93" ytl="345.80" xbr="922.50" ybr="567.52" z_order="13">
    </box>
    <box label="movable_signage" occluded="1" xtl="407.30" ytl="393.81" xbr="458.85" ybr="539.76" z_order="6">
    </box>
    <box label="movable_signage" occluded="0" xtl="985.40" ytl="333.53" xbr="1100.87" ybr="613.70" z_order="12">
    </box>
    <box label="motorcycle" occluded="1" xtl="714.59" ytl="455.09" xbr="757.55" ybr="525.05" z_order="4">
    </box>
    <box label="car" occluded="0" xtl="540.55" ytl="407.00" xbr="696.20" ybr="562.70" z_order="7">
    </box>
    <box label="traffic_light" occluded="1" xtl="1216.26" ytl="180.60" xbr="1286.16" ybr="321.78" z_order="1">
    </box>
    <box label="car" occluded="1" xtl="1279.36" ytl="447.05" xbr="1372.10" ybr="496.30" z_order="9">
    </box>
    <box label="tree_trunk" occluded="0" xtl="1152.00" ytl="394.20" xbr="1228.60" ybr="734.21" z_order="15">
    </box>
    <box label="car" occluded="1" xtl="1058.69" ytl="450.52" xbr="1117.50" ybr="485.60" z_order="19">
    </box>
    <box label="car" occluded="1" xtl="1788.88" ytl="447.60" xbr="1920.00" ybr="531.30" z_order="8">
    </box>
    <box label="motorcycle" occluded="1" xtl="717.56" ytl="438.50" xbr="755.04" ybr="503.53" z_order="5">
    </box>
    <box label="bollard" occluded="0" xtl="1733.00" ytl="664.44" xbr="1811.12" ybr="959.13" z_order="2">
    </box>
    <box label="bicycle" occluded="1" xtl="1103.84" ytl="496.40" xbr="1181.80" ybr="638.50" z_order="3">
    </box>
  </image>
  <image id="22" name="MP_SEL_009723.jpg" width="1920" height="1080">
    <box label="tree_trunk" occluded="1" xtl="448.15" ytl="170.80" xbr="502.70" ybr="725.98" z_order="4">
    </box>
    <box label="tree_trunk" occluded="1" xtl="165.80" ytl="313.40" xbr="205.40" ybr="656.08" z_order="5">
    </box>
  </image>
  <image id="23" name="MP_SEL_009726.jpg" width="1920" height="1080">
    <box label="truck" occluded="1" xtl="773.57" ytl="104.15" xbr="1293.32" ybr="285.07" z_order="1">
    </box>
  </image>
  <image id="24" name="MP_SEL_009729.jpg" width="1920" height="1080">
    <box label="person" occluded="0" xtl="714.14" ytl="329.21" xbr="761.73" ybr="478.65" z_order="6">
    </box>
    <box label="car" occluded="1" xtl="1493.49" ytl="346.30" xbr="1658.74" ybr="408.59" z_order="4">
    </box>
    <box label="traffic_sign" occluded="0" xtl="1535.44" ytl="286.67" xbr="1569.71" ybr="324.36" z_order="1">
    </box>
    <box label="car" occluded="1" xtl="16.42" ytl="254.00" xbr="257.43" ybr="395.60" z_order="3">
    </box>
    <box label="car" occluded="0" xtl="1133.02" ytl="365.70" xbr="1292.70" ybr="465.30" z_order="5">
    </box>
  </image>
  <image id="25" name="MP_SEL_009730.jpg" width="1920" height="1080">
    <box label="car" occluded="0" xtl="1143.99" ytl="449.81" xbr="1201.37" ybr="490.66" z_order="2">
    </box>
    <box label="person" occluded="0" xtl="1027.02" ytl="441.18" xbr="1048.84" ybr="517.86" z_order="1">
    </box>
  </image>
  <image id="26" name="MP_SEL_009731.jpg" width="1920" height="1080">
    <box label="tree_trunk" occluded="1" xtl="1230.30" ytl="71.00" xbr="1283.29" ybr="761.07" z_order="6">
    </box>
    <box label="person" occluded="0" xtl="1470.11" ytl="477.80" xbr="1641.60" ybr="819.16" z_order="1">
    </box>
    <box label="car" occluded="1" xtl="1250.31" ytl="540.55" xbr="1493.03" ybr="718.23" z_order="11">
    </box>
    <box label="traffic_sign" occluded="1" xtl="1313.06" ytl="158.42" xbr="1426.55" ybr="276.85" z_order="12">
    </box>
    <box label="bollard" occluded="1" xtl="1577.98" ytl="813.29" xbr="1693.11" ybr="1080.00" z_order="7">
    </box>
    <box label="chair" occluded="0" xtl="968.39" ytl="568.80" xbr="1009.50" ybr="624.00" z_order="3">
    </box>
    <box label="car" occluded="1" xtl="1555.00" ytl="514.60" xbr="1827.60" ybr="667.47" z_order="10">
    </box>
    <box label="car" occluded="1" xtl="1380.82" ytl="548.24" xbr="1920.00" ybr="870.61" z_order="8">
    </box>
    <box label="traffic_sign" occluded="1" xtl="1874.10" ytl="420.53" xbr="1920.00" ybr="476.50" z_order="2">
    </box>
    <box label="movable_signage" occluded="0" xtl="1070.30" ytl="531.93" xbr="1095.60" ybr="583.20" z_order="4">
    </box>
    <box label="pole" occluded="1" xtl="1330.16" ytl="0.00" xbr="1445.30" ybr="817.82" z_order="5">
    </box>
  </image>
  <image id="27" name="MP_SEL_009732.jpg" width="1920" height="1080">
    <box label="barricade" occluded="1" xtl="929.25" ytl="380.68" xbr="989.40" ybr="455.40" z_order="5">
    </box>
    <box label="tree_trunk" occluded="1" xtl="1556.32" ytl="0.00" xbr="1711.47" ybr="513.80" z_order="2">
    </box>
    <box label="tree_trunk" occluded="0" xtl="363.96" ytl="377.66" xbr="386.80" ybr="433.82" z_order="1">
    </box>
  </image>
  <image id="28" name="MP_SEL_009733.jpg" width="1920" height="1080">
    <box label="pole" occluded="1" xtl="1496.58" ytl="0.00" xbr="1630.79" ybr="1080.00" z_order="1">
    </box>
  </image>
  <image id="29" name="MP_SEL_009734.jpg" width="1920" height="1080">
    <box label="car" occluded="0" xtl="510.90" ytl="577.20" xbr="658.19" ybr="691.40" z_order="1">
    </box>
  </image>
  <image id="30" name="MP_SEL_009735.jpg" width="1920" height="1080">
    <box label="person" occluded="0" xtl="521.11" ytl="324.19" xbr="538.64" ybr="377.59" z_order="3">
    </box>
    <box label="person" occluded="0" xtl="873.57" ytl="346.67" xbr="891.10" ybr="402.00" z_order="9">
    </box>
    <box label="tree_trunk" occluded="1" xtl="1616.20" ytl="0.00" xbr="1764.70" ybr="504.10" z_order="7">
    </box>
    <box label="tree_trunk" occluded="1" xtl="1200.91" ytl="203.49" xbr="1291.80" ybr="522.40" z_order="8">
    </box>
  </image>
  <image id="31" name="MP_SEL_009738.jpg" width="1920" height="1080">
    <box label="tree_trunk" occluded="1" xtl="1389.20" ytl="107.90" xbr="1460.59" ybr="809.10" z_order="2">
    </box>
    <box label="tree_trunk" occluded="1" xtl="1779.40" ytl="0.00" xbr="1833.60" ybr="761.07" z_order="3">
    </box>
    <box label="bollard" occluded="0" xtl="796.40" ytl="659.67" xbr="813.52" ybr="705.39" z_order="5">
    </box>
    <box label="bollard" occluded="0" xtl="751.83" ytl="661.32" xbr="769.45" ybr="708.14" z_order="4">
    </box>
    <box label="bollard" occluded="0" xtl="828.34" ytl="659.20" xbr="844.92" ybr="708.15" z_order="6">
    </box>
    <box label="tree_trunk" occluded="1" xtl="1500.40" ytl="0.00" xbr="1748.40" ybr="837.10" z_order="1">
    </box>
  </image>
  <image id="32" name="MP_SEL_009739.jpg" width="1920" height="1080">
    <box label="bollard" occluded="0" xtl="1223.87" ytl="420.10" xbr="1243.04" ybr="470.99" z_order="3">
    </box>
    <box label="tree_trunk" occluded="1" xtl="1637.60" ytl="279.04" xbr="1659.28" ybr="473.70" z_order="6">
    </box>
    <box label="bollard" occluded="0" xtl="1241.05" ytl="417.40" xbr="1266.17" ybr="468.35" z_order="2">
    </box>
    <box label="tree_trunk" occluded="1" xtl="1676.70" ytl="257.62" xbr="1714.80" ybr="486.60" z_order="5">
    </box>
    <box label="bollard" occluded="0" xtl="1309.80" ytl="423.40" xbr="1332.27" ybr="474.30" z_order="1">
    </box>
    <box label="tree_trunk" occluded="1" xtl="1820.30" ytl="263.97" xbr="1852.82" ybr="498.75" z_order="4">
    </box>
  </image>
  <image id="33" name="MP_SEL_009741.jpg" width="1920" height="1080">
    <box label="tree_trunk" occluded="1" xtl="1597.60" ytl="60.50" xbr="1691.55" ybr="575.10" z_order="1">
    </box>
    <box label="bollard" occluded="0" xtl="1038.00" ytl="384.14" xbr="1061.79" ybr="411.90" z_order="8">
    </box>
    <box label="pole" occluded="1" xtl="1578.11" ytl="111.52" xbr="1613.75" ybr="914.10" z_order="3">
    </box>
    <box label="tree_trunk" occluded="1" xtl="1502.10" ytl="0.00" xbr="1590.70" ybr="445.50" z_order="2">
    </box>
    <box label="bicycle" occluded="1" xtl="688.86" ytl="439.79" xbr="818.41" ybr="531.67" z_order="5">
    </box>
    <box label="bicycle" occluded="1" xtl="651.18" ytl="479.45" xbr="723.40" ybr="552.30" z_order="4">
    </box>
    <box label="bollard" occluded="0" xtl="1166.89" ytl="385.46" xbr="1190.68" ybr="412.56" z_order="9">
    </box>
    <box label="tree_trunk" occluded="1" xtl="1450.30" ytl="18.71" xbr="1492.61" ybr="497.30" z_order="7">
    </box>
    <box label="bench" occluded="0" xtl="919.54" ytl="427.23" xbr="976.40" ybr="502.20" z_order="6">
    </box>
  </image>
  <image id="34" name="MP_SEL_009742.jpg" width="1920" height="1080">
    <box label="bollard" occluded="0" xtl="15.03" ytl="581.52" xbr="65.74" ybr="772.04" z_order="7">
    </box>
    <box label="pole" occluded="1" xtl="1499.40" ytl="294.43" xbr="1535.21" ybr="534.30" z_order="11">
    </box>
    <box label="bollard" occluded="0" xtl="721.72" ytl="490.82" xbr="743.93" ybr="536.03" z_order="12">
    </box>
    <box label="traffic_sign" occluded="0" xtl="1456.13" ytl="275.27" xbr="1496.85" ybr="331.32" z_order="19">
    </box>
    <box label="person" occluded="0" xtl="1043.57" ytl="410.12" xbr="1085.45" ybr="522.44" z_order="16">
    </box>
    <box label="pole" occluded="1" xtl="694.59" ytl="0.00" xbr="742.57" ybr="509.42" z_order="10">
    </box>
    <box label="pole" occluded="1" xtl="1664.54" ytl="0.00" xbr="1757.80" ybr="657.15" z_order="9">
    </box>
    <box label="car" occluded="1" xtl="410.03" ytl="412.34" xbr="553.75" ybr="476.11" z_order="17">
    </box>
    <box label="bollard" occluded="0" xtl="810.14" ytl="556.57" xbr="846.69" ybr="755.31" z_order="6">
    </box>
    <box label="pole" occluded="1" xtl="1790.86" ytl="0.00" xbr="1911.10" ybr="700.58" z_order="8">
    </box>
    <box label="person" occluded="0" xtl="347.87" ytl="374.52" xbr="537.35" ybr="862.00" z_order="14">
    </box>
    <box label="person" occluded="0" xtl="158.75" ytl="335.40" xbr="326.52" ybr="838.00" z_order="15">
    </box>
    <box label="bollard" occluded="0" xtl="851.87" ytl="445.15" xbr="893.75" ybr="523.20" z_order="4">
    </box>
  </image>
  <image id="35" name="MP_SEL_009743.jpg" width="1920" height="1080">
    <box label="bollard" occluded="0" xtl="561.49" ytl="598.50" xbr="591.78" ybr="640.67" z_order="5">
    </box>
    <box label="person" occluded="1" xtl="915.18" ytl="529.82" xbr="963.43" ybr="693.09" z_order="8">
    </box>
    <box label="person" occluded="0" xtl="812.92" ytl="541.21" xbr="846.96" ybr="666.68" z_order="11">
    </box>
    <box label="movable_signage" occluded="0" xtl="432.20" ytl="596.00" xbr="473.45" ybr="693.56" z_order="4">
    </box>
    <box label="person" occluded="0" xtl="962.77" ytl="545.68" xbr="997.14" ybr="652.10" z_order="7">
    </box>
    <box label="person" occluded="1" xtl="1024.14" ytl="510.40" xbr="1080.60" ybr="709.15" z_order="10">
    </box>
    <box label="car" occluded="1" xtl="195.95" ytl="556.30" xbr="492.01" ybr="651.30" z_order="1">
    </box>
    <box label="person" occluded="0" xtl="593.25" ytl="544.13" xbr="624.18" ybr="628.29" z_order="12">
    </box>
    <box label="person" occluded="0" xtl="890.72" ytl="513.96" xbr="930.38" ybr="703.00" z_order="9">
    </box>
    <box label="pole" occluded="1" xtl="790.81" ytl="158.95" xbr="822.34" ybr="633.19" z_order="2">
    </box>
  </image>
  <image id="36" name="MP_SEL_009744.jpg" width="1920" height="1080">
    <box label="traffic_sign" occluded="0" xtl="924.40" ytl="185.96" xbr="974.00" ybr="237.10" z_order="3">
    </box>
    <box label="car" occluded="0" xtl="729.50" ytl="283.00" xbr="849.50" ybr="383.50" z_order="1">
    </box>
    <box label="car" occluded="0" xtl="285.00" ytl="281.53" xbr="484.60" ybr="376.30" z_order="2">
    </box>
  </image>
  <image id="37" name="MP_SEL_009745.jpg" width="1920" height="1080">
    <box label="car" occluded="1" xtl="1480.10" ytl="253.60" xbr="1718.82" ybr="367.21" z_order="2">
    </box>
    <box label="bollard" occluded="1" xtl="1224.80" ytl="599.91" xbr="1347.20" ybr="1080.00" z_order="1">
    </box>
  </image>
  <image id="38" name="MP_SEL_009746.jpg" width="1920" height="1080">
    <box label="pole" occluded="1" xtl="1635.61" ytl="1.50" xbr="1674.10" ybr="481.98" z_order="7">
    </box>
    <box label="pole" occluded="1" xtl="622.60" ytl="2.60" xbr="665.80" ybr="476.50" z_order="13">
    </box>
    <box label="pole" occluded="1" xtl="1730.98" ytl="1.10" xbr="1782.10" ybr="481.40" z_order="4">
    </box>
    <box label="bollard" occluded="0" xtl="1514.18" ytl="427.36" xbr="1536.65" ybr="529.82" z_order="12">
    </box>
    <box label="bollard" occluded="0" xtl="1296.47" ytl="435.15" xbr="1319.31" ybr="531.29" z_order="1">
    </box>
    <box label="bollard" occluded="0" xtl="1081.36" ytl="417.07" xbr="1099.44" ybr="522.72" z_order="2">
    </box>
    <box label="car" occluded="1" xtl="825.42" ytl="368.90" xbr="984.06" ybr="435.10" z_order="10">
    </box>
  </image>
  <image id="39" name="MP_SEL_009747.jpg" width="1920" height="1080">
    <box label="person" occluded="0" xtl="368.30" ytl="269.44" xbr="431.20" ybr="496.90" z_order="5">
    </box>
    <box label="traffic_sign" occluded="0" xtl="369.05" ytl="194.97" xbr="404.50" ybr="231.20" z_order="9">
    </box>
    <box label="traffic_sign" occluded="0" xtl="186.89" ytl="124.83" xbr="238.45" ybr="179.03" z_order="8">
    </box>
    <box label="pole" occluded="1" xtl="139.23" ytl="0.00" xbr="194.10" ybr="484.60" z_order="6">
    </box>
    <box label="traffic_sign" occluded="0" xtl="368.67" ytl="164.48" xbr="400.40" ybr="193.70" z_order="7">
    </box>
  </image>
  <image id="40" name="MP_SEL_009748.jpg" width="1920" height="1080">
    <box label="pole" occluded="1" xtl="556.80" ytl="0.00" xbr="721.30" ybr="960.71" z_order="1">
    </box>
    <box label="pole" occluded="1" xtl="821.10" ytl="0.00" xbr="864.97" ybr="571.37" z_order="2">
    </box>
    <box label="bus" occluded="0" xtl="15.33" ytl="344.29" xbr="409.40" ybr="532.40" z_order="11">
    </box>
  </image>
  <image id="41" name="MP_SEL_009749.jpg" width="1920" height="1080">
    <box label="bicycle" occluded="1" xtl="1610.79" ytl="458.87" xbr="1918.68" ybr="711.07" z_order="7">
    </box>
    <box label="pole" occluded="1" xtl="994.08" ytl="0.00" xbr="1048.91" ybr="482.56" z_order="11">
    </box>
    <box label="person" occluded="0" xtl="929.57" ytl="443.36" xbr="975.40" ybr="556.17" z_order="18">
    </box>
    <box label="person" occluded="0" xtl="849.05" ytl="446.90" xbr="899.60" ybr="562.70" z_order="19">
    </box>
    <box label="pole" occluded="1" xtl="1731.60" ytl="0.00" xbr="1788.92" ybr="646.76" z_order="9">
    </box>
    <box label="pole" occluded="1" xtl="1308.68" ytl="0.00" xbr="1401.45" ybr="874.66" z_order="10">
    </box>
    <box label="car" occluded="1" xtl="1161.60" ytl="398.30" xbr="1342.32" ybr="484.90" z_order="12">
    </box>
    <box label="bicycle" occluded="1" xtl="1499.87" ytl="456.10" xbr="1807.77" ybr="708.29" z_order="17">
    </box>
  </image>
  <image id="42" name="MP_SEL_009750.jpg" width="1920" height="1080">
    <box label="pole" occluded="1" xtl="858.93" ytl="0.00" xbr="901.42" ybr="476.11" z_order="4">
    </box>
    <box label="car" occluded="1" xtl="0.00" ytl="376.00" xbr="172.67" ybr="484.20" z_order="9">
    </box>
    <box label="car" occluded="1" xtl="143.32" ytl="371.00" xbr="325.76" ybr="486.00" z_order="8">
    </box>
    <box label="bicycle" occluded="0" xtl="106.68" ytl="577.02" xbr="467.87" ybr="1080.00" z_order="1">
    </box>
    <box label="pole" occluded="1" xtl="558.76" ytl="0.00" xbr="627.29" ybr="480.22" z_order="5">
    </box>
    <box label="traffic_sign" occluded="1" xtl="437.08" ytl="0.00" xbr="506.16" ybr="104.31" z_order="3">
    </box>
    <box label="motorcycle" occluded="1" xtl="589.30" ytl="378.76" xbr="723.20" ybr="458.70" z_order="6">
    </box>
    <box label="bicycle" occluded="1" xtl="244.84" ytl="456.62" xbr="507.35" ybr="829.66" z_order="2">
    </box>
  </image>
  <image id="43" name="MP_SEL_009751.jpg" width="1920" height="1080">
    <box label="potted_plant" occluded="0" xtl="871.48" ytl="393.12" xbr="951.43" ybr="457.08" z_order="3">
    </box>
    <box label="potted_plant" occluded="1" xtl="516.10" ytl="417.07" xbr="768.90" ybr="499.70" z_order="6">
    </box>
    <box label="potted_plant" occluded="1" xtl="1034.81" ytl="382.84" xbr="1152.46" ybr="489.06" z_order="1">
    </box>
    <box label="potted_plant" occluded="0" xtl="967.42" ytl="420.53" xbr="1117.05" ybr="538.18" z_order="2">
    </box>
    <box label="potted_plant" occluded="0" xtl="802.94" ytl="396.50" xbr="877.19" ybr="452.51" z_order="4">
    </box>
    <box label="pole" occluded="1" xtl="123.85" ytl="0.00" xbr="384.38" ybr="917.29" z_order="9">
    </box>
    <box label="potted_plant" occluded="0" xtl="378.61" ytl="474.18" xbr="643.22" ybr="583.64" z_order="5">
    </box>
    <box label="potted_plant" occluded="0" xtl="15.96" ytl="489.41" xbr="148.27" ybr="540.81" z_order="8">
    </box>
  </image>
  <image id="44" name="MP_SEL_009752.jpg" width="1920" height="1080">
    <box label="bicycle" occluded="1" xtl="0.00" ytl="669.92" xbr="165.80" ybr="979.69" z_order="8">
    </box>
    <box label="potted_plant" occluded="1" xtl="1776.31" ytl="443.49" xbr="1851.69" ybr="470.00" z_order="2">
    </box>
    <box label="potted_plant" occluded="1" xtl="986.38" ytl="559.08" xbr="1076.62" ybr="591.06" z_order="6">
    </box>
    <box label="traffic_sign" occluded="0" xtl="418.32" ytl="282.29" xbr="496.06" ybr="366.37" z_order="11">
    </box>
    <box label="potted_plant" occluded="0" xtl="1048.06" ytl="555.66" xbr="1144.01" ybr="593.35" z_order="5">
    </box>
    <box label="potted_plant" occluded="1" xtl="1855.80" ytl="446.23" xbr="1920.00" ybr="531.21" z_order="1">
    </box>
    <box label="car" occluded="1" xtl="44.90" ytl="564.13" xbr="161.98" ybr="627.90" z_order="9">
    </box>
    <box label="motorcycle" occluded="0" xtl="95.90" ytl="600.02" xbr="634.56" ybr="1012.58" z_order="7">
    </box>
    <box label="potted_plant" occluded="0" xtl="1189.69" ytl="517.96" xbr="1313.05" ybr="571.65" z_order="4">
    </box>
    <box label="pole" occluded="1" xtl="109.41" ytl="0.00" xbr="227.83" ybr="757.94" z_order="13">
    </box>
    <box label="pole" occluded="1" xtl="456.46" ytl="0.00" xbr="548.57" ybr="565.51" z_order="12">
    </box>
    <box label="potted_plant" occluded="0" xtl="1309.62" ytl="472.28" xbr="1405.57" ybr="523.67" z_order="3">
    </box>
  </image>
  <image id="45" name="MP_SEL_009753.jpg" width="1920" height="1080">
    <box label="pole" occluded="1" xtl="1271.50" ytl="0.00" xbr="1321.70" ybr="611.70" z_order="1">
    </box>
    <box label="bicycle" occluded="0" xtl="1544.90" ytl="492.45" xbr="1808.56" ybr="851.30" z_order="3">
    </box>
    <box label="traffic_sign" occluded="1" xtl="1336.61" ytl="0.00" xbr="1460.52" ybr="68.82" z_order="5">
    </box>
    <box label="pole" occluded="1" xtl="709.38" ytl="0.00" xbr="811.22" ybr="824.96" z_order="2">
    </box>
  </image>
  <image id="46" name="MP_SEL_009754.jpg" width="1920" height="1080">
    <box label="car" occluded="1" xtl="0.00" ytl="466.40" xbr="127.34" ybr="528.43" z_order="9">
    </box>
    <box label="car" occluded="1" xtl="0.00" ytl="463.80" xbr="182.90" ybr="518.50" z_order="10">
    </box>
    <box label="potted_plant" occluded="1" xtl="1317.41" ytl="648.40" xbr="1916.71" ybr="1002.74" z_order="1">
    </box>
    <box label="potted_plant" occluded="0" xtl="981.10" ytl="536.67" xbr="1134.18" ybr="610.43" z_order="4">
    </box>
    <box label="potted_plant" occluded="0" xtl="1151.80" ytl="440.40" xbr="1362.62" ybr="554.91" z_order="3">
    </box>
    <box label="potted_plant" occluded="1" xtl="126.30" ytl="872.40" xbr="844.90" ybr="1080.00" z_order="2">
    </box>
  </image>
  <image id="47" name="MP_SEL_009755.jpg" width="1920" height="1080">
    <box label="traffic_sign" occluded="1" xtl="1896.31" ytl="258.07" xbr="1920.00" ybr="324.70" z_order="12">
    </box>
    <box label="person" occluded="0" xtl="136.03" ytl="237.35" xbr="274.04" ybr="457.86" z_order="9">
    </box>
    <box label="bus" occluded="1" xtl="594.34" ytl="257.51" xbr="796.50" ybr="329.12" z_order="7">
    </box>
    <box label="pole" occluded="1" xtl="746.20" ytl="0.00" xbr="773.90" ybr="400.70" z_order="11">
    </box>
    <box label="car" occluded="1" xtl="505.66" ytl="291.66" xbr="618.03" ybr="330.77" z_order="6">
    </box>
    <box label="person" occluded="1" xtl="230.44" ytl="257.44" xbr="296.60" ybr="460.70" z_order="8">
    </box>
    <box label="car" occluded="0" xtl="941.34" ytl="291.65" xbr="1781.82" ybr="623.90" z_order="5">
    </box>
    <box label="car" occluded="1" xtl="1746.20" ytl="332.70" xbr="1920.00" ybr="410.91" z_order="3">
    </box>
    <box label="car" occluded="1" xtl="0.00" ytl="259.60" xbr="194.80" ybr="367.80" z_order="10">
    </box>
  </image>
  <image id="48" name="MP_SEL_009756.jpg" width="1920" height="1080">
    <box label="car" occluded="1" xtl="1795.75" ytl="539.89" xbr="1920.00" ybr="631.27" z_order="3">
    </box>
    <box label="car" occluded="1" xtl="0.00" ytl="419.39" xbr="437.10" ybr="630.81" z_order="7">
    </box>
    <box label="pole" occluded="0" xtl="65.40" ytl="159.50" xbr="103.50" ybr="688.70" z_order="1">
    </box>
    <box label="car" occluded="0" xtl="1072.90" ytl="510.00" xbr="1370.80" ybr="603.70" z_order="6">
    </box>
    <box label="car" occluded="0" xtl="1376.60" ytl="518.19" xbr="1677.40" ybr="627.00" z_order="5">
    </box>
    <box label="car" occluded="1" xtl="1491.30" ytl="519.61" xbr="1707.82" ybr="607.66" z_order="8">
    </box>
  </image>
  <image id="49" name="MP_SEL_009757.jpg" width="1920" height="1080">
    <box label="person" occluded="0" xtl="729.80" ytl="368.96" xbr="791.66" ybr="559.90" z_order="2">
    </box>
    <box label="potted_plant" occluded="0" xtl="576.17" ytl="489.60" xbr="688.30" ybr="540.81" z_order="5">
    </box>
    <box label="car" occluded="1" xtl="897.43" ytl="366.17" xbr="1920.00" ybr="777.36" z_order="1">
    </box>
    <box label="potted_plant" occluded="1" xtl="485.10" ytl="399.10" xbr="595.90" ybr="479.90" z_order="6">
    </box>
    <box label="person" occluded="1" xtl="1045.22" ytl="389.59" xbr="1102.33" ybr="597.47" z_order="4">
    </box>
    <box label="person" occluded="1" xtl="980.75" ytl="396.36" xbr="1052.76" ybr="597.67" z_order="3">
    </box>
    <box label="potted_plant" occluded="0" xtl="339.20" ytl="430.60" xbr="527.60" ybr="524.70" z_order="7">
    </box>
  </image>
  <image id="50" name="MP_SEL_009758.jpg" width="1920" height="1080">
    <box label="car" occluded="1" xtl="720.93" ytl="439.95" xbr="910.54" ybr="499.34" z_order="2">
    </box>
    <box label="car" occluded="1" xtl="0.00" ytl="416.00" xbr="147.90" ybr="534.40" z_order="3">
    </box>
    <box label="car" occluded="0" xtl="834.01" ytl="426.25" xbr="1089.87" ybr="503.92" z_order="1">
    </box>
  </image>
  <image id="51" name="MP_SEL_009759.jpg" width="1920" height="1080">
    <box label="bollard" occluded="0" xtl="1092.90" ytl="273.22" xbr="1110.34" ybr="311.32" z_order="2">
    </box>
    <box label="bollard" occluded="0" xtl="1053.88" ytl="272.40" xbr="1076.00" ybr="316.30" z_order="3">
    </box>
    <box label="car" occluded="1" xtl="0.00" ytl="362.71" xbr="267.64" ybr="525.54" z_order="6">
    </box>
  </image>
  <image id="52" name="MP_SEL_009760.jpg" width="1920" height="1080">
    <box label="bus" occluded="1" xtl="541.10" ytl="388.60" xbr="751.60" ybr="475.30" z_order="6">
    </box>
    <box label="truck" occluded="1" xtl="1049.70" ytl="373.69" xbr="1249.45" ybr="463.30" z_order="5">
    </box>
    <box label="car" occluded="1" xtl="1671.81" ytl="351.40" xbr="1879.63" ybr="431.50" z_order="1">
    </box>
    <box label="car" occluded="1" xtl="1481.45" ytl="342.41" xbr="1651.98" ybr="438.10" z_order="2">
    </box>
    <box label="pole" occluded="1" xtl="1650.07" ytl="170.60" xbr="1666.52" ybr="446.10" z_order="12">
    </box>
    <box label="truck" occluded="1" xtl="1335.00" ytl="330.90" xbr="1520.50" ybr="431.20" z_order="4">
    </box>
    <box label="car" occluded="1" xtl="1154.00" ytl="367.40" xbr="1399.90" ybr="457.58" z_order="3">
    </box>
  </image>
  <image id="53" name="MP_SEL_009761.jpg" width="1920" height="1080">
    <box label="person" occluded="0" xtl="913.20" ytl="396.39" xbr="976.80" ybr="594.80" z_order="2">
    </box>
    <box label="pole" occluded="1" xtl="470.93" ytl="0.00" xbr="530.14" ybr="638.70" z_order="1">
    </box>
    <box label="person" occluded="0" xtl="968.83" ytl="419.24" xbr="1025.60" ybr="594.00" z_order="3">
    </box>
    <box label="bicycle" occluded="1" xtl="688.50" ytl="488.54" xbr="828.80" ybr="617.90" z_order="5">
    </box>
    <box label="motorcycle" occluded="0" xtl="785.18" ytl="445.13" xbr="866.88" ybr="599.01" z_order="4">
    </box>
  </image>
  <image id="54" name="MP_SEL_009762.jpg" width="1920" height="1080">
    <box label="traffic_sign" occluded="0" xtl="672.94" ytl="49.02" xbr="715.43" ybr="84.66" z_order="5">
    </box>
    <box label="pole" occluded="1" xtl="316.60" ytl="87.50" xbr="344.35" ybr="478.27" z_order="14">
    </box>
    <box label="person" occluded="0" xtl="669.51" ytl="299.03" xbr="716.11" ybr="460.76" z_order="10">
    </box>
    <box label="traffic_light" occluded="0" xtl="709.54" ytl="42.31" xbr="775.30" ybr="76.00" z_order="8">
    </box>
    <box label="traffic_sign" occluded="0" xtl="1559.77" ytl="189.68" xbr="1622.27" ybr="255.47" z_order="3">
    </box>
    <box label="pole" occluded="1" xtl="969.68" ytl="0.00" xbr="993.60" ybr="430.61" z_order="12">
    </box>
    <box label="pole" occluded="1" xtl="229.80" ytl="0.00" xbr="266.90" ybr="517.20" z_order="15">
    </box>
    <box label="traffic_light" occluded="0" xtl="598.39" ytl="59.18" xbr="664.07" ybr="93.44" z_order="7">
    </box>
    <box label="person" occluded="0" xtl="986.13" ytl="290.80" xbr="1036.84" ybr="438.83" z_order="9">
    </box>
    <box label="pole" occluded="1" xtl="161.20" ytl="0.00" xbr="199.67" ybr="522.30" z_order="16">
    </box>
    <box label="traffic_sign" occluded="0" xtl="779.85" ytl="0.00" xbr="829.19" ybr="54.60" z_order="6">
    </box>
    <box label="traffic_sign" occluded="0" xtl="670.20" ytl="0.00" xbr="704.46" ybr="54.50" z_order="4">
    </box>
  </image>
  <image id="55" name="MP_SEL_009763.jpg" width="1920" height="1080">
    <box label="bicycle" occluded="1" xtl="1350.89" ytl="599.22" xbr="1762.08" ybr="857.45" z_order="2">
    </box>
    <box label="bicycle" occluded="0" xtl="986.80" ytl="597.50" xbr="1309.10" ybr="845.80" z_order="3">
    </box>
    <box label="tree_trunk" occluded="0" xtl="278.16" ytl="529.49" xbr="337.38" ybr="728.50" z_order="7">
    </box>
    <box label="tree_trunk" occluded="0" xtl="961.80" ytl="480.14" xbr="995.29" ybr="642.60" z_order="6">
    </box>
    <box label="stroller" occluded="0" xtl="1693.00" ytl="620.61" xbr="1920.00" ybr="890.35" z_order="1">
    </box>
  </image>
  <image id="56" name="MP_SEL_009764.jpg" width="1920" height="1080">
    <box label="motorcycle" occluded="1" xtl="12.18" ytl="431.12" xbr="451.50" ybr="708.90" z_order="6">
    </box>
    <box label="tree_trunk" occluded="0" xtl="790.97" ytl="374.62" xbr="810.80" ybr="468.21" z_order="9">
    </box>
    <box label="person" occluded="0" xtl="1490.69" ytl="317.97" xbr="1584.44" ybr="523.56" z_order="15">
    </box>
    <box label="tree_trunk" occluded="0" xtl="1278.58" ytl="351.30" xbr="1326.26" ybr="535.00" z_order="7">
    </box>
    <box label="person" occluded="0" xtl="1748.21" ytl="297.38" xbr="1837.44" ybr="563.29" z_order="1">
    </box>
    <box label="tree_trunk" occluded="0" xtl="903.20" ytl="388.80" xbr="936.01" ybr="490.26" z_order="8">
    </box>
    <box label="chair" occluded="0" xtl="1180.87" ytl="416.09" xbr="1239.81" ybr="502.58" z_order="14">
    </box>
    <box label="chair" occluded="0" xtl="1345.89" ytl="412.14" xbr="1414.10" ybr="500.97" z_order="12">
    </box>
    <box label="chair" occluded="0" xtl="980.49" ytl="406.41" xbr="1041.96" ybr="486.39" z_order="13">
    </box>
    <box label="motorcycle" occluded="1" xtl="0.00" ytl="596.26" xbr="339.68" ybr="1080.00" z_order="4">
    </box>
  </image>
  <image id="58" name="MP_SEL_009766.jpg" width="1920" height="1080">
    <box label="bicycle" occluded="1" xtl="489.68" ytl="497.22" xbr="757.10" ybr="945.42" z_order="2">
    </box>
    <box label="traffic_sign" occluded="0" xtl="915.02" ytl="266.10" xbr="959.50" ybr="312.21" z_order="11">
    </box>
    <box label="person" occluded="0" xtl="1584.96" ytl="330.60" xbr="1678.17" ybr="538.34" z_order="4">
    </box>
    <box label="bicycle" occluded="0" xtl="905.12" ytl="449.25" xbr="1011.30" ybr="610.10" z_order="1">
    </box>
    <box label="tree_trunk" occluded="1" xtl="1185.26" ytl="360.02" xbr="1253.48" ybr="524.21" z_order="13">
    </box>
    <box label="person" occluded="1" xtl="0.00" ytl="481.70" xbr="83.70" ybr="836.50" z_order="6">
    </box>
    <box label="person" occluded="0" xtl="1067.36" ytl="382.90" xbr="1108.29" ybr="509.49" z_order="5">
    </box>
    <box label="tree_trunk" occluded="0" xtl="1237.89" ytl="335.10" xbr="1304.14" ybr="616.08" z_order="12">
    </box>
    <box label="bicycle" occluded="0" xtl="97.82" ytl="542.45" xbr="625.20" ybr="1080.00" z_order="3">
    </box>
    <box label="car" occluded="1" xtl="1350.72" ytl="351.38" xbr="1512.60" ybr="439.11" z_order="10">
    </box>
  </image>
  <image id="59" name="MP_SEL_009767.jpg" width="1920" height="1080">
    <box label="motorcycle" occluded="0" xtl="1356.53" ytl="473.60" xbr="1527.84" ybr="622.88" z_order="7">
    </box>
    <box label="chair" occluded="0" xtl="284.92" ytl="537.95" xbr="396.63" ybr="666.84" z_order="11">
    </box>
    <box label="tree_trunk" occluded="0" xtl="584.70" ytl="474.76" xbr="615.00" ybr="567.85" z_order="4">
    </box>
    <box label="tree_trunk" occluded="0" xtl="862.62" ytl="272.80" xbr="1015.90" ybr="869.53" z_order="1">
    </box>
    <box label="motorcycle" occluded="1" xtl="1769.65" ytl="509.58" xbr="1920.00" ybr="766.20" z_order="5">
    </box>
    <box label="chair" occluded="0" xtl="406.11" ytl="538.89" xbr="501.29" ybr="670.56" z_order="9">
    </box>
    <box label="chair" occluded="0" xtl="70.58" ytl="532.54" xbr="193.53" ybr="661.83" z_order="8">
    </box>
    <box label="motorcycle" occluded="0" xtl="1522.93" ytl="479.64" xbr="1732.33" ybr="635.90" z_order="6">
    </box>
    <box label="tree_trunk" occluded="0" xtl="665.02" ytl="479.79" xbr="707.86" ybr="649.22" z_order="2">
    </box>
    <box label="chair" occluded="1" xtl="470.36" ytl="522.23" xbr="535.40" ybr="613.45" z_order="10">
    </box>
    <box label="tree_trunk" occluded="0" xtl="622.80" ytl="429.35" xbr="651.70" ybr="594.02" z_order="3">
    </box>
  </image>
  <image id="60" name="MP_SEL_009769.jpg" width="1920" height="1080">
    <box label="person" occluded="0" xtl="1467.64" ytl="353.44" xbr="1527.93" ybr="525.56" z_order="3">
    </box>
    <box label="car" occluded="1" xtl="1670.64" ytl="249.45" xbr="1920.00" ybr="467.42" z_order="13">
    </box>
    <box label="bicycle" occluded="1" xtl="713.97" ytl="480.73" xbr="910.42" ybr="630.36" z_order="11">
    </box>
    <box label="person" occluded="0" xtl="1595.37" ytl="360.63" xbr="1626.22" ybr="443.80" z_order="4">
    </box>
    <box label="bicycle" occluded="1" xtl="0.00" ytl="595.22" xbr="299.85" ybr="859.89" z_order="9">
    </box>
    <box label="person" occluded="1" xtl="1559.02" ytl="357.32" xbr="1597.70" ybr="469.80" z_order="6">
    </box>
    <box label="person" occluded="0" xtl="1344.30" ytl="314.50" xbr="1483.20" ybr="691.00" z_order="1">
    </box>
    <box label="bicycle" occluded="1" xtl="51.18" ytl="565.08" xbr="431.06" ybr="826.83" z_order="10">
    </box>
    <box label="tree_trunk" occluded="1" xtl="1043.80" ytl="383.90" xbr="1077.10" ybr="541.30" z_order="8">
    </box>
    <box label="person" occluded="0" xtl="1523.96" ytl="355.03" xbr="1583.45" ybr="527.94" z_order="2">
    </box>
    <box label="tree_trunk" occluded="1" xtl="853.77" ytl="362.97" xbr="883.47" ybr="558.28" z_order="7">
    </box>
  </image>
  <image id="61" name="MP_SEL_009770.jpg" width="1920" height="1080">
    <box label="tree_trunk" occluded="0" xtl="642.01" ytl="531.44" xbr="663.71" ybr="615.96" z_order="6">
    </box>
    <box label="person" occluded="1" xtl="1758.79" ytl="436.39" xbr="1837.74" ybr="641.99" z_order="2">
    </box>
    <box label="tree_trunk" occluded="0" xtl="1105.81" ytl="526.85" xbr="1153.51" ybr="683.11" z_order="5">
    </box>
    <box label="person" occluded="0" xtl="923.25" ytl="452.84" xbr="1053.18" ybr="724.23" z_order="3">
    </box>
    <box label="person" occluded="0" xtl="1813.07" ytl="393.63" xbr="1920.00" ybr="697.91" z_order="1">
    </box>
    <box label="tree_trunk" occluded="0" xtl="1413.39" ytl="533.43" xbr="1553.19" ybr="896.93" z_order="4">
    </box>
  </image>
  <image id="62" name="MP_SEL_009771.jpg" width="1920" height="1080">
    <box label="car" occluded="0" xtl="800.82" ytl="230.66" xbr="937.29" ybr="279.16" z_order="2">
    </box>
    <box label="person" occluded="0" xtl="321.16" ytl="152.80" xbr="395.40" ybr="385.81" z_order="4">
    </box>
    <box label="car" occluded="1" xtl="0.00" ytl="191.20" xbr="361.69" ybr="418.90" z_order="3">
    </box>
    <box label="pole" occluded="1" xtl="1132.13" ytl="0.00" xbr="1186.41" ybr="431.46" z_order="1">
    </box>
  </image>
  <image id="63" name="MP_SEL_009772.jpg" width="1920" height="1080">
    <box label="person" occluded="0" xtl="1241.21" ytl="184.03" xbr="1290.55" ybr="321.09" z_order="2">
    </box>
    <box label="movable_signage" occluded="1" xtl="82.21" ytl="0.00" xbr="707.50" ybr="1080.00" z_order="1">
    </box>
  </image>
  <image id="64" name="MP_SEL_009773.jpg" width="1920" height="1080">
    <box label="pole" occluded="1" xtl="972.90" ytl="0.00" xbr="1023.30" ybr="316.10" z_order="3">
    </box>
    <box label="pole" occluded="1" xtl="838.90" ytl="0.00" xbr="897.50" ybr="316.30" z_order="4">
    </box>
    <box label="person" occluded="0" xtl="1498.92" ytl="115.66" xbr="1566.35" ybr="317.97" z_order="1">
    </box>
    <box label="car" occluded="0" xtl="1155.16" ytl="110.20" xbr="1330.90" ybr="230.50" z_order="2">
    </box>
  </image>
  <image id="65" name="MP_SEL_009774.jpg" width="1920" height="1080">
    <box label="movable_signage" occluded="1" xtl="0.00" ytl="340.40" xbr="56.12" ybr="478.01" z_order="3">
    </box>
    <box label="person" occluded="1" xtl="721.01" ytl="217.72" xbr="752.73" ybr="312.91" z_order="8">
    </box>
    <box label="pole" occluded="1" xtl="322.88" ytl="0.00" xbr="406.48" ybr="375.51" z_order="1">
    </box>
    <box label="movable_signage" occluded="0" xtl="1042.12" ytl="134.41" xbr="1134.64" ybr="369.71" z_order="5">
    </box>
    <box label="person" occluded="0" xtl="917.62" ytl="218.93" xbr="949.60" ybr="318.31" z_order="6">
    </box>
    <box label="car" occluded="0" xtl="565.03" ytl="227.00" xbr="751.21" ybr="335.20" z_order="7">
    </box>
    <box label="movable_signage" occluded="0" xtl="897.46" ytl="284.95" xbr="934.58" ybr="385.85" z_order="2">
    </box>
    <box label="movable_signage" occluded="0" xtl="126.85" ytl="324.88" xbr="187.70" ybr="441.82" z_order="4">
    </box>
  </image>
  <image id="66" name="MP_SEL_009775.jpg" width="1920" height="1080">
    <box label="movable_signage" occluded="1" xtl="276.16" ytl="453.86" xbr="505.07" ybr="1032.20" z_order="1">
    </box>
  </image>
  <image id="67" name="MP_SEL_009776.jpg" width="1920" height="1080">
    <box label="movable_signage" occluded="0" xtl="1305.98" ytl="477.02" xbr="1442.50" ybr="814.20" z_order="3">
    </box>
    <box label="movable_signage" occluded="0" xtl="1206.15" ytl="447.91" xbr="1288.38" ybr="694.62" z_order="7">
    </box>
    <box label="car" occluded="1" xtl="1086.50" ytl="368.46" xbr="1272.30" ybr="495.90" z_order="6">
    </box>
    <box label="pole" occluded="1" xtl="1119.58" ytl="0.00" xbr="1210.48" ybr="559.55" z_order="5">
    </box>
  </image>
  <image id="68" name="MP_SEL_009777.jpg" width="1920" height="1080">
    <box label="pole" occluded="0" xtl="224.90" ytl="92.80" xbr="260.40" ybr="614.03" z_order="1">
    </box>
    <box label="person" occluded="1" xtl="713.97" ytl="478.56" xbr="764.22" ybr="614.48" z_order="2">
    </box>
  </image>
  <image id="69" name="MP_SEL_009778.jpg" width="1920" height="1080">
    <box label="tree_trunk" occluded="1" xtl="1367.11" ytl="234.26" xbr="1570.50" ybr="969.50" z_order="2">
    </box>
    <box label="truck" occluded="0" xtl="512.50" ytl="190.40" xbr="1331.58" ybr="598.90" z_order="3">
    </box>
  </image>
  <image id="70" name="MP_SEL_009779.jpg" width="1920" height="1080">
    <box label="truck" occluded="0" xtl="687.35" ytl="233.67" xbr="934.40" ybr="434.30" z_order="2">
    </box>
    <box label="truck" occluded="1" xtl="0.00" ytl="97.57" xbr="595.90" ybr="1037.90" z_order="1">
    </box>
  </image>
  <image id="71" name="MP_SEL_009781.jpg" width="1920" height="1080">
    <box label="car" occluded="0" xtl="1530.95" ytl="200.55" xbr="1893.20" ybr="406.55" z_order="1">
    </box>
    <box label="car" occluded="0" xtl="980.80" ytl="226.50" xbr="1510.80" ybr="587.60" z_order="2">
    </box>
    <box label="pole" occluded="1" xtl="650.05" ytl="0.00" xbr="735.74" ybr="619.13" z_order="4">
    </box>
    <box label="pole" occluded="1" xtl="643.50" ytl="0.00" xbr="709.40" ybr="653.70" z_order="3">
    </box>
  </image>
  <image id="72" name="MP_SEL_009782.jpg" width="1920" height="1080">
    <box label="car" occluded="1" xtl="1233.40" ytl="377.18" xbr="1920.00" ybr="1080.00" z_order="1">
    </box>
    <box label="truck" occluded="1" xtl="1031.00" ytl="55.46" xbr="1591.80" ybr="630.50" z_order="3">
    </box>
    <box label="car" occluded="1" xtl="943.89" ytl="216.08" xbr="1133.50" ybr="361.25" z_order="2">
    </box>
  </image>
  <image id="73" name="MP_SEL_009783.jpg" width="1920" height="1080">
    <box label="truck" occluded="1" xtl="868.62" ytl="236.76" xbr="1065.33" ybr="413.64" z_order="6">
    </box>
    <box label="truck" occluded="1" xtl="1378.85" ytl="211.06" xbr="1704.51" ybr="416.70" z_order="1">
    </box>
    <box label="car" occluded="1" xtl="834.51" ytl="248.66" xbr="903.52" ybr="323.22" z_order="5">
    </box>
    <box label="car" occluded="1" xtl="1658.46" ytl="299.88" xbr="1920.00" ybr="490.67" z_order="2">
    </box>
    <box label="car" occluded="1" xtl="942.86" ytl="273.91" xbr="1201.76" ybr="488.08" z_order="4">
    </box>
    <box label="car" occluded="0" xtl="982.46" ytl="288.36" xbr="1797.90" ybr="801.50" z_order="3">
    </box>
  </image>
  <image id="74" name="MP_SEL_009784.jpg" width="1920" height="1080">
    <box label="truck" occluded="1" xtl="237.37" ytl="218.70" xbr="594.29" ybr="446.26" z_order="2">
    </box>
    <box label="truck" occluded="1" xtl="0.00" ytl="212.90" xbr="912.60" ybr="822.91" z_order="1">
    </box>
    <box label="pole" occluded="0" xtl="1023.00" ytl="35.04" xbr="1049.04" ybr="421.56" z_order="4">
    </box>
    <box label="truck" occluded="1" xtl="0.00" ytl="280.70" xbr="252.18" ybr="494.00" z_order="3">
    </box>
  </image>
  <image id="75" name="MP_SEL_009785.jpg" width="1920" height="1080">
    <box label="truck" occluded="1" xtl="1040.20" ytl="342.18" xbr="1471.93" ybr="743.09" z_order="4">
    </box>
    <box label="car" occluded="1" xtl="1216.00" ytl="442.40" xbr="1920.00" ybr="1080.00" z_order="1">
    </box>
    <box label="car" occluded="1" xtl="968.22" ytl="377.59" xbr="1068.73" ybr="473.53" z_order="3">
    </box>
    <box label="car" occluded="1" xtl="1442.67" ytl="404.81" xbr="1802.87" ybr="556.10" z_order="2">
    </box>
  </image>
  <image id="76" name="MP_SEL_009786.jpg" width="1920" height="1080">
    <box label="car" occluded="0" xtl="886.78" ytl="348.23" xbr="1091.24" ybr="551.54" z_order="2">
    </box>
    <box label="car" occluded="1" xtl="1635.80" ytl="304.11" xbr="1884.78" ybr="405.46" z_order="4">
    </box>
    <box label="car" occluded="0" xtl="1517.28" ytl="368.79" xbr="1871.36" ybr="553.83" z_order="3">
    </box>
    <box label="truck" occluded="0" xtl="1124.70" ytl="298.84" xbr="1202.70" ybr="388.10" z_order="1">
    </box>
  </image>
  <image id="77" name="MP_SEL_009787.jpg" width="1920" height="1080">
    <box label="car" occluded="0" xtl="798.38" ytl="319.45" xbr="953.71" ybr="435.95" z_order="2">
    </box>
    <box label="truck" occluded="1" xtl="413.64" ytl="262.11" xbr="594.49" ybr="386.80" z_order="5">
    </box>
    <box label="car" occluded="1" xtl="0.00" ytl="317.16" xbr="814.90" ybr="1080.00" z_order="1">
    </box>
    <box label="truck" occluded="1" xtl="857.20" ytl="273.53" xbr="967.61" ybr="381.09" z_order="4">
    </box>
    <box label="car" occluded="1" xtl="544.04" ytl="303.99" xbr="659.22" ybr="380.14" z_order="3">
    </box>
  </image>
  <image id="78" name="MP_SEL_009788.jpg" width="1920" height="1080">
    <box label="pole" occluded="1" xtl="1224.29" ytl="0.00" xbr="1354.55" ybr="653.48" z_order="3">
    </box>
    <box label="person" occluded="0" xtl="603.74" ytl="209.82" xbr="689.01" ybr="448.60" z_order="2">
    </box>
    <box label="car" occluded="1" xtl="921.20" ytl="0.00" xbr="1920.00" ybr="586.50" z_order="1">
    </box>
  </image>
  <image id="79" name="MP_SEL_009789.jpg" width="1920" height="1080">
    <box label="car" occluded="1" xtl="0.00" ytl="180.10" xbr="588.40" ybr="452.80" z_order="2">
    </box>
    <box label="truck" occluded="1" xtl="1199.94" ytl="168.05" xbr="1390.46" ybr="281.84" z_order="3">
    </box>
    <box label="car" occluded="1" xtl="915.02" ytl="218.29" xbr="1535.10" ybr="639.00" z_order="1">
    </box>
  </image>
  <image id="80" name="MP_SEL_009790.jpg" width="1920" height="1080">
    <box label="movable_signage" occluded="0" xtl="1054.73" ytl="434.20" xbr="1079.90" ybr="529.10" z_order="3">
    </box>
    <box label="pole" occluded="1" xtl="615.70" ytl="0.00" xbr="648.81" ybr="648.81" z_order="10">
    </box>
    <box label="tree_trunk" occluded="1" xtl="864.02" ytl="409.04" xbr="883.06" ybr="570.85" z_order="8">
    </box>
    <box label="truck" occluded="1" xtl="642.69" ytl="419.16" xbr="993.35" ybr="550.63" z_order="1">
    </box>
    <box label="carrier" occluded="1" xtl="790.77" ytl="522.01" xbr="847.00" ybr="606.55" z_order="17">
    </box>
    <box label="pole" occluded="1" xtl="732.42" ytl="0.00" xbr="802.33" ybr="641.40" z_order="11">
    </box>
    <box label="bollard" occluded="0" xtl="801.95" ytl="600.79" xbr="827.84" ybr="707.10" z_order="12">
    </box>
    <box label="car" occluded="1" xtl="0.00" ytl="486.10" xbr="73.20" ybr="574.60" z_order="6">
    </box>
    <box label="pole" occluded="1" xtl="573.60" ytl="0.00" xbr="620.03" ybr="657.04" z_order="9">
    </box>
    <box label="car" occluded="0" xtl="31.66" ytl="457.82" xbr="186.33" ybr="527.62" z_order="5">
    </box>
    <box label="car" occluded="0" xtl="262.40" ytl="409.60" xbr="721.05" ybr="798.08" z_order="4">
    </box>
    <box label="tree_trunk" occluded="0" xtl="248.04" ytl="410.18" xbr="264.56" ybr="537.09" z_order="7">
    </box>
    <box label="bollard" occluded="0" xtl="964.45" ytl="584.26" xbr="991.44" ybr="706.00" z_order="13">
    </box>
  </image>
  <image id="81" name="MP_SEL_009791.jpg" width="1920" height="1080">
    <box label="car" occluded="0" xtl="984.80" ytl="510.80" xbr="1059.00" ybr="579.00" z_order="8">
    </box>
    <box label="car" occluded="1" xtl="864.31" ytl="508.85" xbr="952.44" ybr="549.10" z_order="11">
    </box>
    <box label="movable_signage" occluded="0" xtl="916.64" ytl="531.44" xbr="937.57" ybr="565.59" z_order="12">
    </box>
    <box label="car" occluded="1" xtl="1142.80" ytl="524.05" xbr="1316.93" ybr="666.30" z_order="3">
    </box>
    <box label="car" occluded="1" xtl="961.30" ytl="498.60" xbr="1015.00" ybr="545.88" z_order="7">
    </box>
    <box label="car" occluded="1" xtl="1086.70" ytl="518.80" xbr="1153.17" ybr="574.30" z_order="5">
    </box>
    <box label="car" occluded="1" xtl="1071.10" ytl="505.49" xbr="1110.48" ybr="533.20" z_order="6">
    </box>
    <box label="car" occluded="1" xtl="672.78" ytl="520.90" xbr="874.10" ybr="663.70" z_order="9">
    </box>
    <box label="car" occluded="0" xtl="285.10" ytl="495.40" xbr="754.48" ybr="812.70" z_order="10">
    </box>
    <box label="car" occluded="1" xtl="1197.20" ytl="482.45" xbr="1590.04" ybr="783.50" z_order="2">
    </box>
    <box label="car" occluded="1" xtl="1248.60" ytl="555.40" xbr="1920.00" ybr="1080.00" z_order="1">
    </box>
    <box label="car" occluded="1" xtl="1097.06" ytl="523.10" xbr="1198.91" ybr="604.96" z_order="4">
    </box>
  </image>
  <image id="82" name="MP_SEL_009792.jpg" width="1920" height="1080">
    <box label="potted_plant" occluded="1" xtl="413.04" ytl="712.38" xbr="544.62" ybr="1070.95" z_order="12">
    </box>
    <box label="potted_plant" occluded="1" xtl="1266.47" ytl="605.20" xbr="1370.58" ybr="725.83" z_order="9">
    </box>
    <box label="potted_plant" occluded="1" xtl="589.80" ytl="598.11" xbr="677.50" ybr="757.10" z_order="4">
    </box>
    <box label="potted_plant" occluded="0" xtl="665.50" ytl="595.25" xbr="740.69" ybr="767.54" z_order="3">
    </box>
    <box label="potted_plant" occluded="1" xtl="280.93" ytl="737.91" xbr="585.22" ybr="1080.00" z_order="2">
    </box>
    <box label="potted_plant" occluded="0" xtl="845.90" ytl="550.60" xbr="906.50" ybr="644.30" z_order="6">
    </box>
    <box label="pole" occluded="1" xtl="1223.25" ytl="0.00" xbr="1272.60" ybr="700.71" z_order="11">
    </box>
    <box label="potted_plant" occluded="0" xtl="1185.10" ytl="599.14" xbr="1268.67" ybr="711.51" z_order="10">
    </box>
    <box label="potted_plant" occluded="0" xtl="1313.30" ytl="471.70" xbr="1398.00" ybr="734.09" z_order="8">
    </box>
  </image>
  <image id="83" name="MP_SEL_009793.jpg" width="1920" height="1080">
    <box label="car" occluded="1" xtl="1583.10" ytl="579.32" xbr="1920.00" ybr="1007.61" z_order="2">
    </box>
    <box label="car" occluded="0" xtl="582.90" ytl="542.05" xbr="889.10" ybr="772.70" z_order="5">
    </box>
    <box label="truck" occluded="1" xtl="957.63" ytl="517.44" xbr="1028.30" ybr="576.30" z_order="8">
    </box>
    <box label="car" occluded="1" xtl="811.22" ytl="507.98" xbr="964.60" ybr="660.20" z_order="6">
    </box>
    <box label="car" occluded="1" xtl="1417.50" ytl="517.77" xbr="1803.99" ybr="651.70" z_order="3">
    </box>
    <box label="car" occluded="1" xtl="905.49" ytl="532.80" xbr="981.10" ybr="596.70" z_order="7">
    </box>
    <box label="pole" occluded="1" xtl="1287.26" ytl="0.00" xbr="1324.00" ybr="628.20" z_order="1">
    </box>
  </image>
  <image id="84" name="MP_SEL_009794.jpg" width="1920" height="1080">
    <box label="car" occluded="1" xtl="949.94" ytl="548.42" xbr="999.34" ybr="589.06" z_order="7">
    </box>
    <box label="potted_plant" occluded="1" xtl="363.45" ytl="682.44" xbr="411.70" ybr="757.80" z_order="20">
    </box>
    <box label="truck" occluded="0" xtl="994.47" ytl="528.80" xbr="1078.30" ybr="608.90" z_order="1">
    </box>
    <box label="potted_plant" occluded="0" xtl="458.54" ytl="673.57" xbr="533.10" ybr="779.07" z_order="18">
    </box>
    <box label="potted_plant" occluded="0" xtl="379.97" ytl="702.27" xbr="434.83" ybr="771.02" z_order="19">
    </box>
    <box label="potted_plant" occluded="1" xtl="585.14" ytl="677.90" xbr="642.43" ybr="835.44" z_order="16">
    </box>
    <box label="car" occluded="1" xtl="930.54" ytl="535.14" xbr="972.25" ybr="573.92" z_order="8">
    </box>
    <box label="car" occluded="1" xtl="974.29" ytl="537.02" xbr="1042.22" ybr="596.69" z_order="6">
    </box>
    <box label="car" occluded="0" xtl="750.10" ytl="550.40" xbr="928.40" ybr="701.70" z_order="10">
    </box>
    <box label="potted_plant" occluded="0" xtl="519.04" ytl="669.09" xbr="618.75" ybr="846.46" z_order="17">
    </box>
    <box label="person" occluded="0" xtl="1139.46" ytl="549.12" xbr="1175.81" ybr="654.88" z_order="3">
    </box>
    <box label="movable_signage" occluded="0" xtl="1108.20" ytl="560.68" xbr="1143.16" ybr="635.20" z_order="4">
    </box>
    <box label="car" occluded="1" xtl="1470.90" ytl="528.50" xbr="1920.00" ybr="871.13" z_order="5">
    </box>
    <box label="potted_plant" occluded="1" xtl="618.75" ytl="779.26" xbr="680.44" ybr="856.37" z_order="15">
    </box>
    <box label="potted_plant" occluded="1" xtl="563.46" ytl="438.90" xbr="724.60" ybr="770.01" z_order="22">
    </box>
  </image>
  <image id="85" name="MP_SEL_009795.jpg" width="1920" height="1080">
    <box label="car" occluded="0" xtl="902.59" ytl="562.01" xbr="954.92" ybr="601.67" z_order="2">
    </box>
    <box label="car" occluded="1" xtl="0.00" ytl="427.60" xbr="759.00" ybr="1080.00" z_order="1">
    </box>
  </image>
  <image id="86" name="MP_SEL_009796.jpg" width="1920" height="1080">
    <box label="car" occluded="1" xtl="719.44" ytl="516.40" xbr="932.20" ybr="608.70" z_order="6">
    </box>
    <box label="chair" occluded="1" xtl="827.60" ytl="590.37" xbr="884.44" ybr="653.16" z_order="16">
    </box>
    <box label="pole" occluded="1" xtl="1396.78" ytl="246.12" xbr="1431.04" ybr="726.99" z_order="15">
    </box>
    <box label="car" occluded="1" xtl="1235.17" ytl="534.31" xbr="1498.25" ybr="669.16" z_order="3">
    </box>
    <box label="person" occluded="0" xtl="1223.72" ytl="553.53" xbr="1296.98" ybr="747.42" z_order="10">
    </box>
    <box label="car" occluded="1" xtl="1082.99" ytl="534.63" xbr="1136.69" ybr="579.62" z_order="4">
    </box>
    <box label="car" occluded="1" xtl="1250.88" ytl="559.84" xbr="1497.40" ybr="715.95" z_order="2">
    </box>
    <box label="movable_signage" occluded="0" xtl="1106.76" ytl="521.72" xbr="1136.72" ybr="584.52" z_order="8">
    </box>
    <box label="person" occluded="1" xtl="1206.47" ytl="545.73" xbr="1248.55" ybr="665.26" z_order="11">
    </box>
    <box label="movable_signage" occluded="0" xtl="1145.33" ytl="544.04" xbr="1170.19" ybr="594.40" z_order="7">
    </box>
    <box label="car" occluded="0" xtl="1350.89" ytl="534.50" xbr="1843.60" ybr="837.40" z_order="1">
    </box>
    <box label="person" occluded="0" xtl="925.20" ytl="526.00" xbr="989.30" ybr="677.50" z_order="13">
    </box>
    <box label="person" occluded="0" xtl="679.92" ytl="533.65" xbr="842.52" ybr="959.40" z_order="14">
    </box>
  </image>
  <image id="87" name="MP_SEL_009797.jpg" width="1920" height="1080">
    <box label="car" occluded="1" xtl="425.39" ytl="520.82" xbr="811.47" ybr="657.65" z_order="11">
    </box>
    <box label="car" occluded="1" xtl="1134.17" ytl="499.48" xbr="1226.05" ybr="590.04" z_order="4">
    </box>
    <box label="car" occluded="1" xtl="1096.80" ytl="524.90" xbr="1155.98" ybr="574.80" z_order="5">
    </box>
    <box label="truck" occluded="1" xtl="1159.10" ytl="435.16" xbr="1378.54" ybr="660.20" z_order="13">
    </box>
    <box label="car" occluded="1" xtl="810.05" ytl="522.65" xbr="975.35" ybr="573.19" z_order="8">
    </box>
    <box label="car" occluded="0" xtl="1302.40" ytl="450.90" xbr="1887.25" ybr="917.49" z_order="3">
    </box>
    <box label="car" occluded="1" xtl="513.98" ytl="525.87" xbr="886.75" ybr="639.75" z_order="10">
    </box>
    <box label="car" occluded="1" xtl="0.00" ytl="427.30" xbr="687.50" ybr="937.40" z_order="12">
    </box>
    <box label="car" occluded="1" xtl="707.69" ytl="523.57" xbr="933.57" ybr="597.52" z_order="9">
    </box>
    <box label="car" occluded="1" xtl="841.26" ytl="524.49" xbr="991.41" ybr="567.68" z_order="7">
    </box>
    <box label="pole" occluded="1" xtl="416.36" ytl="0.00" xbr="550.90" ybr="1080.00" z_order="1">
    </box>
    <box label="pole" occluded="1" xtl="944.33" ytl="0.00" xbr="978.59" ybr="617.84" z_order="2">
    </box>
  </image>
  <image id="88" name="MP_SEL_009798.jpg" width="1920" height="1080">
    <box label="car" occluded="1" xtl="1269.80" ytl="518.90" xbr="1920.00" ybr="953.60" z_order="2">
    </box>
    <box label="car" occluded="0" xtl="980.29" ytl="575.43" xbr="1062.91" ybr="642.85" z_order="3">
    </box>
    <box label="pole" occluded="1" xtl="807.00" ytl="352.80" xbr="829.80" ybr="659.40" z_order="8">
    </box>
    <box label="car" occluded="1" xtl="957.50" ytl="568.98" xbr="998.44" ybr="607.60" z_order="4">
    </box>
    <box label="bollard" occluded="0" xtl="212.13" ytl="718.44" xbr="287.51" ybr="833.58" z_order="1">
    </box>
    <box label="person" occluded="0" xtl="784.61" ytl="566.31" xbr="835.49" ybr="743.41" z_order="6">
    </box>
    <box label="pole" occluded="1" xtl="1166.10" ytl="0.00" xbr="1222.29" ybr="724.75" z_order="7">
    </box>
  </image>
  <image id="89" name="MP_SEL_009799.jpg" width="1920" height="1080">
    <box label="car" occluded="1" xtl="870.23" ytl="613.78" xbr="967.40" ybr="682.60" z_order="3">
    </box>
    <box label="truck" occluded="1" xtl="915.24" ytl="590.83" xbr="982.00" ybr="666.40" z_order="4">
    </box>
    <box label="bollard" occluded="0" xtl="697.96" ytl="725.30" xbr="753.04" ybr="826.08" z_order="1">
    </box>
    <box label="car" occluded="0" xtl="747.00" ytl="617.31" xbr="925.00" ybr="738.40" z_order="2">
    </box>
  </image>
  <image id="90" name="MP_SEL_009800.jpg" width="1920" height="1080">
    <box label="tree_trunk" occluded="1" xtl="884.04" ytl="154.63" xbr="943.43" ybr="608.08" z_order="2">
    </box>
    <box label="car" occluded="1" xtl="971.68" ytl="500.84" xbr="1027.40" ybr="547.90" z_order="1">
    </box>
  </image>
</annotations>